logged_at,strategy,direction,requested_risk_percent,approved,rejection_reason,final_risk_percent,final_lot_estimate,legacy_would_approve,legacy_risk_percent,risk_trimmed,risk_percent_saved
2026-07-17T00:45:53.107515+00:00,SMC,SELL,1.35,True,,0.75,0.07,True,1.35,True,0.6
2026-07-17T00:46:54.517975+00:00,MICRO,BUY,1.35,True,,0.75,0.07,True,1.35,True,0.6
2026-07-17T00:47:55.470239+00:00,MICRO,BUY,1.35,True,,0.75,0.07,True,1.35,True,0.6
2026-07-17T00:48:56.909072+00:00,MICRO,BUY,1.35,True,,0.75,0.07,True,1.35,True,0.6
2026-07-17T00:49:57.825445+00:00,SMC,SELL,1.35,False,PER_STRATEGY_MAX_OPEN_HIT,0.0,0.0,True,1.35,False,1.35
2026-07-17T00:50:58.365866+00:00,SMC,SELL,1.35,False,PER_STRATEGY_MAX_OPEN_HIT,0.0,0.0,True,1.35,False,1.35
2026-07-17T00:51:58.763066+00:00,SMC,SELL,1.35,False,PER_STRATEGY_MAX_OPEN_HIT,0.0,0.0,True,1.35,False,1.35
2026-07-17T00:52:59.233282+00:00,SMC,SELL,1.35,False,PER_STRATEGY_MAX_OPEN_HIT,0.0,0.0,True,1.35,False,1.35
2026-07-17T00:53:59.670678+00:00,SMC,SELL,1.35,False,PER_STRATEGY_MAX_OPEN_HIT,0.0,0.0,True,1.35,False,1.35
2026-07-17T00:55:00.171642+00:00,SMC,SELL,1.35,False,PER_STRATEGY_MAX_OPEN_HIT,0.0,0.0,True,1.35,False,1.35
2026-07-17T00:56:00.663254+00:00,SMC,SELL,1.35,False,PER_STRATEGY_MAX_OPEN_HIT,0.0,0.0,True,1.35,False,1.35
2026-07-17T00:57:01.105992+00:00,SMC,SELL,1.35,False,PER_STRATEGY_MAX_OPEN_HIT,0.0,0.0,True,1.35,False,1.35
2026-07-17T00:58:01.530528+00:00,SMC,SELL,1.35,False,PER_STRATEGY_MAX_OPEN_HIT,0.0,0.0,True,1.35,False,1.35
2026-07-17T00:59:01.966538+00:00,SMC,SELL,1.35,False,PER_STRATEGY_MAX_OPEN_HIT,0.0,0.0,True,1.35,False,1.35
2026-07-17T01:00:02.411489+00:00,SMC,SELL,1.5,False,PER_STRATEGY_MAX_OPEN_HIT,0.0,0.0,True,1.5,False,1.5
2026-07-17T01:01:02.897057+00:00,SMC,SELL,1.35,False,PER_STRATEGY_MAX_OPEN_HIT,0.0,0.0,True,1.35,False,1.35
2026-07-17T01:02:03.338512+00:00,SMC,SELL,1.35,False,PER_STRATEGY_MAX_OPEN_HIT,0.0,0.0,True,1.35,False,1.35
2026-07-17T01:03:03.800280+00:00,SMC,SELL,1.35,False,PER_STRATEGY_MAX_OPEN_HIT,0.0,0.0,True,1.35,False,1.35
2026-07-17T01:04:05.089837+00:00,SMC,SELL,1.35,False,PER_STRATEGY_MAX_OPEN_HIT,0.0,0.0,True,1.35,False,1.35
2026-07-17T01:05:05.510311+00:00,SMC,SELL,1.5,False,PER_STRATEGY_MAX_OPEN_HIT,0.0,0.0,True,1.5,False,1.5
2026-07-17T01:07:06.729520+00:00,SMC,SELL,1.5,True,,0.75,0.07,True,1.5,True,0.75
2026-07-17T01:11:10.252619+00:00,SMC,SELL,1.35,False,PER_STRATEGY_MAX_OPEN_HIT,0.0,0.0,True,1.35,False,1.35
2026-07-17T01:18:13.980751+00:00,MICRO,BUY,1.35,True,,0.75,0.07,True,1.35,True,0.6
2026-07-17T01:23:52.490673+00:00,SMC,SELL,1.35,True,,0.75,0.07,True,1.35,True,0.6
2026-07-17T01:24:53.183086+00:00,SMC,SELL,1.35,True,,0.75,0.07,True,1.35,True,0.6
2026-07-17T01:25:53.856630+00:00,SMC,SELL,1.35,True,,0.75,0.07,True,1.35,True,0.6
2026-07-17T01:26:54.592476+00:00,SMC,SELL,1.35,True,,0.75,0.07,True,1.35,True,0.6
2026-07-17T01:27:55.232322+00:00,SMC,SELL,1.5,True,,0.75,0.07,True,1.5,True,0.75
2026-07-17T01:27:55.264739+00:00,MICRO,SELL,1.35,True,,0.75,0.07,True,1.35,True,0.6
2026-07-17T01:29:56.685932+00:00,SMC,SELL,1.35,True,,0.75,0.07,True,1.35,True,0.6
2026-07-17T01:30:57.322112+00:00,SMC,SELL,1.35,True,,0.75,0.07,True,1.35,True,0.6
2026-07-17T01:31:58.075312+00:00,SMC,SELL,1.35,True,,0.75,0.07,True,1.35,True,0.6
2026-07-17T01:32:58.737894+00:00,SMC,SELL,1.5,True,,0.75,0.07,True,1.5,True,0.75
2026-07-17T01:33:59.373474+00:00,SMC,SELL,1.5,True,,0.75,0.07,True,1.5,True,0.75
2026-07-17T01:36:00.850423+00:00,SMC,SELL,1.35,True,,0.75,0.07,True,1.35,True,0.6
2026-07-17T01:37:01.548939+00:00,SMC,SELL,1.35,True,,0.75,0.07,True,1.35,True,0.6
2026-07-17T01:38:02.241661+00:00,MICRO,BUY,1.35,False,PER_STRATEGY_MAX_OPEN_HIT,0.0,0.0,True,1.35,False,1.35
2026-07-17T01:39:02.873422+00:00,SMC,SELL,1.35,True,,0.75,0.07,True,1.35,True,0.6
2026-07-17T01:40:03.614378+00:00,SMC,SELL,1.35,True,,0.75,0.07,True,1.35,True,0.6
2026-07-17T01:41:04.228900+00:00,SMC,SELL,1.35,True,,0.75,0.07,True,1.35,True,0.6
2026-07-17T01:42:04.890310+00:00,SMC,SELL,1.35,True,,0.75,0.07,True,1.35,True,0.6
2026-07-17T01:42:04.925327+00:00,MICRO,SELL,1.35,False,PER_STRATEGY_MAX_OPEN_HIT,0.0,0.0,True,1.35,False,1.35
2026-07-17T01:43:05.588259+00:00,SMC,SELL,1.35,True,,0.75,0.07,True,1.35,True,0.6
2026-07-17T01:44:06.267706+00:00,SMC,SELL,1.5,True,,0.75,0.07,True,1.5,True,0.75
2026-07-17T01:45:06.968393+00:00,SMC,SELL,1.35,True,,0.75,0.07,True,1.35,True,0.6
2026-07-17T01:46:07.605907+00:00,SMC,SELL,1.35,True,,0.75,0.07,True,1.35,True,0.6
2026-07-17T01:47:08.329446+00:00,SMC,SELL,1.5,True,,0.75,0.07,True,1.5,True,0.75
2026-07-17T01:47:08.366945+00:00,MICRO,SELL,1.35,False,PER_STRATEGY_MAX_OPEN_HIT,0.0,0.0,True,1.35,False,1.35
2026-07-17T01:51:09.390459+00:00,SMC,SELL,1.5,True,,0.75,0.07,True,1.5,True,0.75
2026-07-17T01:52:10.046606+00:00,SMC,SELL,1.5,True,,0.75,0.07,True,1.5,True,0.75
2026-07-17T01:52:10.078937+00:00,MICRO,SELL,1.35,False,PER_STRATEGY_MAX_OPEN_HIT,0.0,0.0,True,1.35,False,1.35
2026-07-17T01:53:10.772232+00:00,SMC,SELL,1.35,True,,0.75,0.07,True,1.35,True,0.6
2026-07-17T01:54:11.504264+00:00,SMC,SELL,1.35,True,,0.75,0.07,True,1.35,True,0.6
2026-07-17T01:58:15.132660+00:00,SMC,SELL,1.35,False,PER_STRATEGY_MAX_OPEN_HIT,0.0,0.0,True,1.35,False,1.35
2026-07-17T01:59:15.591716+00:00,SMC,SELL,1.35,False,PER_STRATEGY_MAX_OPEN_HIT,0.0,0.0,True,1.35,False,1.35
2026-07-17T02:00:16.088905+00:00,SMC,SELL,1.35,False,PER_STRATEGY_MAX_OPEN_HIT,0.0,0.0,True,1.35,False,1.35
2026-07-17T02:04:16.664333+00:00,SMC,SELL,1.35,False,PER_STRATEGY_MAX_OPEN_HIT,0.0,0.0,True,1.35,False,1.35
2026-07-17T02:05:17.093658+00:00,SMC,SELL,1.35,False,PER_STRATEGY_MAX_OPEN_HIT,0.0,0.0,True,1.35,False,1.35
2026-07-17T02:06:17.538217+00:00,SMC,SELL,1.35,False,PER_STRATEGY_MAX_OPEN_HIT,0.0,0.0,True,1.35,False,1.35
2026-07-17T02:07:18.051487+00:00,SMC,SELL,1.35,False,PER_STRATEGY_MAX_OPEN_HIT,0.0,0.0,True,1.35,False,1.35
2026-07-17T02:08:18.504130+00:00,SMC,SELL,1.35,False,PER_STRATEGY_MAX_OPEN_HIT,0.0,0.0,True,1.35,False,1.35
2026-07-17T02:09:18.927925+00:00,SMC,SELL,1.35,True,,0.75,0.07,True,1.35,True,0.6
2026-07-17T02:13:21.675058+00:00,SMC,SELL,1.35,False,PER_STRATEGY_MAX_OPEN_HIT,0.0,0.0,True,1.35,False,1.35
2026-07-17T02:14:22.142099+00:00,SMC,SELL,1.35,False,PER_STRATEGY_MAX_OPEN_HIT,0.0,0.0,True,1.35,False,1.35
2026-07-17T02:15:22.466112+00:00,SMC,SELL,1.35,False,PER_STRATEGY_MAX_OPEN_HIT,0.0,0.0,True,1.35,False,1.35
2026-07-17T02:16:22.907208+00:00,SMC,SELL,1.35,False,PER_STRATEGY_MAX_OPEN_HIT,0.0,0.0,True,1.35,False,1.35
2026-07-17T02:17:23.415636+00:00,SMC,SELL,1.35,False,PER_STRATEGY_MAX_OPEN_HIT,0.0,0.0,True,1.35,False,1.35
2026-07-17T02:18:23.816735+00:00,SMC,SELL,1.35,False,PER_STRATEGY_MAX_OPEN_HIT,0.0,0.0,True,1.35,False,1.35
2026-07-17T02:19:24.270509+00:00,SMC,SELL,1.35,False,PER_STRATEGY_MAX_OPEN_HIT,0.0,0.0,True,1.35,False,1.35
2026-07-17T02:20:24.841535+00:00,SMC,SELL,1.35,False,PER_STRATEGY_MAX_OPEN_HIT,0.0,0.0,True,1.35,False,1.35
2026-07-17T02:21:25.232796+00:00,SMC,SELL,1.35,False,PER_STRATEGY_MAX_OPEN_HIT,0.0,0.0,True,1.35,False,1.35
2026-07-17T02:22:25.791101+00:00,SMC,SELL,1.35,False,PER_STRATEGY_MAX_OPEN_HIT,0.0,0.0,True,1.35,False,1.35
2026-07-17T02:23:26.175488+00:00,SMC,SELL,1.35,False,PER_STRATEGY_MAX_OPEN_HIT,0.0,0.0,True,1.35,False,1.35
2026-07-17T02:24:26.634711+00:00,SMC,SELL,1.35,False,PER_STRATEGY_MAX_OPEN_HIT,0.0,0.0,True,1.35,False,1.35
2026-07-17T02:25:27.001889+00:00,SMC,SELL,1.35,False,PER_STRATEGY_MAX_OPEN_HIT,0.0,0.0,True,1.35,False,1.35
2026-07-17T02:26:27.421966+00:00,SMC,SELL,1.35,False,PER_STRATEGY_MAX_OPEN_HIT,0.0,0.0,True,1.35,False,1.35
2026-07-17T02:27:27.861290+00:00,SMC,SELL,1.35,False,PER_STRATEGY_MAX_OPEN_HIT,0.0,0.0,True,1.35,False,1.35
2026-07-17T02:28:28.268825+00:00,SMC,SELL,1.5,False,PER_STRATEGY_MAX_OPEN_HIT,0.0,0.0,True,1.5,False,1.5
2026-07-17T02:29:28.721030+00:00,SMC,SELL,1.35,False,PER_STRATEGY_MAX_OPEN_HIT,0.0,0.0,True,1.35,False,1.35
2026-07-17T02:30:29.164027+00:00,SMC,SELL,1.35,False,PER_STRATEGY_MAX_OPEN_HIT,0.0,0.0,True,1.35,False,1.35
2026-07-17T02:31:29.596955+00:00,SMC,SELL,1.35,False,PER_STRATEGY_MAX_OPEN_HIT,0.0,0.0,True,1.35,False,1.35
2026-07-17T02:32:30.198724+00:00,SMC,SELL,1.5,False,PER_STRATEGY_MAX_OPEN_HIT,0.0,0.0,True,1.5,False,1.5
2026-07-17T02:33:30.578183+00:00,SMC,SELL,1.35,False,PER_STRATEGY_MAX_OPEN_HIT,0.0,0.0,True,1.35,False,1.35
2026-07-17T02:34:31.547586+00:00,SMC,SELL,1.35,False,PER_STRATEGY_MAX_OPEN_HIT,0.0,0.0,True,1.35,False,1.35
2026-07-17T02:35:31.948624+00:00,SMC,SELL,1.35,False,PER_STRATEGY_MAX_OPEN_HIT,0.0,0.0,True,1.35,False,1.35
2026-07-17T02:36:32.563805+00:00,SMC,SELL,1.35,False,PER_STRATEGY_MAX_OPEN_HIT,0.0,0.0,True,1.35,False,1.35
2026-07-17T02:37:32.997933+00:00,SMC,SELL,1.35,False,PER_STRATEGY_MAX_OPEN_HIT,0.0,0.0,True,1.35,False,1.35
2026-07-17T02:38:33.404770+00:00,SMC,SELL,1.35,False,PER_STRATEGY_MAX_OPEN_HIT,0.0,0.0,True,1.35,False,1.35
2026-07-17T02:39:34.007919+00:00,SMC,SELL,1.5,False,PER_STRATEGY_MAX_OPEN_HIT,0.0,0.0,True,1.5,False,1.5
2026-07-17T02:40:34.608191+00:00,SMC,SELL,1.35,False,PER_STRATEGY_MAX_OPEN_HIT,0.0,0.0,True,1.35,False,1.35
2026-07-17T02:41:35.020718+00:00,SMC,SELL,1.5,False,PER_STRATEGY_MAX_OPEN_HIT,0.0,0.0,True,1.5,False,1.5
2026-07-17T02:42:35.449156+00:00,SMC,SELL,1.35,False,PER_STRATEGY_MAX_OPEN_HIT,0.0,0.0,True,1.35,False,1.35
2026-07-17T02:43:35.877912+00:00,SMC,SELL,1.35,False,PER_STRATEGY_MAX_OPEN_HIT,0.0,0.0,True,1.35,False,1.35
2026-07-17T02:44:36.297770+00:00,SMC,SELL,1.35,False,PER_STRATEGY_MAX_OPEN_HIT,0.0,0.0,True,1.35,False,1.35
2026-07-17T02:46:37.242959+00:00,SMC,SELL,1.35,False,PER_STRATEGY_MAX_OPEN_HIT,0.0,0.0,True,1.35,False,1.35
2026-07-17T02:47:37.627382+00:00,SMC,SELL,1.35,False,PER_STRATEGY_MAX_OPEN_HIT,0.0,0.0,True,1.35,False,1.35
2026-07-17T02:48:38.066609+00:00,SMC,SELL,1.5,False,PER_STRATEGY_MAX_OPEN_HIT,0.0,0.0,True,1.5,False,1.5
2026-07-17T02:49:38.468973+00:00,SMC,SELL,1.35,False,PER_STRATEGY_MAX_OPEN_HIT,0.0,0.0,True,1.35,False,1.35
2026-07-17T02:50:38.891174+00:00,SMC,SELL,1.35,False,PER_STRATEGY_MAX_OPEN_HIT,0.0,0.0,True,1.35,False,1.35
2026-07-17T02:51:39.300337+00:00,SMC,SELL,1.5,False,PER_STRATEGY_MAX_OPEN_HIT,0.0,0.0,True,1.5,False,1.5
2026-07-17T02:52:39.757152+00:00,SMC,SELL,1.35,False,PER_STRATEGY_MAX_OPEN_HIT,0.0,0.0,True,1.35,False,1.35
2026-07-17T02:53:40.473140+00:00,SMC,SELL,1.35,False,PER_STRATEGY_MAX_OPEN_HIT,0.0,0.0,True,1.35,False,1.35
2026-07-17T02:54:40.936061+00:00,SMC,SELL,1.35,False,PER_STRATEGY_MAX_OPEN_HIT,0.0,0.0,True,1.35,False,1.35
2026-07-17T02:55:41.354150+00:00,SMC,SELL,1.35,False,PER_STRATEGY_MAX_OPEN_HIT,0.0,0.0,True,1.35,False,1.35
2026-07-17T02:56:41.758597+00:00,SMC,SELL,1.35,False,PER_STRATEGY_MAX_OPEN_HIT,0.0,0.0,True,1.35,False,1.35
2026-07-17T02:57:42.252046+00:00,SMC,SELL,1.35,False,PER_STRATEGY_MAX_OPEN_HIT,0.0,0.0,True,1.35,False,1.35
2026-07-17T02:58:42.693240+00:00,SMC,SELL,1.35,False,PER_STRATEGY_MAX_OPEN_HIT,0.0,0.0,True,1.35,False,1.35
2026-07-17T02:59:43.085424+00:00,SMC,SELL,1.5,False,PER_STRATEGY_MAX_OPEN_HIT,0.0,0.0,True,1.5,False,1.5
2026-07-17T03:00:43.496665+00:00,SMC,SELL,1.35,False,PER_STRATEGY_MAX_OPEN_HIT,0.0,0.0,True,1.35,False,1.35
2026-07-17T03:01:43.914182+00:00,SMC,SELL,1.35,False,PER_STRATEGY_MAX_OPEN_HIT,0.0,0.0,True,1.35,False,1.35
2026-07-17T03:03:44.356019+00:00,SMC,SELL,1.5,True,,0.75,0.07,True,1.5,True,0.75
2026-07-17T03:03:45.159969+00:00,MICRO,BUY,1.35,True,,0.75,0.07,True,1.35,True,0.6
2026-07-17T03:04:45.765739+00:00,MICRO,BUY,1.35,True,,0.75,0.07,True,1.35,True,0.6
2026-07-17T03:07:47.443039+00:00,SMC,SELL,1.5,False,PER_STRATEGY_MAX_OPEN_HIT,0.0,0.0,True,1.5,False,1.5
2026-07-17T03:08:47.827169+00:00,SMC,SELL,1.35,False,PER_STRATEGY_MAX_OPEN_HIT,0.0,0.0,True,1.35,False,1.35
2026-07-17T03:09:48.293165+00:00,SMC,SELL,1.35,False,PER_STRATEGY_MAX_OPEN_HIT,0.0,0.0,True,1.35,False,1.35
2026-07-17T03:10:48.635157+00:00,SMC,SELL,1.35,False,PER_STRATEGY_MAX_OPEN_HIT,0.0,0.0,True,1.35,False,1.35
2026-07-17T03:11:49.065001+00:00,SMC,SELL,1.5,False,PER_STRATEGY_MAX_OPEN_HIT,0.0,0.0,True,1.5,False,1.5
2026-07-17T03:12:49.519871+00:00,SMC,SELL,1.5,False,PER_STRATEGY_MAX_OPEN_HIT,0.0,0.0,True,1.5,False,1.5
2026-07-17T03:13:49.942595+00:00,SMC,SELL,1.5,False,PER_STRATEGY_MAX_OPEN_HIT,0.0,0.0,True,1.5,False,1.5
2026-07-17T03:14:50.400365+00:00,SMC,SELL,1.35,False,PER_STRATEGY_MAX_OPEN_HIT,0.0,0.0,True,1.35,False,1.35
2026-07-17T03:15:50.813323+00:00,SMC,SELL,1.35,False,PER_STRATEGY_MAX_OPEN_HIT,0.0,0.0,True,1.35,False,1.35
2026-07-17T03:16:51.188387+00:00,SMC,SELL,1.35,False,PER_STRATEGY_MAX_OPEN_HIT,0.0,0.0,True,1.35,False,1.35
2026-07-17T03:17:51.564063+00:00,SMC,SELL,1.35,False,PER_STRATEGY_MAX_OPEN_HIT,0.0,0.0,True,1.35,False,1.35
2026-07-17T03:28:58.203475+00:00,MICRO,SELL,1.35,True,,0.75,0.07,True,1.35,True,0.6
2026-07-17T03:34:01.855537+00:00,MICRO,SELL,1.35,False,PER_STRATEGY_MAX_OPEN_HIT,0.0,0.0,True,1.35,False,1.35
2026-07-17T03:42:06.373450+00:00,MICRO,SELL,1.35,False,PER_STRATEGY_MAX_OPEN_HIT,0.0,0.0,True,1.35,False,1.35
2026-07-17T03:43:06.909036+00:00,MICRO,SELL,1.35,False,PER_STRATEGY_MAX_OPEN_HIT,0.0,0.0,True,1.35,False,1.35
2026-07-17T03:45:08.288287+00:00,SMC,SELL,1.35,True,,0.75,0.07,True,1.35,True,0.6
2026-07-17T03:49:11.276280+00:00,SMC,SELL,1.35,False,PER_STRATEGY_MAX_OPEN_HIT,0.0,0.0,True,1.35,False,1.35
2026-07-17T03:50:11.709500+00:00,SMC,SELL,1.35,False,PER_STRATEGY_MAX_OPEN_HIT,0.0,0.0,True,1.35,False,1.35
2026-07-17T03:51:12.077419+00:00,SMC,SELL,1.5,False,PER_STRATEGY_MAX_OPEN_HIT,0.0,0.0,True,1.5,False,1.5
2026-07-17T03:52:12.471604+00:00,SMC,SELL,1.5,False,PER_STRATEGY_MAX_OPEN_HIT,0.0,0.0,True,1.5,False,1.5
2026-07-17T03:53:12.854342+00:00,SMC,SELL,1.35,False,PER_STRATEGY_MAX_OPEN_HIT,0.0,0.0,True,1.35,False,1.35
2026-07-17T03:54:13.570303+00:00,SMC,SELL,1.5,False,PER_STRATEGY_MAX_OPEN_HIT,0.0,0.0,True,1.5,False,1.5
2026-07-17T03:55:14.013155+00:00,SMC,SELL,1.5,False,PER_STRATEGY_MAX_OPEN_HIT,0.0,0.0,True,1.5,False,1.5
2026-07-17T03:56:14.471772+00:00,SMC,SELL,1.35,False,PER_STRATEGY_MAX_OPEN_HIT,0.0,0.0,True,1.35,False,1.35
2026-07-17T04:54:27.346264+00:00,SMC,SELL,1.35,False,PER_STRATEGY_MAX_OPEN_HIT,0.0,0.0,True,1.35,False,1.35
2026-07-17T04:55:27.917427+00:00,SMC,SELL,1.35,False,PER_STRATEGY_MAX_OPEN_HIT,0.0,0.0,True,1.35,False,1.35
2026-07-17T04:56:28.313206+00:00,SMC,SELL,1.35,False,PER_STRATEGY_MAX_OPEN_HIT,0.0,0.0,True,1.35,False,1.35
2026-07-17T04:57:28.714899+00:00,SMC,SELL,1.35,False,PER_STRATEGY_MAX_OPEN_HIT,0.0,0.0,True,1.35,False,1.35
2026-07-17T04:58:29.179852+00:00,SMC,SELL,1.35,False,PER_STRATEGY_MAX_OPEN_HIT,0.0,0.0,True,1.35,False,1.35
2026-07-17T04:59:29.573017+00:00,SMC,SELL,1.35,False,PER_STRATEGY_MAX_OPEN_HIT,0.0,0.0,True,1.35,False,1.35
2026-07-17T05:00:29.933959+00:00,SMC,SELL,1.5,False,PER_STRATEGY_MAX_OPEN_HIT,0.0,0.0,True,1.5,False,1.5
2026-07-17T05:01:30.331892+00:00,SMC,SELL,1.5,False,PER_STRATEGY_MAX_OPEN_HIT,0.0,0.0,True,1.5,False,1.5
2026-07-17T05:02:30.865142+00:00,SMC,SELL,1.5,False,PER_STRATEGY_MAX_OPEN_HIT,0.0,0.0,True,1.5,False,1.5
2026-07-17T05:03:31.249227+00:00,SMC,SELL,1.5,False,PER_STRATEGY_MAX_OPEN_HIT,0.0,0.0,True,1.5,False,1.5
2026-07-17T05:04:31.632535+00:00,SMC,SELL,1.5,False,PER_STRATEGY_MAX_OPEN_HIT,0.0,0.0,True,1.5,False,1.5
2026-07-17T05:05:32.037490+00:00,SMC,SELL,1.5,False,PER_STRATEGY_MAX_OPEN_HIT,0.0,0.0,True,1.5,False,1.5
2026-07-17T05:06:32.632187+00:00,SMC,SELL,1.5,False,PER_STRATEGY_MAX_OPEN_HIT,0.0,0.0,True,1.5,False,1.5
2026-07-17T05:07:33.411035+00:00,SMC,SELL,1.5,False,PER_STRATEGY_MAX_OPEN_HIT,0.0,0.0,True,1.5,False,1.5
2026-07-17T05:08:33.924525+00:00,SMC,SELL,1.5,False,PER_STRATEGY_MAX_OPEN_HIT,0.0,0.0,True,1.5,False,1.5
2026-07-17T05:09:34.518568+00:00,SMC,SELL,1.5,False,PER_STRATEGY_MAX_OPEN_HIT,0.0,0.0,True,1.5,False,1.5
2026-07-17T05:10:34.892163+00:00,SMC,SELL,1.5,False,PER_STRATEGY_MAX_OPEN_HIT,0.0,0.0,True,1.5,False,1.5
2026-07-17T05:11:35.265749+00:00,SMC,SELL,1.5,False,PER_STRATEGY_MAX_OPEN_HIT,0.0,0.0,True,1.5,False,1.5
2026-07-17T05:12:35.682940+00:00,SMC,SELL,1.5,False,PER_STRATEGY_MAX_OPEN_HIT,0.0,0.0,True,1.5,False,1.5
2026-07-17T05:13:36.176219+00:00,SMC,SELL,1.5,False,PER_STRATEGY_MAX_OPEN_HIT,0.0,0.0,True,1.5,False,1.5
2026-07-17T05:14:36.631236+00:00,SMC,SELL,1.5,False,PER_STRATEGY_MAX_OPEN_HIT,0.0,0.0,True,1.5,False,1.5
2026-07-17T05:16:38.681358+00:00,SMC,SELL,1.5,True,,0.75,0.07,True,1.5,True,0.75
2026-07-17T05:16:39.298817+00:00,MICRO,SELL,1.35,True,,0.75,0.07,True,1.35,True,0.6
2026-07-17T05:19:41.770016+00:00,MICRO,SELL,1.35,False,PER_STRATEGY_MAX_OPEN_HIT,0.0,0.0,True,1.35,False,1.35
2026-07-17T05:20:42.314005+00:00,SMC,SELL,1.5,False,PER_STRATEGY_MAX_OPEN_HIT,0.0,0.0,True,1.5,False,1.5
2026-07-17T05:21:42.666351+00:00,SMC,SELL,1.5,False,PER_STRATEGY_MAX_OPEN_HIT,0.0,0.0,True,1.5,False,1.5
2026-07-17T05:22:43.072486+00:00,SMC,SELL,1.5,False,PER_STRATEGY_MAX_OPEN_HIT,0.0,0.0,True,1.5,False,1.5
2026-07-17T05:23:43.494554+00:00,SMC,SELL,1.5,False,PER_STRATEGY_MAX_OPEN_HIT,0.0,0.0,True,1.5,False,1.5
2026-07-17T05:24:43.892372+00:00,SMC,SELL,1.5,False,PER_STRATEGY_MAX_OPEN_HIT,0.0,0.0,True,1.5,False,1.5
2026-07-17T05:25:44.257954+00:00,SMC,SELL,1.5,False,PER_STRATEGY_MAX_OPEN_HIT,0.0,0.0,True,1.5,False,1.5
2026-07-17T05:26:44.636937+00:00,SMC,SELL,1.5,False,PER_STRATEGY_MAX_OPEN_HIT,0.0,0.0,True,1.5,False,1.5
2026-07-17T05:27:45.039181+00:00,SMC,SELL,1.5,False,PER_STRATEGY_MAX_OPEN_HIT,0.0,0.0,True,1.5,False,1.5
2026-07-17T05:28:45.408335+00:00,SMC,SELL,1.5,False,PER_STRATEGY_MAX_OPEN_HIT,0.0,0.0,True,1.5,False,1.5
2026-07-17T05:29:45.880193+00:00,SMC,SELL,1.5,False,PER_STRATEGY_MAX_OPEN_HIT,0.0,0.0,True,1.5,False,1.5
2026-07-17T05:30:46.256544+00:00,SMC,SELL,1.5,False,PER_STRATEGY_MAX_OPEN_HIT,0.0,0.0,True,1.5,False,1.5
2026-07-17T05:31:46.662760+00:00,SMC,SELL,1.5,False,PER_STRATEGY_MAX_OPEN_HIT,0.0,0.0,True,1.5,False,1.5
2026-07-17T05:32:47.076169+00:00,SMC,SELL,1.5,False,PER_STRATEGY_MAX_OPEN_HIT,0.0,0.0,True,1.5,False,1.5
2026-07-17T05:33:47.490950+00:00,SMC,SELL,1.5,False,PER_STRATEGY_MAX_OPEN_HIT,0.0,0.0,True,1.5,False,1.5
2026-07-17T05:34:47.942926+00:00,SMC,SELL,1.5,False,PER_STRATEGY_MAX_OPEN_HIT,0.0,0.0,True,1.5,False,1.5
2026-07-17T05:35:48.350378+00:00,SMC,SELL,1.5,False,PER_STRATEGY_MAX_OPEN_HIT,0.0,0.0,True,1.5,False,1.5
2026-07-17T05:36:48.703244+00:00,SMC,SELL,1.5,False,PER_STRATEGY_MAX_OPEN_HIT,0.0,0.0,True,1.5,False,1.5
2026-07-17T05:37:49.252436+00:00,SMC,SELL,1.5,False,PER_STRATEGY_MAX_OPEN_HIT,0.0,0.0,True,1.5,False,1.5
2026-07-17T05:38:49.655881+00:00,SMC,SELL,1.5,False,PER_STRATEGY_MAX_OPEN_HIT,0.0,0.0,True,1.5,False,1.5
2026-07-17T05:39:50.118665+00:00,SMC,SELL,1.5,False,PER_STRATEGY_MAX_OPEN_HIT,0.0,0.0,True,1.5,False,1.5
2026-07-17T05:40:50.514006+00:00,SMC,SELL,1.5,True,,0.75,0.07,True,1.5,True,0.75
2026-07-17T05:44:52.502509+00:00,SMC,SELL,1.5,False,PER_STRATEGY_MAX_OPEN_HIT,0.0,0.0,True,1.5,False,1.5
2026-07-17T05:45:52.835118+00:00,SMC,SELL,1.5,False,PER_STRATEGY_MAX_OPEN_HIT,0.0,0.0,True,1.5,False,1.5
2026-07-17T05:46:53.259398+00:00,SMC,SELL,1.5,False,PER_STRATEGY_MAX_OPEN_HIT,0.0,0.0,True,1.5,False,1.5
2026-07-17T05:47:53.746859+00:00,SMC,SELL,1.5,False,PER_STRATEGY_MAX_OPEN_HIT,0.0,0.0,True,1.5,False,1.5
2026-07-17T05:57:54.949362+00:00,SMC,SELL,1.5,False,PER_STRATEGY_MAX_OPEN_HIT,0.0,0.0,True,1.5,False,1.5
2026-07-17T05:58:55.362575+00:00,SMC,SELL,1.5,False,PER_STRATEGY_MAX_OPEN_HIT,0.0,0.0,True,1.5,False,1.5
2026-07-17T05:59:55.907647+00:00,SMC,SELL,1.5,False,PER_STRATEGY_MAX_OPEN_HIT,0.0,0.0,True,1.5,False,1.5
2026-07-17T06:00:56.358200+00:00,SMC,SELL,1.5,False,PER_STRATEGY_MAX_OPEN_HIT,0.0,0.0,True,1.5,False,1.5
2026-07-17T07:57:37.358376+00:00,SMC,SELL,1.5,True,,0.75,0.07,True,1.5,True,0.75
2026-07-17T07:57:38.054099+00:00,MICRO,SELL,1.35,True,,0.75,0.07,True,1.35,True,0.6
2026-07-17T07:59:39.957369+00:00,MICRO,SELL,1.35,False,PER_STRATEGY_MAX_OPEN_HIT,0.0,0.0,True,1.35,False,1.35
2026-07-17T10:00:40.965225+00:00,SMC,SELL,1.35,True,,0.75,0.07,True,1.35,True,0.6
2026-07-17T10:31:56.610851+00:00,SMC,SELL,1.5,False,PER_STRATEGY_MAX_OPEN_HIT,0.0,0.0,True,1.5,False,1.5
2026-07-17T10:32:57.053353+00:00,SMC,SELL,1.5,False,PER_STRATEGY_MAX_OPEN_HIT,0.0,0.0,True,1.5,False,1.5
2026-07-17T10:34:57.468171+00:00,SMC,SELL,1.5,False,PER_STRATEGY_MAX_OPEN_HIT,0.0,0.0,True,1.5,False,1.5
2026-07-17T10:43:58.105932+00:00,SMC,SELL,1.5,False,PER_STRATEGY_MAX_OPEN_HIT,0.0,0.0,True,1.5,False,1.5
2026-07-17T10:44:58.486012+00:00,SMC,SELL,1.5,False,PER_STRATEGY_MAX_OPEN_HIT,0.0,0.0,True,1.5,False,1.5
2026-07-17T10:45:58.899738+00:00,SMC,SELL,1.5,False,PER_STRATEGY_MAX_OPEN_HIT,0.0,0.0,True,1.5,False,1.5
2026-07-17T10:46:59.335298+00:00,SMC,SELL,1.5,False,PER_STRATEGY_MAX_OPEN_HIT,0.0,0.0,True,1.5,False,1.5
2026-07-17T10:48:59.788118+00:00,SMC,SELL,1.5,False,PER_STRATEGY_MAX_OPEN_HIT,0.0,0.0,True,1.5,False,1.5
2026-07-17T10:51:00.240438+00:00,SMC,SELL,1.5,False,PER_STRATEGY_MAX_OPEN_HIT,0.0,0.0,True,1.5,False,1.5
2026-07-17T10:52:00.598150+00:00,SMC,SELL,1.5,False,PER_STRATEGY_MAX_OPEN_HIT,0.0,0.0,True,1.5,False,1.5
2026-07-17T10:53:01.006397+00:00,SMC,SELL,1.5,False,PER_STRATEGY_MAX_OPEN_HIT,0.0,0.0,True,1.5,False,1.5
2026-07-17T10:54:01.456092+00:00,SMC,SELL,1.5,False,PER_STRATEGY_MAX_OPEN_HIT,0.0,0.0,True,1.5,False,1.5
2026-07-17T10:55:01.821049+00:00,SMC,SELL,1.5,False,PER_STRATEGY_MAX_OPEN_HIT,0.0,0.0,True,1.5,False,1.5
2026-07-17T10:56:02.231979+00:00,SMC,SELL,1.5,False,PER_STRATEGY_MAX_OPEN_HIT,0.0,0.0,True,1.5,False,1.5
2026-07-17T10:57:02.637970+00:00,SMC,SELL,1.5,False,PER_STRATEGY_MAX_OPEN_HIT,0.0,0.0,True,1.5,False,1.5
2026-07-17T10:58:03.086058+00:00,SMC,SELL,1.5,False,PER_STRATEGY_MAX_OPEN_HIT,0.0,0.0,True,1.5,False,1.5
2026-07-17T10:59:03.516979+00:00,SMC,SELL,1.5,False,PER_STRATEGY_MAX_OPEN_HIT,0.0,0.0,True,1.5,False,1.5
2026-07-17T11:00:03.902224+00:00,SMC,SELL,1.5,False,PER_STRATEGY_MAX_OPEN_HIT,0.0,0.0,True,1.5,False,1.5
2026-07-17T11:01:04.321980+00:00,SMC,SELL,1.5,False,PER_STRATEGY_MAX_OPEN_HIT,0.0,0.0,True,1.5,False,1.5
2026-07-17T11:02:04.741797+00:00,SMC,SELL,1.5,False,PER_STRATEGY_MAX_OPEN_HIT,0.0,0.0,True,1.5,False,1.5
2026-07-17T11:03:05.146228+00:00,SMC,SELL,1.5,False,PER_STRATEGY_MAX_OPEN_HIT,0.0,0.0,True,1.5,False,1.5
2026-07-17T11:04:05.552965+00:00,SMC,SELL,1.5,False,PER_STRATEGY_MAX_OPEN_HIT,0.0,0.0,True,1.5,False,1.5
2026-07-17T11:05:05.917845+00:00,SMC,SELL,1.5,False,PER_STRATEGY_MAX_OPEN_HIT,0.0,0.0,True,1.5,False,1.5
2026-07-17T11:06:06.333932+00:00,SMC,SELL,1.5,False,PER_STRATEGY_MAX_OPEN_HIT,0.0,0.0,True,1.5,False,1.5
2026-07-17T11:07:06.779262+00:00,SMC,SELL,1.5,False,PER_STRATEGY_MAX_OPEN_HIT,0.0,0.0,True,1.5,False,1.5
2026-07-17T11:08:07.173556+00:00,SMC,SELL,1.5,False,PER_STRATEGY_MAX_OPEN_HIT,0.0,0.0,True,1.5,False,1.5
2026-07-17T11:09:07.633087+00:00,SMC,SELL,1.5,False,PER_STRATEGY_MAX_OPEN_HIT,0.0,0.0,True,1.5,False,1.5
2026-07-17T11:10:08.013741+00:00,SMC,SELL,1.5,False,PER_STRATEGY_MAX_OPEN_HIT,0.0,0.0,True,1.5,False,1.5
2026-07-17T11:11:08.604919+00:00,SMC,SELL,1.5,False,PER_STRATEGY_MAX_OPEN_HIT,0.0,0.0,True,1.5,False,1.5
2026-07-17T11:12:09.039750+00:00,SMC,SELL,1.5,False,PER_STRATEGY_MAX_OPEN_HIT,0.0,0.0,True,1.5,False,1.5
2026-07-17T11:13:09.458214+00:00,SMC,SELL,1.5,False,PER_STRATEGY_MAX_OPEN_HIT,0.0,0.0,True,1.5,False,1.5
2026-07-17T11:14:09.912275+00:00,SMC,SELL,1.35,False,PER_STRATEGY_MAX_OPEN_HIT,0.0,0.0,True,1.35,False,1.35
2026-07-17T11:15:10.298038+00:00,SMC,SELL,1.5,False,PER_STRATEGY_MAX_OPEN_HIT,0.0,0.0,True,1.5,False,1.5
2026-07-17T11:16:10.701387+00:00,SMC,SELL,1.5,False,PER_STRATEGY_MAX_OPEN_HIT,0.0,0.0,True,1.5,False,1.5
2026-07-17T11:17:11.318027+00:00,SMC,SELL,1.5,False,PER_STRATEGY_MAX_OPEN_HIT,0.0,0.0,True,1.5,False,1.5
2026-07-17T11:18:11.724987+00:00,SMC,SELL,1.5,False,PER_STRATEGY_MAX_OPEN_HIT,0.0,0.0,True,1.5,False,1.5
2026-07-17T11:19:12.167047+00:00,SMC,SELL,1.5,False,PER_STRATEGY_MAX_OPEN_HIT,0.0,0.0,True,1.5,False,1.5
2026-07-17T11:20:12.535804+00:00,SMC,SELL,1.5,False,PER_STRATEGY_MAX_OPEN_HIT,0.0,0.0,True,1.5,False,1.5
2026-07-17T11:21:12.929345+00:00,SMC,SELL,1.5,False,PER_STRATEGY_MAX_OPEN_HIT,0.0,0.0,True,1.5,False,1.5
2026-07-17T11:23:13.370133+00:00,SMC,SELL,1.5,False,PER_STRATEGY_MAX_OPEN_HIT,0.0,0.0,True,1.5,False,1.5
2026-07-17T11:24:13.823107+00:00,SMC,SELL,1.5,False,PER_STRATEGY_MAX_OPEN_HIT,0.0,0.0,True,1.5,False,1.5
2026-07-17T11:25:14.216657+00:00,SMC,SELL,1.5,False,PER_STRATEGY_MAX_OPEN_HIT,0.0,0.0,True,1.5,False,1.5
2026-07-17T11:26:14.637751+00:00,SMC,SELL,1.5,False,PER_STRATEGY_MAX_OPEN_HIT,0.0,0.0,True,1.5,False,1.5
2026-07-17T11:30:15.190096+00:00,SMC,SELL,1.5,False,PER_STRATEGY_MAX_OPEN_HIT,0.0,0.0,True,1.5,False,1.5
2026-07-17T11:31:15.586214+00:00,SMC,SELL,1.35,False,PER_STRATEGY_MAX_OPEN_HIT,0.0,0.0,True,1.35,False,1.35
2026-07-17T11:32:15.990257+00:00,SMC,SELL,1.5,False,PER_STRATEGY_MAX_OPEN_HIT,0.0,0.0,True,1.5,False,1.5
2026-07-17T11:33:16.407692+00:00,SMC,SELL,1.5,False,PER_STRATEGY_MAX_OPEN_HIT,0.0,0.0,True,1.5,False,1.5
2026-07-17T11:34:16.829973+00:00,SMC,SELL,1.5,False,PER_STRATEGY_MAX_OPEN_HIT,0.0,0.0,True,1.5,False,1.5
2026-07-17T11:35:17.329060+00:00,SMC,SELL,1.5,False,PER_STRATEGY_MAX_OPEN_HIT,0.0,0.0,True,1.5,False,1.5
2026-07-17T11:36:17.703340+00:00,SMC,SELL,1.5,False,PER_STRATEGY_MAX_OPEN_HIT,0.0,0.0,True,1.5,False,1.5
2026-07-17T11:37:18.101299+00:00,SMC,SELL,1.5,False,PER_STRATEGY_MAX_OPEN_HIT,0.0,0.0,True,1.5,False,1.5
2026-07-17T11:38:18.521982+00:00,SMC,SELL,1.5,False,PER_STRATEGY_MAX_OPEN_HIT,0.0,0.0,True,1.5,False,1.5
2026-07-17T11:39:18.925237+00:00,SMC,SELL,1.5,False,PER_STRATEGY_MAX_OPEN_HIT,0.0,0.0,True,1.5,False,1.5
2026-07-17T11:40:19.384829+00:00,SMC,SELL,1.5,False,PER_STRATEGY_MAX_OPEN_HIT,0.0,0.0,True,1.5,False,1.5
2026-07-17T11:41:19.773931+00:00,SMC,SELL,1.5,False,PER_STRATEGY_MAX_OPEN_HIT,0.0,0.0,True,1.5,False,1.5
2026-07-17T11:42:20.216070+00:00,SMC,SELL,1.5,False,PER_STRATEGY_MAX_OPEN_HIT,0.0,0.0,True,1.5,False,1.5
2026-07-17T11:43:20.622718+00:00,SMC,SELL,1.5,False,PER_STRATEGY_MAX_OPEN_HIT,0.0,0.0,True,1.5,False,1.5
2026-07-17T11:44:21.019860+00:00,SMC,SELL,1.5,False,PER_STRATEGY_MAX_OPEN_HIT,0.0,0.0,True,1.5,False,1.5
2026-07-17T11:45:21.453610+00:00,SMC,SELL,1.5,False,PER_STRATEGY_MAX_OPEN_HIT,0.0,0.0,True,1.5,False,1.5
2026-07-17T11:46:21.832806+00:00,SMC,SELL,1.5,False,PER_STRATEGY_MAX_OPEN_HIT,0.0,0.0,True,1.5,False,1.5
2026-07-17T11:47:22.249251+00:00,SMC,SELL,1.5,False,PER_STRATEGY_MAX_OPEN_HIT,0.0,0.0,True,1.5,False,1.5
2026-07-17T11:48:22.659788+00:00,SMC,SELL,1.5,False,PER_STRATEGY_MAX_OPEN_HIT,0.0,0.0,True,1.5,False,1.5
2026-07-17T11:50:23.145120+00:00,SMC,SELL,1.5,False,PER_STRATEGY_MAX_OPEN_HIT,0.0,0.0,True,1.5,False,1.5
2026-07-17T11:51:23.532198+00:00,SMC,SELL,1.5,False,PER_STRATEGY_MAX_OPEN_HIT,0.0,0.0,True,1.5,False,1.5
2026-07-17T11:54:24.214221+00:00,SMC,SELL,1.5,False,PER_STRATEGY_MAX_OPEN_HIT,0.0,0.0,True,1.5,False,1.5
2026-07-17T11:55:24.639257+00:00,SMC,SELL,1.5,False,PER_STRATEGY_MAX_OPEN_HIT,0.0,0.0,True,1.5,False,1.5
2026-07-17T11:56:25.024574+00:00,SMC,SELL,1.5,False,PER_STRATEGY_MAX_OPEN_HIT,0.0,0.0,True,1.5,False,1.5
2026-07-17T11:57:25.384518+00:00,SMC,SELL,1.5,False,PER_STRATEGY_MAX_OPEN_HIT,0.0,0.0,True,1.5,False,1.5
2026-07-17T12:07:29.532272+00:00,SMC,SELL,1.5,False,PER_STRATEGY_MAX_OPEN_HIT,0.0,0.0,True,1.5,False,1.5
2026-07-17T12:08:29.964637+00:00,SMC,SELL,1.35,False,PER_STRATEGY_MAX_OPEN_HIT,0.0,0.0,True,1.35,False,1.35
2026-07-17T12:09:30.396546+00:00,SMC,SELL,1.5,False,PER_STRATEGY_MAX_OPEN_HIT,0.0,0.0,True,1.5,False,1.5
2026-07-17T12:10:30.833367+00:00,SMC,SELL,1.5,False,PER_STRATEGY_MAX_OPEN_HIT,0.0,0.0,True,1.5,False,1.5
2026-07-17T12:11:31.225941+00:00,SMC,SELL,1.5,False,PER_STRATEGY_MAX_OPEN_HIT,0.0,0.0,True,1.5,False,1.5
2026-07-17T12:12:31.640269+00:00,SMC,SELL,1.5,False,PER_STRATEGY_MAX_OPEN_HIT,0.0,0.0,True,1.5,False,1.5
2026-07-17T12:13:32.040520+00:00,SMC,SELL,1.35,False,PER_STRATEGY_MAX_OPEN_HIT,0.0,0.0,True,1.35,False,1.35
2026-07-17T12:14:32.463370+00:00,SMC,SELL,1.5,False,PER_STRATEGY_MAX_OPEN_HIT,0.0,0.0,True,1.5,False,1.5
2026-07-17T12:15:32.893060+00:00,SMC,SELL,1.5,False,PER_STRATEGY_MAX_OPEN_HIT,0.0,0.0,True,1.5,False,1.5
2026-07-17T12:16:33.293047+00:00,SMC,SELL,1.35,False,PER_STRATEGY_MAX_OPEN_HIT,0.0,0.0,True,1.35,False,1.35
2026-07-17T12:17:33.686906+00:00,SMC,SELL,1.35,False,PER_STRATEGY_MAX_OPEN_HIT,0.0,0.0,True,1.35,False,1.35
2026-07-17T12:18:35.270353+00:00,SMC,SELL,1.35,False,PER_STRATEGY_MAX_OPEN_HIT,0.0,0.0,True,1.35,False,1.35
2026-07-17T12:19:35.877914+00:00,SMC,SELL,1.5,False,PER_STRATEGY_MAX_OPEN_HIT,0.0,0.0,True,1.5,False,1.5
2026-07-17T12:20:36.667212+00:00,SMC,SELL,1.35,False,PER_STRATEGY_MAX_OPEN_HIT,0.0,0.0,True,1.35,False,1.35
2026-07-17T12:21:37.263284+00:00,SMC,SELL,1.5,False,PER_STRATEGY_MAX_OPEN_HIT,0.0,0.0,True,1.5,False,1.5
2026-07-17T12:22:37.974157+00:00,SMC,SELL,1.35,False,PER_STRATEGY_MAX_OPEN_HIT,0.0,0.0,True,1.35,False,1.35
2026-07-17T12:23:38.533113+00:00,SMC,SELL,1.5,False,PER_STRATEGY_MAX_OPEN_HIT,0.0,0.0,True,1.5,False,1.5
2026-07-17T12:24:38.910738+00:00,SMC,SELL,1.5,False,PER_STRATEGY_MAX_OPEN_HIT,0.0,0.0,True,1.5,False,1.5
2026-07-17T12:35:41.643662+00:00,SMC,SELL,1.35,False,PER_STRATEGY_MAX_OPEN_HIT,0.0,0.0,True,1.35,False,1.35
2026-07-17T12:36:42.033459+00:00,SMC,SELL,1.35,False,PER_STRATEGY_MAX_OPEN_HIT,0.0,0.0,True,1.35,False,1.35
2026-07-17T12:37:42.571702+00:00,SMC,SELL,1.5,False,PER_STRATEGY_MAX_OPEN_HIT,0.0,0.0,True,1.5,False,1.5
2026-07-17T12:38:42.987023+00:00,SMC,SELL,1.5,False,PER_STRATEGY_MAX_OPEN_HIT,0.0,0.0,True,1.5,False,1.5
2026-07-17T12:39:43.693549+00:00,SMC,SELL,1.35,False,PER_STRATEGY_MAX_OPEN_HIT,0.0,0.0,True,1.35,False,1.35
2026-07-17T12:40:44.542131+00:00,SMC,SELL,1.5,False,PER_STRATEGY_MAX_OPEN_HIT,0.0,0.0,True,1.5,False,1.5
2026-07-17T12:41:44.921755+00:00,SMC,SELL,1.5,True,,0.75,0.07,True,1.5,True,0.75
2026-07-17T12:42:46.288885+00:00,MICRO,SELL,1.35,True,,0.75,0.07,True,1.35,True,0.6
2026-07-17T12:44:48.063103+00:00,MICRO,SELL,1.35,False,PER_STRATEGY_MAX_OPEN_HIT,0.0,0.0,True,1.35,False,1.35
2026-07-17T12:45:48.677783+00:00,SMC,SELL,1.35,False,PER_STRATEGY_MAX_OPEN_HIT,0.0,0.0,True,1.35,False,1.35
2026-07-17T12:46:49.060444+00:00,SMC,SELL,1.5,False,PER_STRATEGY_MAX_OPEN_HIT,0.0,0.0,True,1.5,False,1.5
2026-07-17T12:47:49.464949+00:00,SMC,SELL,1.5,False,PER_STRATEGY_MAX_OPEN_HIT,0.0,0.0,True,1.5,False,1.5
2026-07-17T12:48:49.874654+00:00,SMC,SELL,1.35,False,PER_STRATEGY_MAX_OPEN_HIT,0.0,0.0,True,1.35,False,1.35
2026-07-17T12:49:50.272471+00:00,SMC,SELL,1.35,False,PER_STRATEGY_MAX_OPEN_HIT,0.0,0.0,True,1.35,False,1.35
2026-07-17T12:50:50.944819+00:00,SMC,SELL,1.35,False,PER_STRATEGY_MAX_OPEN_HIT,0.0,0.0,True,1.35,False,1.35
2026-07-17T12:51:51.329817+00:00,SMC,SELL,1.5,False,PER_STRATEGY_MAX_OPEN_HIT,0.0,0.0,True,1.5,False,1.5
2026-07-17T12:52:51.731031+00:00,SMC,SELL,1.35,False,PER_STRATEGY_MAX_OPEN_HIT,0.0,0.0,True,1.35,False,1.35
2026-07-17T12:53:52.155467+00:00,SMC,SELL,1.35,False,PER_STRATEGY_MAX_OPEN_HIT,0.0,0.0,True,1.35,False,1.35
2026-07-17T12:54:52.536493+00:00,SMC,SELL,1.35,False,PER_STRATEGY_MAX_OPEN_HIT,0.0,0.0,True,1.35,False,1.35
2026-07-17T13:05:55.120869+00:00,SMC,SELL,1.5,False,PER_STRATEGY_MAX_OPEN_HIT,0.0,0.0,True,1.5,False,1.5
2026-07-17T13:06:55.508659+00:00,SMC,SELL,1.5,False,PER_STRATEGY_MAX_OPEN_HIT,0.0,0.0,True,1.5,False,1.5
2026-07-17T13:07:55.926275+00:00,SMC,SELL,1.35,False,PER_STRATEGY_MAX_OPEN_HIT,0.0,0.0,True,1.35,False,1.35
2026-07-17T13:08:56.331252+00:00,SMC,SELL,1.5,False,PER_STRATEGY_MAX_OPEN_HIT,0.0,0.0,True,1.5,False,1.5
2026-07-17T13:09:56.734504+00:00,SMC,SELL,1.5,False,PER_STRATEGY_MAX_OPEN_HIT,0.0,0.0,True,1.5,False,1.5
2026-07-17T13:21:00.236666+00:00,MICRO,BUY,1.35,False,PER_STRATEGY_MAX_OPEN_HIT,0.0,0.0,True,1.35,False,1.35
2026-07-17T13:23:01.454818+00:00,SMC,SELL,1.35,False,PER_STRATEGY_MAX_OPEN_HIT,0.0,0.0,True,1.35,False,1.35
2026-07-17T13:24:01.874190+00:00,SMC,SELL,1.35,False,PER_STRATEGY_MAX_OPEN_HIT,0.0,0.0,True,1.35,False,1.35
2026-07-17T13:35:04.476460+00:00,SMC,SELL,1.35,False,PER_STRATEGY_MAX_OPEN_HIT,0.0,0.0,True,1.35,False,1.35
2026-07-17T13:36:04.851083+00:00,MICRO,BUY,1.35,False,PER_STRATEGY_MAX_OPEN_HIT,0.0,0.0,True,1.35,False,1.35
2026-07-17T13:38:05.403141+00:00,MICRO,BUY,1.35,True,,0.75,0.07,True,1.35,True,0.6
2026-07-17T13:59:21.909578+00:00,MICRO,BUY,1.35,True,,0.75,0.07,True,1.35,True,0.6
2026-07-17T14:05:26.443714+00:00,SMC,SELL,1.35,True,,0.75,0.07,True,1.35,True,0.6
2026-07-17T14:06:27.011858+00:00,SMC,SELL,1.35,True,,0.75,0.07,True,1.35,True,0.6
2026-07-17T14:07:27.587712+00:00,SMC,SELL,1.5,True,,0.75,0.07,True,1.5,True,0.75
2026-07-17T14:08:28.173133+00:00,SMC,SELL,1.35,True,,0.75,0.07,True,1.35,True,0.6
2026-07-17T14:08:28.201458+00:00,MICRO,BUY,1.35,False,PER_STRATEGY_MAX_OPEN_HIT,0.0,0.0,True,1.35,False,1.35
2026-07-17T14:09:28.755190+00:00,SMC,SELL,1.35,True,,0.75,0.07,True,1.35,True,0.6
2026-07-17T14:20:31.562667+00:00,MICRO,BUY,1.35,False,PER_STRATEGY_MAX_OPEN_HIT,0.0,0.0,True,1.35,False,1.35
2026-07-17T14:21:32.096711+00:00,SMC,SELL,1.5,True,,0.75,0.07,True,1.5,True,0.75
2026-07-17T14:22:32.674007+00:00,SMC,SELL,1.35,True,,0.75,0.07,True,1.35,True,0.6
2026-07-17T14:23:33.473692+00:00,SMC,SELL,1.35,True,,0.75,0.07,True,1.35,True,0.6
2026-07-17T14:24:34.072993+00:00,SMC,SELL,1.35,True,,0.75,0.07,True,1.35,True,0.6
2026-07-17T14:24:34.102621+00:00,MICRO,BUY,1.35,False,PER_STRATEGY_MAX_OPEN_HIT,0.0,0.0,True,1.35,False,1.35
2026-07-17T14:35:36.748184+00:00,SMC,SELL,1.35,True,,0.75,0.07,True,1.35,True,0.6
2026-07-17T14:36:37.327091+00:00,SMC,SELL,1.35,True,,0.75,0.07,True,1.35,True,0.6
2026-07-17T14:37:37.991820+00:00,SMC,SELL,1.35,True,,0.75,0.07,True,1.35,True,0.6
2026-07-17T14:38:38.584010+00:00,SMC,SELL,1.35,True,,0.75,0.07,True,1.35,True,0.6
2026-07-17T14:39:39.370450+00:00,SMC,SELL,1.35,True,,0.75,0.07,True,1.35,True,0.6
2026-07-17T14:40:39.983468+00:00,SMC,SELL,1.35,True,,0.75,0.07,True,1.35,True,0.6
2026-07-17T14:41:40.618286+00:00,SMC,SELL,1.35,True,,0.75,0.07,True,1.35,True,0.6
2026-07-17T14:42:41.215702+00:00,SMC,SELL,1.35,True,,0.75,0.07,True,1.35,True,0.6
2026-07-17T14:43:41.789225+00:00,SMC,SELL,1.35,True,,0.75,0.07,True,1.35,True,0.6
2026-07-17T14:44:42.363571+00:00,SMC,SELL,1.35,True,,0.75,0.07,True,1.35,True,0.6
2026-07-17T14:45:43.062980+00:00,SMC,SELL,1.35,True,,0.75,0.07,True,1.35,True,0.6
2026-07-17T14:46:43.620229+00:00,SMC,SELL,1.35,True,,0.75,0.07,True,1.35,True,0.6
2026-07-17T14:47:44.196092+00:00,SMC,SELL,1.35,True,,0.75,0.07,True,1.35,True,0.6
2026-07-17T14:48:44.789604+00:00,SMC,SELL,1.35,True,,0.75,0.07,True,1.35,True,0.6
2026-07-17T14:49:45.390435+00:00,SMC,SELL,1.35,True,,0.75,0.07,True,1.35,True,0.6
2026-07-17T14:50:45.988974+00:00,SMC,SELL,1.35,True,,0.75,0.07,True,1.35,True,0.6
2026-07-17T14:51:46.541587+00:00,SMC,SELL,1.35,True,,0.75,0.07,True,1.35,True,0.6
2026-07-17T14:52:47.110186+00:00,SMC,SELL,1.35,True,,0.75,0.07,True,1.35,True,0.6
2026-07-17T14:53:47.718052+00:00,SMC,SELL,1.35,True,,0.75,0.07,True,1.35,True,0.6
2026-07-17T14:54:48.299277+00:00,SMC,SELL,1.35,True,,0.75,0.07,True,1.35,True,0.6
2026-07-17T15:20:59.433191+00:00,MICRO,BUY,1.35,True,,0.75,0.07,True,1.35,True,0.6
2026-07-17T15:33:07.178104+00:00,SMC,SELL,1.35,True,,0.75,0.07,True,1.35,True,0.6
2026-07-17T15:34:07.765471+00:00,SMC,SELL,1.35,True,,0.75,0.07,True,1.35,True,0.6
2026-07-17T15:35:08.365575+00:00,SMC,SELL,1.35,True,,0.75,0.07,True,1.35,True,0.6
2026-07-17T15:36:09.035547+00:00,SMC,SELL,1.35,True,,0.75,0.07,True,1.35,True,0.6
2026-07-17T15:37:09.612211+00:00,SMC,SELL,1.35,True,,0.75,0.07,True,1.35,True,0.6
2026-07-17T15:38:10.222598+00:00,SMC,SELL,1.35,True,,0.75,0.07,True,1.35,True,0.6
2026-07-17T15:41:12.031060+00:00,SMC,SELL,1.35,True,,0.75,0.07,True,1.35,True,0.6
2026-07-17T15:42:13.142700+00:00,SMC,SELL,1.35,True,,0.75,0.07,True,1.35,True,0.6
2026-07-17T15:43:13.737314+00:00,SMC,SELL,1.35,True,,0.75,0.07,True,1.35,True,0.6
2026-07-17T15:53:19.727700+00:00,MICRO,BUY,1.35,True,,0.75,0.07,True,1.35,True,0.6
2026-07-17T15:55:21.743274+00:00,MICRO,BUY,1.35,False,PER_STRATEGY_MAX_OPEN_HIT,0.0,0.0,True,1.35,False,1.35
2026-07-17T16:00:24.672126+00:00,MICRO,SELL,1.35,False,PER_STRATEGY_MAX_OPEN_HIT,0.0,0.0,True,1.35,False,1.35
2026-07-17T16:03:25.379978+00:00,SMC,SELL,1.35,True,,0.75,0.07,True,1.35,True,0.6
2026-07-17T16:03:25.990654+00:00,MICRO,SELL,1.35,True,,0.75,0.07,True,1.35,True,0.6
2026-07-17T16:11:29.366682+00:00,MICRO,BUY,1.35,False,PER_STRATEGY_MAX_OPEN_HIT,0.0,0.0,True,1.35,False,1.35
2026-07-17T16:13:30.591342+00:00,MICRO,BUY,1.35,False,PER_STRATEGY_MAX_OPEN_HIT,0.0,0.0,True,1.35,False,1.35
2026-07-17T16:21:35.746397+00:00,SMC,SELL,1.35,False,PER_STRATEGY_MAX_OPEN_HIT,0.0,0.0,True,1.35,False,1.35
2026-07-17T16:22:36.131204+00:00,SMC,SELL,1.35,False,PER_STRATEGY_MAX_OPEN_HIT,0.0,0.0,True,1.35,False,1.35
2026-07-17T16:23:36.558739+00:00,SMC,SELL,1.35,False,PER_STRATEGY_MAX_OPEN_HIT,0.0,0.0,True,1.35,False,1.35
2026-07-17T16:25:37.624246+00:00,SMC,SELL,1.35,True,,0.75,0.07,True,1.35,True,0.6
2026-07-17T16:29:41.117502+00:00,SMC,SELL,1.35,False,PER_STRATEGY_MAX_OPEN_HIT,0.0,0.0,True,1.35,False,1.35
2026-07-17T16:30:41.552748+00:00,SMC,SELL,1.35,False,PER_STRATEGY_MAX_OPEN_HIT,0.0,0.0,True,1.35,False,1.35
2026-07-17T16:31:42.005095+00:00,SMC,SELL,1.35,False,PER_STRATEGY_MAX_OPEN_HIT,0.0,0.0,True,1.35,False,1.35
2026-07-17T16:32:42.472669+00:00,SMC,SELL,1.35,False,PER_STRATEGY_MAX_OPEN_HIT,0.0,0.0,True,1.35,False,1.35
2026-07-17T16:33:42.890507+00:00,SMC,SELL,1.35,False,PER_STRATEGY_MAX_OPEN_HIT,0.0,0.0,True,1.35,False,1.35
2026-07-17T16:34:43.357700+00:00,SMC,SELL,1.35,False,PER_STRATEGY_MAX_OPEN_HIT,0.0,0.0,True,1.35,False,1.35
2026-07-17T16:35:43.805787+00:00,SMC,SELL,1.35,False,PER_STRATEGY_MAX_OPEN_HIT,0.0,0.0,True,1.35,False,1.35
2026-07-17T16:36:44.272461+00:00,SMC,SELL,1.35,False,PER_STRATEGY_MAX_OPEN_HIT,0.0,0.0,True,1.35,False,1.35
2026-07-17T16:37:44.710487+00:00,SMC,SELL,1.35,False,PER_STRATEGY_MAX_OPEN_HIT,0.0,0.0,True,1.35,False,1.35
2026-07-17T16:38:45.196486+00:00,SMC,SELL,1.5,False,PER_STRATEGY_MAX_OPEN_HIT,0.0,0.0,True,1.5,False,1.5
2026-07-17T16:39:45.682835+00:00,SMC,SELL,1.35,False,PER_STRATEGY_MAX_OPEN_HIT,0.0,0.0,True,1.35,False,1.35
2026-07-17T16:40:46.118677+00:00,SMC,SELL,1.35,False,PER_STRATEGY_MAX_OPEN_HIT,0.0,0.0,True,1.35,False,1.35
2026-07-17T16:41:46.588774+00:00,SMC,SELL,1.5,False,PER_STRATEGY_MAX_OPEN_HIT,0.0,0.0,True,1.5,False,1.5
2026-07-17T16:42:47.020939+00:00,SMC,SELL,1.5,False,PER_STRATEGY_MAX_OPEN_HIT,0.0,0.0,True,1.5,False,1.5
2026-07-17T16:43:47.486452+00:00,SMC,SELL,1.35,False,PER_STRATEGY_MAX_OPEN_HIT,0.0,0.0,True,1.35,False,1.35
2026-07-17T16:44:48.003855+00:00,SMC,SELL,1.35,False,PER_STRATEGY_MAX_OPEN_HIT,0.0,0.0,True,1.35,False,1.35
2026-07-17T16:45:48.444512+00:00,SMC,SELL,1.35,False,PER_STRATEGY_MAX_OPEN_HIT,0.0,0.0,True,1.35,False,1.35
2026-07-17T16:46:48.895716+00:00,SMC,SELL,1.35,False,PER_STRATEGY_MAX_OPEN_HIT,0.0,0.0,True,1.35,False,1.35
2026-07-17T16:47:49.338477+00:00,SMC,SELL,1.35,False,PER_STRATEGY_MAX_OPEN_HIT,0.0,0.0,True,1.35,False,1.35
2026-07-17T16:48:49.774060+00:00,SMC,SELL,1.35,False,PER_STRATEGY_MAX_OPEN_HIT,0.0,0.0,True,1.35,False,1.35
2026-07-17T16:49:50.246245+00:00,SMC,SELL,1.35,False,PER_STRATEGY_MAX_OPEN_HIT,0.0,0.0,True,1.35,False,1.35
2026-07-17T16:50:50.666352+00:00,SMC,SELL,1.35,False,PER_STRATEGY_MAX_OPEN_HIT,0.0,0.0,True,1.35,False,1.35
2026-07-17T16:51:51.119605+00:00,SMC,SELL,1.35,False,PER_STRATEGY_MAX_OPEN_HIT,0.0,0.0,True,1.35,False,1.35
2026-07-17T16:52:51.582425+00:00,SMC,SELL,1.35,False,PER_STRATEGY_MAX_OPEN_HIT,0.0,0.0,True,1.35,False,1.35
2026-07-17T16:53:52.037542+00:00,SMC,SELL,1.35,False,PER_STRATEGY_MAX_OPEN_HIT,0.0,0.0,True,1.35,False,1.35
2026-07-17T16:54:52.557436+00:00,SMC,SELL,1.35,False,PER_STRATEGY_MAX_OPEN_HIT,0.0,0.0,True,1.35,False,1.35
2026-07-17T16:55:53.003768+00:00,SMC,SELL,1.35,False,PER_STRATEGY_MAX_OPEN_HIT,0.0,0.0,True,1.35,False,1.35
2026-07-17T16:56:53.524043+00:00,SMC,SELL,1.35,False,PER_STRATEGY_MAX_OPEN_HIT,0.0,0.0,True,1.35,False,1.35
2026-07-17T16:57:53.972443+00:00,SMC,SELL,1.35,False,PER_STRATEGY_MAX_OPEN_HIT,0.0,0.0,True,1.35,False,1.35
2026-07-17T16:58:54.411574+00:00,SMC,SELL,1.35,False,PER_STRATEGY_MAX_OPEN_HIT,0.0,0.0,True,1.35,False,1.35
2026-07-17T16:59:54.883055+00:00,SMC,SELL,1.35,False,PER_STRATEGY_MAX_OPEN_HIT,0.0,0.0,True,1.35,False,1.35
2026-07-17T17:00:55.313355+00:00,SMC,SELL,1.5,False,PER_STRATEGY_MAX_OPEN_HIT,0.0,0.0,True,1.5,False,1.5
2026-07-17T17:01:55.783509+00:00,SMC,SELL,1.35,False,PER_STRATEGY_MAX_OPEN_HIT,0.0,0.0,True,1.35,False,1.35
2026-07-17T17:02:56.885301+00:00,SMC,SELL,1.5,False,PER_STRATEGY_MAX_OPEN_HIT,0.0,0.0,True,1.5,False,1.5
2026-07-17T17:03:57.451564+00:00,SMC,SELL,1.35,False,PER_STRATEGY_MAX_OPEN_HIT,0.0,0.0,True,1.35,False,1.35
2026-07-17T17:04:57.971471+00:00,SMC,SELL,1.35,False,PER_STRATEGY_MAX_OPEN_HIT,0.0,0.0,True,1.35,False,1.35
2026-07-17T17:05:58.383451+00:00,SMC,SELL,1.35,False,PER_STRATEGY_MAX_OPEN_HIT,0.0,0.0,True,1.35,False,1.35
2026-07-17T17:06:59.150725+00:00,SMC,SELL,1.35,False,PER_STRATEGY_MAX_OPEN_HIT,0.0,0.0,True,1.35,False,1.35
2026-07-17T17:07:59.626559+00:00,SMC,SELL,1.35,False,PER_STRATEGY_MAX_OPEN_HIT,0.0,0.0,True,1.35,False,1.35
2026-07-17T17:09:00.106958+00:00,SMC,SELL,1.35,False,PER_STRATEGY_MAX_OPEN_HIT,0.0,0.0,True,1.35,False,1.35
2026-07-17T17:10:00.657457+00:00,SMC,SELL,1.35,False,PER_STRATEGY_MAX_OPEN_HIT,0.0,0.0,True,1.35,False,1.35
2026-07-17T17:12:03.518323+00:00,SMC,SELL,1.35,False,PER_STRATEGY_MAX_OPEN_HIT,0.0,0.0,True,1.35,False,1.35
2026-07-17T17:13:03.968025+00:00,SMC,SELL,1.5,False,PER_STRATEGY_MAX_OPEN_HIT,0.0,0.0,True,1.5,False,1.5
2026-07-17T17:14:04.440746+00:00,SMC,SELL,1.35,False,PER_STRATEGY_MAX_OPEN_HIT,0.0,0.0,True,1.35,False,1.35
2026-07-17T17:15:04.899106+00:00,SMC,SELL,1.5,False,PER_STRATEGY_MAX_OPEN_HIT,0.0,0.0,True,1.5,False,1.5
2026-07-17T17:16:05.339339+00:00,SMC,SELL,1.35,False,PER_STRATEGY_MAX_OPEN_HIT,0.0,0.0,True,1.35,False,1.35
2026-07-17T17:17:05.799338+00:00,SMC,SELL,1.5,True,,0.75,0.07,True,1.5,True,0.75
2026-07-17T17:21:08.957900+00:00,SMC,SELL,1.35,False,PER_STRATEGY_MAX_OPEN_HIT,0.0,0.0,True,1.35,False,1.35
2026-07-17T17:22:09.527498+00:00,SMC,SELL,1.35,False,PER_STRATEGY_MAX_OPEN_HIT,0.0,0.0,True,1.35,False,1.35
2026-07-17T17:23:09.960144+00:00,SMC,SELL,1.5,False,PER_STRATEGY_MAX_OPEN_HIT,0.0,0.0,True,1.5,False,1.5
2026-07-17T17:24:10.453194+00:00,SMC,SELL,1.35,False,PER_STRATEGY_MAX_OPEN_HIT,0.0,0.0,True,1.35,False,1.35
2026-07-17T17:25:10.962994+00:00,SMC,SELL,1.5,False,PER_STRATEGY_MAX_OPEN_HIT,0.0,0.0,True,1.5,False,1.5
2026-07-17T17:26:11.443878+00:00,SMC,SELL,1.35,False,PER_STRATEGY_MAX_OPEN_HIT,0.0,0.0,True,1.35,False,1.35
2026-07-17T17:27:11.902661+00:00,SMC,SELL,1.5,False,PER_STRATEGY_MAX_OPEN_HIT,0.0,0.0,True,1.5,False,1.5
2026-07-17T17:28:12.359381+00:00,SMC,SELL,1.35,False,PER_STRATEGY_MAX_OPEN_HIT,0.0,0.0,True,1.35,False,1.35
2026-07-17T17:29:12.794391+00:00,SMC,SELL,1.35,False,PER_STRATEGY_MAX_OPEN_HIT,0.0,0.0,True,1.35,False,1.35
2026-07-17T17:30:13.284543+00:00,SMC,SELL,1.5,False,PER_STRATEGY_MAX_OPEN_HIT,0.0,0.0,True,1.5,False,1.5
2026-07-17T17:31:13.728838+00:00,SMC,SELL,1.35,False,PER_STRATEGY_MAX_OPEN_HIT,0.0,0.0,True,1.35,False,1.35
2026-07-17T17:32:14.198245+00:00,SMC,SELL,1.35,False,PER_STRATEGY_MAX_OPEN_HIT,0.0,0.0,True,1.35,False,1.35
2026-07-17T17:33:14.647194+00:00,SMC,SELL,1.35,False,PER_STRATEGY_MAX_OPEN_HIT,0.0,0.0,True,1.35,False,1.35
2026-07-17T17:34:15.094221+00:00,SMC,SELL,1.35,False,PER_STRATEGY_MAX_OPEN_HIT,0.0,0.0,True,1.35,False,1.35
2026-07-17T17:35:15.584849+00:00,SMC,SELL,1.35,False,PER_STRATEGY_MAX_OPEN_HIT,0.0,0.0,True,1.35,False,1.35
2026-07-17T17:36:16.030535+00:00,SMC,SELL,1.35,False,PER_STRATEGY_MAX_OPEN_HIT,0.0,0.0,True,1.35,False,1.35
2026-07-17T17:37:16.502560+00:00,SMC,SELL,1.35,False,PER_STRATEGY_MAX_OPEN_HIT,0.0,0.0,True,1.35,False,1.35
2026-07-17T17:38:16.959707+00:00,SMC,SELL,1.35,False,PER_STRATEGY_MAX_OPEN_HIT,0.0,0.0,True,1.35,False,1.35
2026-07-17T17:39:17.402692+00:00,SMC,SELL,1.5,False,PER_STRATEGY_MAX_OPEN_HIT,0.0,0.0,True,1.5,False,1.5
2026-07-17T17:40:17.979717+00:00,SMC,SELL,1.35,False,PER_STRATEGY_MAX_OPEN_HIT,0.0,0.0,True,1.35,False,1.35
2026-07-17T17:41:18.418451+00:00,SMC,SELL,1.5,False,PER_STRATEGY_MAX_OPEN_HIT,0.0,0.0,True,1.5,False,1.5
2026-07-17T17:42:18.920091+00:00,SMC,SELL,1.35,False,PER_STRATEGY_MAX_OPEN_HIT,0.0,0.0,True,1.35,False,1.35
2026-07-17T17:43:19.429669+00:00,SMC,SELL,1.35,False,PER_STRATEGY_MAX_OPEN_HIT,0.0,0.0,True,1.35,False,1.35
2026-07-17T17:44:19.909756+00:00,SMC,SELL,1.35,False,PER_STRATEGY_MAX_OPEN_HIT,0.0,0.0,True,1.35,False,1.35
2026-07-17T17:45:20.459160+00:00,SMC,SELL,1.5,False,PER_STRATEGY_MAX_OPEN_HIT,0.0,0.0,True,1.5,False,1.5
2026-07-17T17:46:20.882539+00:00,SMC,SELL,1.35,False,PER_STRATEGY_MAX_OPEN_HIT,0.0,0.0,True,1.35,False,1.35
2026-07-17T17:47:21.352059+00:00,SMC,SELL,1.35,False,PER_STRATEGY_MAX_OPEN_HIT,0.0,0.0,True,1.35,False,1.35
2026-07-17T17:48:21.820121+00:00,SMC,SELL,1.35,False,PER_STRATEGY_MAX_OPEN_HIT,0.0,0.0,True,1.35,False,1.35
2026-07-17T17:49:22.352701+00:00,SMC,SELL,1.35,False,PER_STRATEGY_MAX_OPEN_HIT,0.0,0.0,True,1.35,False,1.35
2026-07-17T17:50:22.820261+00:00,SMC,SELL,1.35,False,PER_STRATEGY_MAX_OPEN_HIT,0.0,0.0,True,1.35,False,1.35
2026-07-17T17:51:23.267653+00:00,SMC,SELL,1.35,False,PER_STRATEGY_MAX_OPEN_HIT,0.0,0.0,True,1.35,False,1.35
2026-07-17T17:52:23.730528+00:00,SMC,SELL,1.35,False,PER_STRATEGY_MAX_OPEN_HIT,0.0,0.0,True,1.35,False,1.35
2026-07-17T17:53:24.211250+00:00,SMC,SELL,1.35,False,PER_STRATEGY_MAX_OPEN_HIT,0.0,0.0,True,1.35,False,1.35
2026-07-17T17:54:24.680719+00:00,SMC,SELL,1.35,False,PER_STRATEGY_MAX_OPEN_HIT,0.0,0.0,True,1.35,False,1.35
2026-07-17T17:55:25.193913+00:00,SMC,SELL,1.35,False,PER_STRATEGY_MAX_OPEN_HIT,0.0,0.0,True,1.35,False,1.35
2026-07-17T22:30:31.484555+00:00,SMC,SELL,1.35,False,PER_STRATEGY_MAX_OPEN_HIT,0.0,0.0,True,1.35,False,1.35
2026-07-17T22:31:33.295034+00:00,SMC,SELL,1.5,False,PER_STRATEGY_MAX_OPEN_HIT,0.0,0.0,True,1.5,False,1.5
2026-07-17T22:32:33.981009+00:00,SMC,SELL,1.5,False,PER_STRATEGY_MAX_OPEN_HIT,0.0,0.0,True,1.5,False,1.5
2026-07-17T22:33:34.472587+00:00,SMC,SELL,1.5,False,PER_STRATEGY_MAX_OPEN_HIT,0.0,0.0,True,1.5,False,1.5
2026-07-17T22:34:34.935483+00:00,SMC,SELL,1.5,False,PER_STRATEGY_MAX_OPEN_HIT,0.0,0.0,True,1.5,False,1.5
2026-07-17T22:35:35.395401+00:00,SMC,SELL,1.5,False,PER_STRATEGY_MAX_OPEN_HIT,0.0,0.0,True,1.5,False,1.5
2026-07-17T22:36:35.822781+00:00,SMC,SELL,1.5,False,PER_STRATEGY_MAX_OPEN_HIT,0.0,0.0,True,1.5,False,1.5
2026-07-17T22:37:36.284415+00:00,SMC,SELL,1.5,False,PER_STRATEGY_MAX_OPEN_HIT,0.0,0.0,True,1.5,False,1.5
2026-07-17T22:38:36.725626+00:00,SMC,SELL,1.5,False,PER_STRATEGY_MAX_OPEN_HIT,0.0,0.0,True,1.5,False,1.5
2026-07-17T22:39:37.156037+00:00,SMC,SELL,1.5,False,PER_STRATEGY_MAX_OPEN_HIT,0.0,0.0,True,1.5,False,1.5
2026-07-17T22:40:37.650104+00:00,SMC,SELL,1.5,False,PER_STRATEGY_MAX_OPEN_HIT,0.0,0.0,True,1.5,False,1.5
2026-07-17T22:41:38.153129+00:00,SMC,SELL,1.5,False,PER_STRATEGY_MAX_OPEN_HIT,0.0,0.0,True,1.5,False,1.5
2026-07-17T22:42:38.861449+00:00,SMC,SELL,1.5,False,PER_STRATEGY_MAX_OPEN_HIT,0.0,0.0,True,1.5,False,1.5
2026-07-17T22:43:39.320222+00:00,SMC,SELL,1.5,False,PER_STRATEGY_MAX_OPEN_HIT,0.0,0.0,True,1.5,False,1.5
2026-07-17T22:44:39.747514+00:00,SMC,SELL,1.5,False,PER_STRATEGY_MAX_OPEN_HIT,0.0,0.0,True,1.5,False,1.5
2026-07-17T22:45:40.240232+00:00,SMC,SELL,1.5,False,PER_STRATEGY_MAX_OPEN_HIT,0.0,0.0,True,1.5,False,1.5
2026-07-17T22:46:40.646679+00:00,SMC,SELL,1.5,False,PER_STRATEGY_MAX_OPEN_HIT,0.0,0.0,True,1.5,False,1.5
2026-07-17T22:47:41.094613+00:00,SMC,SELL,1.5,False,PER_STRATEGY_MAX_OPEN_HIT,0.0,0.0,True,1.5,False,1.5
2026-07-17T22:48:41.898888+00:00,SMC,SELL,1.5,False,PER_STRATEGY_MAX_OPEN_HIT,0.0,0.0,True,1.5,False,1.5
2026-07-17T22:49:42.363523+00:00,SMC,SELL,1.5,False,PER_STRATEGY_MAX_OPEN_HIT,0.0,0.0,True,1.5,False,1.5
2026-07-17T22:50:42.807799+00:00,SMC,SELL,1.5,False,PER_STRATEGY_MAX_OPEN_HIT,0.0,0.0,True,1.5,False,1.5
2026-07-17T22:51:43.227791+00:00,SMC,SELL,1.5,False,PER_STRATEGY_MAX_OPEN_HIT,0.0,0.0,True,1.5,False,1.5
2026-07-17T22:52:43.644253+00:00,SMC,SELL,1.5,False,PER_STRATEGY_MAX_OPEN_HIT,0.0,0.0,True,1.5,False,1.5
2026-07-17T22:53:44.131772+00:00,SMC,SELL,1.5,False,PER_STRATEGY_MAX_OPEN_HIT,0.0,0.0,True,1.5,False,1.5
2026-07-17T22:54:44.584695+00:00,SMC,SELL,1.5,False,PER_STRATEGY_MAX_OPEN_HIT,0.0,0.0,True,1.5,False,1.5
2026-07-17T22:55:45.077867+00:00,SMC,SELL,1.5,False,PER_STRATEGY_MAX_OPEN_HIT,0.0,0.0,True,1.5,False,1.5
2026-07-17T22:56:45.495337+00:00,SMC,SELL,1.5,False,PER_STRATEGY_MAX_OPEN_HIT,0.0,0.0,True,1.5,False,1.5
2026-07-17T22:57:45.949085+00:00,SMC,SELL,1.5,False,PER_STRATEGY_MAX_OPEN_HIT,0.0,0.0,True,1.5,False,1.5
2026-07-17T22:58:46.393310+00:00,SMC,SELL,1.5,False,PER_STRATEGY_MAX_OPEN_HIT,0.0,0.0,True,1.5,False,1.5
2026-07-17T22:59:46.862682+00:00,SMC,SELL,1.5,False,PER_STRATEGY_MAX_OPEN_HIT,0.0,0.0,True,1.5,False,1.5
2026-07-17T23:00:47.352898+00:00,SMC,SELL,1.5,False,PER_STRATEGY_MAX_OPEN_HIT,0.0,0.0,True,1.5,False,1.5
2026-07-17T23:01:47.796830+00:00,SMC,SELL,1.5,False,PER_STRATEGY_MAX_OPEN_HIT,0.0,0.0,True,1.5,False,1.5
2026-07-17T23:02:48.240368+00:00,SMC,SELL,1.5,False,PER_STRATEGY_MAX_OPEN_HIT,0.0,0.0,True,1.5,False,1.5
2026-07-17T23:03:48.670073+00:00,SMC,SELL,1.5,False,PER_STRATEGY_MAX_OPEN_HIT,0.0,0.0,True,1.5,False,1.5
2026-07-17T23:04:49.115561+00:00,SMC,SELL,1.5,False,PER_STRATEGY_MAX_OPEN_HIT,0.0,0.0,True,1.5,False,1.5
2026-07-17T23:05:49.598158+00:00,SMC,SELL,1.5,False,PER_STRATEGY_MAX_OPEN_HIT,0.0,0.0,True,1.5,False,1.5
2026-07-17T23:06:50.023645+00:00,SMC,SELL,1.5,False,PER_STRATEGY_MAX_OPEN_HIT,0.0,0.0,True,1.5,False,1.5
2026-07-17T23:07:50.460075+00:00,SMC,SELL,1.5,False,PER_STRATEGY_MAX_OPEN_HIT,0.0,0.0,True,1.5,False,1.5
2026-07-17T23:08:50.911072+00:00,SMC,SELL,1.5,False,PER_STRATEGY_MAX_OPEN_HIT,0.0,0.0,True,1.5,False,1.5
2026-07-17T23:09:51.348239+00:00,SMC,SELL,1.5,False,PER_STRATEGY_MAX_OPEN_HIT,0.0,0.0,True,1.5,False,1.5
2026-07-17T23:10:51.813296+00:00,SMC,SELL,1.5,False,PER_STRATEGY_MAX_OPEN_HIT,0.0,0.0,True,1.5,False,1.5
2026-07-17T23:11:52.234619+00:00,SMC,SELL,1.5,False,PER_STRATEGY_MAX_OPEN_HIT,0.0,0.0,True,1.5,False,1.5
2026-07-17T23:12:52.668092+00:00,SMC,SELL,1.5,False,PER_STRATEGY_MAX_OPEN_HIT,0.0,0.0,True,1.5,False,1.5
2026-07-17T23:13:53.124446+00:00,SMC,SELL,1.5,False,PER_STRATEGY_MAX_OPEN_HIT,0.0,0.0,True,1.5,False,1.5
2026-07-17T23:14:53.551672+00:00,SMC,SELL,1.5,False,PER_STRATEGY_MAX_OPEN_HIT,0.0,0.0,True,1.5,False,1.5
2026-07-17T23:15:54.037319+00:00,SMC,SELL,1.5,False,PER_STRATEGY_MAX_OPEN_HIT,0.0,0.0,True,1.5,False,1.5
2026-07-17T23:16:54.463276+00:00,SMC,SELL,1.5,False,PER_STRATEGY_MAX_OPEN_HIT,0.0,0.0,True,1.5,False,1.5
2026-07-17T23:17:54.907366+00:00,SMC,SELL,1.5,False,PER_STRATEGY_MAX_OPEN_HIT,0.0,0.0,True,1.5,False,1.5
2026-07-20T02:14:28.562505+00:00,SMC,SELL,1.5,False,PER_STRATEGY_MAX_OPEN_HIT,0.0,0.0,True,1.5,False,1.5
2026-07-20T02:16:14.329868+00:00,SMC,SELL,1.5,True,,0.75,0.07,True,1.5,True,0.75
2026-07-20T02:19:18.432598+00:00,MICRO,SELL,1.35,True,,0.75,0.07,True,1.35,True,0.6
2026-07-20T02:20:20.396946+00:00,SMC,SELL,1.5,False,PER_STRATEGY_MAX_OPEN_HIT,0.0,0.0,True,1.5,False,1.5
2026-07-20T02:21:21.237934+00:00,SMC,SELL,1.5,False,PER_STRATEGY_MAX_OPEN_HIT,0.0,0.0,True,1.5,False,1.5
2026-07-20T02:22:22.473324+00:00,SMC,SELL,1.5,False,PER_STRATEGY_MAX_OPEN_HIT,0.0,0.0,True,1.5,False,1.5
2026-07-20T02:23:23.788293+00:00,SMC,SELL,1.5,False,PER_STRATEGY_MAX_OPEN_HIT,0.0,0.0,True,1.5,False,1.5
2026-07-20T02:24:25.542317+00:00,SMC,SELL,1.5,False,PER_STRATEGY_MAX_OPEN_HIT,0.0,0.0,True,1.5,False,1.5
2026-07-20T02:25:26.237657+00:00,SMC,SELL,1.5,False,PER_STRATEGY_MAX_OPEN_HIT,0.0,0.0,True,1.5,False,1.5
2026-07-20T02:26:27.493731+00:00,SMC,SELL,1.5,False,PER_STRATEGY_MAX_OPEN_HIT,0.0,0.0,True,1.5,False,1.5
2026-07-20T02:27:28.401548+00:00,SMC,SELL,1.5,False,PER_STRATEGY_MAX_OPEN_HIT,0.0,0.0,True,1.5,False,1.5
2026-07-20T02:28:28.964280+00:00,SMC,SELL,1.5,False,PER_STRATEGY_MAX_OPEN_HIT,0.0,0.0,True,1.5,False,1.5
2026-07-20T02:29:29.429112+00:00,SMC,SELL,1.5,False,PER_STRATEGY_MAX_OPEN_HIT,0.0,0.0,True,1.5,False,1.5
2026-07-20T02:30:29.948580+00:00,SMC,SELL,1.5,False,PER_STRATEGY_MAX_OPEN_HIT,0.0,0.0,True,1.5,False,1.5
2026-07-20T02:31:30.494092+00:00,SMC,SELL,1.5,False,PER_STRATEGY_MAX_OPEN_HIT,0.0,0.0,True,1.5,False,1.5
2026-07-20T02:32:30.957967+00:00,SMC,SELL,1.5,False,PER_STRATEGY_MAX_OPEN_HIT,0.0,0.0,True,1.5,False,1.5
2026-07-20T02:33:31.440231+00:00,SMC,SELL,1.5,False,PER_STRATEGY_MAX_OPEN_HIT,0.0,0.0,True,1.5,False,1.5
2026-07-20T02:34:31.954747+00:00,SMC,SELL,1.5,False,PER_STRATEGY_MAX_OPEN_HIT,0.0,0.0,True,1.5,False,1.5
2026-07-20T02:35:32.587201+00:00,SMC,SELL,1.5,False,PER_STRATEGY_MAX_OPEN_HIT,0.0,0.0,True,1.5,False,1.5
2026-07-20T02:36:33.137474+00:00,SMC,SELL,1.5,False,PER_STRATEGY_MAX_OPEN_HIT,0.0,0.0,True,1.5,False,1.5
2026-07-20T02:37:33.562815+00:00,SMC,SELL,1.5,False,PER_STRATEGY_MAX_OPEN_HIT,0.0,0.0,True,1.5,False,1.5
2026-07-20T02:38:34.029113+00:00,SMC,SELL,1.5,False,PER_STRATEGY_MAX_OPEN_HIT,0.0,0.0,True,1.5,False,1.5
2026-07-20T02:39:34.515409+00:00,SMC,SELL,1.5,False,PER_STRATEGY_MAX_OPEN_HIT,0.0,0.0,True,1.5,False,1.5
2026-07-20T02:40:34.991351+00:00,SMC,SELL,1.5,False,PER_STRATEGY_MAX_OPEN_HIT,0.0,0.0,True,1.5,False,1.5
2026-07-20T02:41:35.471990+00:00,SMC,SELL,1.5,False,PER_STRATEGY_MAX_OPEN_HIT,0.0,0.0,True,1.5,False,1.5
2026-07-20T02:42:35.869054+00:00,SMC,SELL,1.5,True,,0.75,0.07,True,1.5,True,0.75
2026-07-20T02:46:39.771171+00:00,SMC,SELL,1.5,False,PER_STRATEGY_MAX_OPEN_HIT,0.0,0.0,True,1.5,False,1.5
2026-07-20T02:47:40.151452+00:00,SMC,SELL,1.5,False,PER_STRATEGY_MAX_OPEN_HIT,0.0,0.0,True,1.5,False,1.5
2026-07-20T03:05:50.071614+00:00,MICRO,SELL,1.35,True,,0.75,0.07,True,1.35,True,0.6
2026-07-20T03:07:51.742758+00:00,MICRO,SELL,1.35,False,PER_STRATEGY_MAX_OPEN_HIT,0.0,0.0,True,1.35,False,1.35
2026-07-20T03:15:56.209349+00:00,SMC,SELL,1.5,True,,0.75,0.07,True,1.5,True,0.75
2026-07-20T03:15:56.762975+00:00,MICRO,BUY,1.35,False,PER_STRATEGY_MAX_OPEN_HIT,0.0,0.0,True,1.35,False,1.35
2026-07-20T03:19:59.071485+00:00,SMC,SELL,1.5,False,PER_STRATEGY_MAX_OPEN_HIT,0.0,0.0,True,1.5,False,1.5
2026-07-20T03:20:59.472711+00:00,SMC,SELL,1.5,False,PER_STRATEGY_MAX_OPEN_HIT,0.0,0.0,True,1.5,False,1.5
2026-07-20T03:21:59.932863+00:00,SMC,SELL,1.5,False,PER_STRATEGY_MAX_OPEN_HIT,0.0,0.0,True,1.5,False,1.5
2026-07-20T03:23:00.387188+00:00,SMC,SELL,1.5,False,PER_STRATEGY_MAX_OPEN_HIT,0.0,0.0,True,1.5,False,1.5
2026-07-20T03:24:00.826156+00:00,SMC,SELL,1.65,False,PER_STRATEGY_MAX_OPEN_HIT,0.0,0.0,True,1.65,False,1.65
2026-07-20T03:25:01.257228+00:00,SMC,SELL,1.65,False,PER_STRATEGY_MAX_OPEN_HIT,0.0,0.0,True,1.65,False,1.65
2026-07-20T03:26:01.688636+00:00,SMC,SELL,1.5,False,PER_STRATEGY_MAX_OPEN_HIT,0.0,0.0,True,1.5,False,1.5
2026-07-20T03:27:02.200305+00:00,SMC,SELL,1.5,False,PER_STRATEGY_MAX_OPEN_HIT,0.0,0.0,True,1.5,False,1.5
2026-07-20T03:28:02.591946+00:00,SMC,SELL,1.65,False,PER_STRATEGY_MAX_OPEN_HIT,0.0,0.0,True,1.65,False,1.65
2026-07-20T03:29:02.988626+00:00,SMC,SELL,1.65,False,PER_STRATEGY_MAX_OPEN_HIT,0.0,0.0,True,1.65,False,1.65
2026-07-20T03:30:03.382160+00:00,SMC,SELL,1.5,False,PER_STRATEGY_MAX_OPEN_HIT,0.0,0.0,True,1.5,False,1.5
2026-07-20T03:31:03.805501+00:00,SMC,SELL,1.5,False,PER_STRATEGY_MAX_OPEN_HIT,0.0,0.0,True,1.5,False,1.5
2026-07-20T03:32:04.242998+00:00,SMC,SELL,1.5,False,PER_STRATEGY_MAX_OPEN_HIT,0.0,0.0,True,1.5,False,1.5
2026-07-20T03:33:04.621570+00:00,SMC,SELL,1.5,False,PER_STRATEGY_MAX_OPEN_HIT,0.0,0.0,True,1.5,False,1.5
2026-07-20T03:34:05.034861+00:00,SMC,SELL,1.5,False,PER_STRATEGY_MAX_OPEN_HIT,0.0,0.0,True,1.5,False,1.5
2026-07-20T03:35:05.472389+00:00,SMC,SELL,1.5,False,PER_STRATEGY_MAX_OPEN_HIT,0.0,0.0,True,1.5,False,1.5
2026-07-20T03:36:05.884285+00:00,SMC,SELL,1.5,False,PER_STRATEGY_MAX_OPEN_HIT,0.0,0.0,True,1.5,False,1.5
2026-07-20T03:37:06.303156+00:00,SMC,SELL,1.5,False,PER_STRATEGY_MAX_OPEN_HIT,0.0,0.0,True,1.5,False,1.5
2026-07-20T03:38:06.696707+00:00,SMC,SELL,1.5,False,PER_STRATEGY_MAX_OPEN_HIT,0.0,0.0,True,1.5,False,1.5
2026-07-20T03:39:07.101967+00:00,SMC,SELL,1.5,False,PER_STRATEGY_MAX_OPEN_HIT,0.0,0.0,True,1.5,False,1.5
2026-07-20T03:40:07.474686+00:00,SMC,SELL,1.5,False,PER_STRATEGY_MAX_OPEN_HIT,0.0,0.0,True,1.5,False,1.5
2026-07-20T03:41:07.874513+00:00,SMC,SELL,1.5,False,PER_STRATEGY_MAX_OPEN_HIT,0.0,0.0,True,1.5,False,1.5
2026-07-20T03:42:08.330374+00:00,SMC,SELL,1.5,False,PER_STRATEGY_MAX_OPEN_HIT,0.0,0.0,True,1.5,False,1.5
2026-07-20T03:43:08.708674+00:00,SMC,SELL,1.5,False,PER_STRATEGY_MAX_OPEN_HIT,0.0,0.0,True,1.5,False,1.5
2026-07-20T03:44:09.117769+00:00,SMC,SELL,1.5,False,PER_STRATEGY_MAX_OPEN_HIT,0.0,0.0,True,1.5,False,1.5
2026-07-20T03:45:09.591900+00:00,SMC,SELL,1.5,False,PER_STRATEGY_MAX_OPEN_HIT,0.0,0.0,True,1.5,False,1.5
2026-07-20T03:46:10.020999+00:00,SMC,SELL,1.65,False,PER_STRATEGY_MAX_OPEN_HIT,0.0,0.0,True,1.65,False,1.65
2026-07-20T03:47:10.450298+00:00,SMC,SELL,1.65,False,PER_STRATEGY_MAX_OPEN_HIT,0.0,0.0,True,1.65,False,1.65
2026-07-20T03:48:10.835513+00:00,SMC,SELL,1.65,False,PER_STRATEGY_MAX_OPEN_HIT,0.0,0.0,True,1.65,False,1.65
2026-07-20T03:49:11.235735+00:00,SMC,SELL,1.65,False,PER_STRATEGY_MAX_OPEN_HIT,0.0,0.0,True,1.65,False,1.65
2026-07-20T03:53:13.359563+00:00,SMC,SELL,1.5,False,PER_STRATEGY_MAX_OPEN_HIT,0.0,0.0,True,1.5,False,1.5
2026-07-20T03:54:13.757245+00:00,SMC,SELL,1.65,False,PER_STRATEGY_MAX_OPEN_HIT,0.0,0.0,True,1.65,False,1.65
2026-07-20T03:55:14.164456+00:00,SMC,SELL,1.5,False,PER_STRATEGY_MAX_OPEN_HIT,0.0,0.0,True,1.5,False,1.5
2026-07-20T03:56:14.568471+00:00,SMC,SELL,1.5,False,PER_STRATEGY_MAX_OPEN_HIT,0.0,0.0,True,1.5,False,1.5
2026-07-20T03:57:15.008645+00:00,SMC,SELL,1.5,False,PER_STRATEGY_MAX_OPEN_HIT,0.0,0.0,True,1.5,False,1.5
2026-07-20T03:58:15.363360+00:00,SMC,SELL,1.5,False,PER_STRATEGY_MAX_OPEN_HIT,0.0,0.0,True,1.5,False,1.5
2026-07-20T03:59:15.792212+00:00,SMC,SELL,1.5,False,PER_STRATEGY_MAX_OPEN_HIT,0.0,0.0,True,1.5,False,1.5
2026-07-20T04:00:16.204805+00:00,SMC,SELL,1.5,False,PER_STRATEGY_MAX_OPEN_HIT,0.0,0.0,True,1.5,False,1.5
2026-07-20T04:01:16.616968+00:00,SMC,SELL,1.5,False,PER_STRATEGY_MAX_OPEN_HIT,0.0,0.0,True,1.5,False,1.5
2026-07-20T04:02:17.040469+00:00,SMC,SELL,1.5,False,PER_STRATEGY_MAX_OPEN_HIT,0.0,0.0,True,1.5,False,1.5
2026-07-20T04:03:17.425936+00:00,SMC,SELL,1.5,False,PER_STRATEGY_MAX_OPEN_HIT,0.0,0.0,True,1.5,False,1.5
2026-07-20T04:04:17.819515+00:00,SMC,SELL,1.5,False,PER_STRATEGY_MAX_OPEN_HIT,0.0,0.0,True,1.5,False,1.5
2026-07-20T04:05:18.265314+00:00,SMC,SELL,1.65,False,PER_STRATEGY_MAX_OPEN_HIT,0.0,0.0,True,1.65,False,1.65
2026-07-20T04:06:18.667160+00:00,SMC,SELL,1.5,False,PER_STRATEGY_MAX_OPEN_HIT,0.0,0.0,True,1.5,False,1.5
2026-07-20T04:07:19.110551+00:00,SMC,SELL,1.5,False,PER_STRATEGY_MAX_OPEN_HIT,0.0,0.0,True,1.5,False,1.5
2026-07-20T04:08:19.483467+00:00,SMC,SELL,1.5,False,PER_STRATEGY_MAX_OPEN_HIT,0.0,0.0,True,1.5,False,1.5
2026-07-20T04:09:19.890586+00:00,SMC,SELL,1.5,False,PER_STRATEGY_MAX_OPEN_HIT,0.0,0.0,True,1.5,False,1.5
2026-07-20T04:13:21.442808+00:00,SMC,SELL,1.5,False,PER_STRATEGY_MAX_OPEN_HIT,0.0,0.0,True,1.5,False,1.5
2026-07-20T04:14:21.830266+00:00,SMC,SELL,1.5,False,PER_STRATEGY_MAX_OPEN_HIT,0.0,0.0,True,1.5,False,1.5
2026-07-20T04:15:22.230318+00:00,SMC,SELL,1.5,False,PER_STRATEGY_MAX_OPEN_HIT,0.0,0.0,True,1.5,False,1.5
2026-07-20T04:16:22.641394+00:00,SMC,SELL,1.5,False,PER_STRATEGY_MAX_OPEN_HIT,0.0,0.0,True,1.5,False,1.5
2026-07-20T04:17:23.064895+00:00,SMC,SELL,1.5,False,PER_STRATEGY_MAX_OPEN_HIT,0.0,0.0,True,1.5,False,1.5
2026-07-20T04:18:23.511233+00:00,SMC,SELL,1.5,False,PER_STRATEGY_MAX_OPEN_HIT,0.0,0.0,True,1.5,False,1.5
2026-07-20T04:19:23.899783+00:00,SMC,SELL,1.5,False,PER_STRATEGY_MAX_OPEN_HIT,0.0,0.0,True,1.5,False,1.5
2026-07-20T04:21:24.869487+00:00,SMC,SELL,1.5,False,PER_STRATEGY_MAX_OPEN_HIT,0.0,0.0,True,1.5,False,1.5
2026-07-20T04:22:25.325665+00:00,SMC,SELL,1.5,False,PER_STRATEGY_MAX_OPEN_HIT,0.0,0.0,True,1.5,False,1.5
2026-07-20T04:23:25.786687+00:00,SMC,SELL,1.5,False,PER_STRATEGY_MAX_OPEN_HIT,0.0,0.0,True,1.5,False,1.5
2026-07-20T04:24:26.194412+00:00,SMC,SELL,1.5,False,PER_STRATEGY_MAX_OPEN_HIT,0.0,0.0,True,1.5,False,1.5
2026-07-20T04:25:26.598276+00:00,SMC,SELL,1.5,False,PER_STRATEGY_MAX_OPEN_HIT,0.0,0.0,True,1.5,False,1.5
2026-07-20T04:26:27.005184+00:00,SMC,SELL,1.5,False,PER_STRATEGY_MAX_OPEN_HIT,0.0,0.0,True,1.5,False,1.5
2026-07-20T04:27:27.389988+00:00,SMC,SELL,1.5,False,PER_STRATEGY_MAX_OPEN_HIT,0.0,0.0,True,1.5,False,1.5
2026-07-20T04:28:27.828876+00:00,SMC,SELL,1.5,False,PER_STRATEGY_MAX_OPEN_HIT,0.0,0.0,True,1.5,False,1.5
2026-07-20T04:29:28.204473+00:00,SMC,SELL,1.5,False,PER_STRATEGY_MAX_OPEN_HIT,0.0,0.0,True,1.5,False,1.5
2026-07-20T04:30:28.625228+00:00,SMC,SELL,1.5,False,PER_STRATEGY_MAX_OPEN_HIT,0.0,0.0,True,1.5,False,1.5
2026-07-20T04:31:29.029953+00:00,SMC,SELL,1.5,False,PER_STRATEGY_MAX_OPEN_HIT,0.0,0.0,True,1.5,False,1.5
2026-07-20T04:32:29.424628+00:00,SMC,SELL,1.5,False,PER_STRATEGY_MAX_OPEN_HIT,0.0,0.0,True,1.5,False,1.5
2026-07-20T04:33:29.873121+00:00,SMC,SELL,1.5,False,PER_STRATEGY_MAX_OPEN_HIT,0.0,0.0,True,1.5,False,1.5
2026-07-20T04:34:30.275717+00:00,SMC,SELL,1.5,False,PER_STRATEGY_MAX_OPEN_HIT,0.0,0.0,True,1.5,False,1.5
2026-07-20T04:45:36.210077+00:00,SMC,SELL,1.5,False,PER_STRATEGY_MAX_OPEN_HIT,0.0,0.0,True,1.5,False,1.5
2026-07-20T04:46:36.622092+00:00,SMC,SELL,1.5,False,PER_STRATEGY_MAX_OPEN_HIT,0.0,0.0,True,1.5,False,1.5
2026-07-20T04:47:37.032576+00:00,SMC,SELL,1.5,False,PER_STRATEGY_MAX_OPEN_HIT,0.0,0.0,True,1.5,False,1.5
2026-07-20T04:48:37.461127+00:00,SMC,SELL,1.5,False,PER_STRATEGY_MAX_OPEN_HIT,0.0,0.0,True,1.5,False,1.5
2026-07-20T04:49:37.841838+00:00,SMC,SELL,1.5,False,PER_STRATEGY_MAX_OPEN_HIT,0.0,0.0,True,1.5,False,1.5
2026-07-20T04:50:38.284586+00:00,SMC,SELL,1.5,False,PER_STRATEGY_MAX_OPEN_HIT,0.0,0.0,True,1.5,False,1.5
2026-07-20T04:51:38.682775+00:00,SMC,SELL,1.5,False,PER_STRATEGY_MAX_OPEN_HIT,0.0,0.0,True,1.5,False,1.5
2026-07-20T04:52:39.090740+00:00,SMC,SELL,1.5,False,PER_STRATEGY_MAX_OPEN_HIT,0.0,0.0,True,1.5,False,1.5
2026-07-20T04:53:39.532179+00:00,SMC,SELL,1.5,False,PER_STRATEGY_MAX_OPEN_HIT,0.0,0.0,True,1.5,False,1.5
2026-07-20T04:54:39.919538+00:00,SMC,SELL,1.5,False,PER_STRATEGY_MAX_OPEN_HIT,0.0,0.0,True,1.5,False,1.5
2026-07-20T04:56:40.883285+00:00,SMC,SELL,1.5,False,PER_STRATEGY_MAX_OPEN_HIT,0.0,0.0,True,1.5,False,1.5
2026-07-20T04:57:41.315939+00:00,SMC,SELL,1.5,False,PER_STRATEGY_MAX_OPEN_HIT,0.0,0.0,True,1.5,False,1.5
2026-07-20T04:58:41.748711+00:00,SMC,SELL,1.5,False,PER_STRATEGY_MAX_OPEN_HIT,0.0,0.0,True,1.5,False,1.5
2026-07-20T04:59:42.166533+00:00,SMC,SELL,1.5,False,PER_STRATEGY_MAX_OPEN_HIT,0.0,0.0,True,1.5,False,1.5
2026-07-20T05:00:42.579130+00:00,SMC,SELL,1.5,False,PER_STRATEGY_MAX_OPEN_HIT,0.0,0.0,True,1.5,False,1.5
2026-07-20T05:01:42.993700+00:00,SMC,SELL,1.5,False,PER_STRATEGY_MAX_OPEN_HIT,0.0,0.0,True,1.5,False,1.5
2026-07-20T05:02:43.408262+00:00,SMC,SELL,1.5,False,PER_STRATEGY_MAX_OPEN_HIT,0.0,0.0,True,1.5,False,1.5
2026-07-20T05:03:43.862368+00:00,SMC,SELL,1.5,False,PER_STRATEGY_MAX_OPEN_HIT,0.0,0.0,True,1.5,False,1.5
2026-07-20T05:04:44.233246+00:00,SMC,SELL,1.5,False,PER_STRATEGY_MAX_OPEN_HIT,0.0,0.0,True,1.5,False,1.5
2026-07-20T05:05:44.622006+00:00,SMC,SELL,1.5,False,PER_STRATEGY_MAX_OPEN_HIT,0.0,0.0,True,1.5,False,1.5
2026-07-20T05:06:45.038219+00:00,SMC,SELL,1.5,False,PER_STRATEGY_MAX_OPEN_HIT,0.0,0.0,True,1.5,False,1.5
2026-07-20T05:07:45.450585+00:00,SMC,SELL,1.5,False,PER_STRATEGY_MAX_OPEN_HIT,0.0,0.0,True,1.5,False,1.5
2026-07-20T05:08:45.886706+00:00,SMC,SELL,1.5,False,PER_STRATEGY_MAX_OPEN_HIT,0.0,0.0,True,1.5,False,1.5
2026-07-20T05:09:46.326872+00:00,SMC,SELL,1.5,False,PER_STRATEGY_MAX_OPEN_HIT,0.0,0.0,True,1.5,False,1.5
2026-07-20T05:10:47.095126+00:00,SMC,SELL,1.5,False,PER_STRATEGY_MAX_OPEN_HIT,0.0,0.0,True,1.5,False,1.5
2026-07-20T05:11:47.588792+00:00,SMC,SELL,1.5,False,PER_STRATEGY_MAX_OPEN_HIT,0.0,0.0,True,1.5,False,1.5
2026-07-20T05:12:48.111106+00:00,SMC,SELL,1.5,False,PER_STRATEGY_MAX_OPEN_HIT,0.0,0.0,True,1.5,False,1.5
2026-07-20T05:13:48.590441+00:00,SMC,SELL,1.5,False,PER_STRATEGY_MAX_OPEN_HIT,0.0,0.0,True,1.5,False,1.5
2026-07-20T05:14:48.976779+00:00,SMC,SELL,1.5,False,PER_STRATEGY_MAX_OPEN_HIT,0.0,0.0,True,1.5,False,1.5
2026-07-20T05:15:49.407210+00:00,SMC,SELL,1.5,False,PER_STRATEGY_MAX_OPEN_HIT,0.0,0.0,True,1.5,False,1.5
2026-07-20T05:16:49.807171+00:00,SMC,SELL,1.5,False,PER_STRATEGY_MAX_OPEN_HIT,0.0,0.0,True,1.5,False,1.5
2026-07-20T05:17:50.243243+00:00,SMC,SELL,1.5,False,PER_STRATEGY_MAX_OPEN_HIT,0.0,0.0,True,1.5,False,1.5
2026-07-20T05:18:50.759900+00:00,SMC,SELL,1.5,False,PER_STRATEGY_MAX_OPEN_HIT,0.0,0.0,True,1.5,False,1.5
2026-07-20T05:19:51.141767+00:00,SMC,SELL,1.5,False,PER_STRATEGY_MAX_OPEN_HIT,0.0,0.0,True,1.5,False,1.5
2026-07-20T05:20:51.670434+00:00,SMC,SELL,1.5,False,PER_STRATEGY_MAX_OPEN_HIT,0.0,0.0,True,1.5,False,1.5
2026-07-20T05:21:52.080599+00:00,SMC,SELL,1.5,False,PER_STRATEGY_MAX_OPEN_HIT,0.0,0.0,True,1.5,False,1.5
2026-07-20T05:22:52.581134+00:00,SMC,SELL,1.5,False,PER_STRATEGY_MAX_OPEN_HIT,0.0,0.0,True,1.5,False,1.5
2026-07-20T05:23:53.114828+00:00,SMC,SELL,1.5,False,PER_STRATEGY_MAX_OPEN_HIT,0.0,0.0,True,1.5,False,1.5
2026-07-20T05:24:53.487657+00:00,SMC,SELL,1.5,False,PER_STRATEGY_MAX_OPEN_HIT,0.0,0.0,True,1.5,False,1.5
2026-07-20T05:25:53.887335+00:00,SMC,SELL,1.5,False,PER_STRATEGY_MAX_OPEN_HIT,0.0,0.0,True,1.5,False,1.5
2026-07-20T05:26:54.318236+00:00,SMC,SELL,1.5,False,PER_STRATEGY_MAX_OPEN_HIT,0.0,0.0,True,1.5,False,1.5
2026-07-20T05:27:54.722378+00:00,SMC,SELL,1.5,False,PER_STRATEGY_MAX_OPEN_HIT,0.0,0.0,True,1.5,False,1.5
2026-07-20T05:28:55.156823+00:00,SMC,SELL,1.5,False,PER_STRATEGY_MAX_OPEN_HIT,0.0,0.0,True,1.5,False,1.5
2026-07-20T05:29:55.659217+00:00,SMC,SELL,1.5,False,PER_STRATEGY_MAX_OPEN_HIT,0.0,0.0,True,1.5,False,1.5
2026-07-20T05:30:56.064248+00:00,SMC,SELL,1.5,False,PER_STRATEGY_MAX_OPEN_HIT,0.0,0.0,True,1.5,False,1.5
2026-07-20T05:31:56.503086+00:00,SMC,SELL,1.5,False,PER_STRATEGY_MAX_OPEN_HIT,0.0,0.0,True,1.5,False,1.5
2026-07-20T05:32:56.926368+00:00,SMC,SELL,1.5,False,PER_STRATEGY_MAX_OPEN_HIT,0.0,0.0,True,1.5,False,1.5
2026-07-20T05:33:57.367452+00:00,SMC,SELL,1.5,False,PER_STRATEGY_MAX_OPEN_HIT,0.0,0.0,True,1.5,False,1.5
2026-07-20T05:34:57.754422+00:00,SMC,SELL,1.5,False,PER_STRATEGY_MAX_OPEN_HIT,0.0,0.0,True,1.5,False,1.5
2026-07-20T05:35:58.417539+00:00,SMC,SELL,1.5,False,PER_STRATEGY_MAX_OPEN_HIT,0.0,0.0,True,1.5,False,1.5
2026-07-20T05:36:58.830883+00:00,SMC,SELL,1.5,False,PER_STRATEGY_MAX_OPEN_HIT,0.0,0.0,True,1.5,False,1.5
2026-07-20T05:37:59.261980+00:00,SMC,SELL,1.5,False,PER_STRATEGY_MAX_OPEN_HIT,0.0,0.0,True,1.5,False,1.5
2026-07-20T05:38:59.694470+00:00,SMC,SELL,1.5,False,PER_STRATEGY_MAX_OPEN_HIT,0.0,0.0,True,1.5,False,1.5
2026-07-20T05:40:00.083144+00:00,SMC,SELL,1.5,False,PER_STRATEGY_MAX_OPEN_HIT,0.0,0.0,True,1.5,False,1.5
2026-07-20T05:42:00.468571+00:00,SMC,SELL,1.5,False,PER_STRATEGY_MAX_OPEN_HIT,0.0,0.0,True,1.5,False,1.5
2026-07-20T05:43:00.860590+00:00,SMC,SELL,1.5,False,PER_STRATEGY_MAX_OPEN_HIT,0.0,0.0,True,1.5,False,1.5
2026-07-20T05:44:01.308252+00:00,SMC,SELL,1.5,False,PER_STRATEGY_MAX_OPEN_HIT,0.0,0.0,True,1.5,False,1.5
2026-07-20T05:45:01.677615+00:00,SMC,SELL,1.5,False,PER_STRATEGY_MAX_OPEN_HIT,0.0,0.0,True,1.5,False,1.5
2026-07-20T05:46:02.076124+00:00,SMC,SELL,1.5,False,PER_STRATEGY_MAX_OPEN_HIT,0.0,0.0,True,1.5,False,1.5
2026-07-20T05:47:02.464340+00:00,SMC,SELL,1.5,False,PER_STRATEGY_MAX_OPEN_HIT,0.0,0.0,True,1.5,False,1.5
2026-07-20T05:48:02.864588+00:00,SMC,SELL,1.5,False,PER_STRATEGY_MAX_OPEN_HIT,0.0,0.0,True,1.5,False,1.5
2026-07-20T05:49:03.318032+00:00,SMC,SELL,1.5,False,PER_STRATEGY_MAX_OPEN_HIT,0.0,0.0,True,1.5,False,1.5
2026-07-20T05:50:03.909755+00:00,SMC,SELL,1.5,False,PER_STRATEGY_MAX_OPEN_HIT,0.0,0.0,True,1.5,False,1.5
2026-07-20T05:51:04.315811+00:00,SMC,SELL,1.5,False,PER_STRATEGY_MAX_OPEN_HIT,0.0,0.0,True,1.5,False,1.5
2026-07-20T05:52:04.718815+00:00,SMC,SELL,1.5,False,PER_STRATEGY_MAX_OPEN_HIT,0.0,0.0,True,1.5,False,1.5
2026-07-20T05:53:05.124471+00:00,SMC,SELL,1.5,False,PER_STRATEGY_MAX_OPEN_HIT,0.0,0.0,True,1.5,False,1.5
2026-07-20T05:54:05.541135+00:00,SMC,SELL,1.5,False,PER_STRATEGY_MAX_OPEN_HIT,0.0,0.0,True,1.5,False,1.5
2026-07-20T05:55:05.935414+00:00,SMC,SELL,1.5,False,PER_STRATEGY_MAX_OPEN_HIT,0.0,0.0,True,1.5,False,1.5
2026-07-20T05:56:06.372990+00:00,SMC,SELL,1.5,False,PER_STRATEGY_MAX_OPEN_HIT,0.0,0.0,True,1.5,False,1.5
2026-07-20T05:57:06.777099+00:00,SMC,SELL,1.5,True,,0.75,0.07,True,1.5,True,0.75
2026-07-20T05:59:10.143187+00:00,MICRO,BUY,1.35,True,,0.75,0.07,True,1.35,True,0.6
2026-07-20T06:05:10.906828+00:00,SMC,SELL,1.5,False,PER_STRATEGY_MAX_OPEN_HIT,0.0,0.0,True,1.5,False,1.5
2026-07-20T06:06:11.303097+00:00,SMC,SELL,1.5,False,PER_STRATEGY_MAX_OPEN_HIT,0.0,0.0,True,1.5,False,1.5
2026-07-20T06:07:11.715817+00:00,SMC,SELL,1.5,False,PER_STRATEGY_MAX_OPEN_HIT,0.0,0.0,True,1.5,False,1.5
2026-07-20T06:08:12.097743+00:00,SMC,SELL,1.5,False,PER_STRATEGY_MAX_OPEN_HIT,0.0,0.0,True,1.5,False,1.5
2026-07-20T06:09:12.512764+00:00,SMC,SELL,1.5,False,PER_STRATEGY_MAX_OPEN_HIT,0.0,0.0,True,1.5,False,1.5
2026-07-20T06:10:13.013625+00:00,SMC,SELL,1.5,False,PER_STRATEGY_MAX_OPEN_HIT,0.0,0.0,True,1.5,False,1.5
2026-07-20T06:11:13.405431+00:00,SMC,SELL,1.5,False,PER_STRATEGY_MAX_OPEN_HIT,0.0,0.0,True,1.5,False,1.5
2026-07-20T06:12:13.806507+00:00,SMC,SELL,1.5,False,PER_STRATEGY_MAX_OPEN_HIT,0.0,0.0,True,1.5,False,1.5
2026-07-20T06:13:14.225947+00:00,SMC,SELL,1.5,False,PER_STRATEGY_MAX_OPEN_HIT,0.0,0.0,True,1.5,False,1.5
2026-07-20T06:14:14.631253+00:00,SMC,SELL,1.5,False,PER_STRATEGY_MAX_OPEN_HIT,0.0,0.0,True,1.5,False,1.5
2026-07-20T06:15:15.088503+00:00,SMC,SELL,1.5,False,PER_STRATEGY_MAX_OPEN_HIT,0.0,0.0,True,1.5,False,1.5
2026-07-20T06:16:15.491046+00:00,SMC,SELL,1.5,False,PER_STRATEGY_MAX_OPEN_HIT,0.0,0.0,True,1.5,False,1.5
2026-07-20T06:17:15.906219+00:00,SMC,SELL,1.5,False,PER_STRATEGY_MAX_OPEN_HIT,0.0,0.0,True,1.5,False,1.5
2026-07-20T06:18:16.330622+00:00,SMC,SELL,1.5,False,PER_STRATEGY_MAX_OPEN_HIT,0.0,0.0,True,1.5,False,1.5
2026-07-20T06:19:16.725902+00:00,SMC,SELL,1.5,False,PER_STRATEGY_MAX_OPEN_HIT,0.0,0.0,True,1.5,False,1.5
2026-07-20T06:20:17.239375+00:00,SMC,SELL,1.5,False,PER_STRATEGY_MAX_OPEN_HIT,0.0,0.0,True,1.5,False,1.5
2026-07-20T06:21:17.607156+00:00,SMC,SELL,1.5,False,PER_STRATEGY_MAX_OPEN_HIT,0.0,0.0,True,1.5,False,1.5
2026-07-20T06:22:18.027376+00:00,SMC,SELL,1.5,False,PER_STRATEGY_MAX_OPEN_HIT,0.0,0.0,True,1.5,False,1.5
2026-07-20T06:23:18.436231+00:00,SMC,SELL,1.5,False,PER_STRATEGY_MAX_OPEN_HIT,0.0,0.0,True,1.5,False,1.5
2026-07-20T06:24:18.834677+00:00,SMC,SELL,1.5,False,PER_STRATEGY_MAX_OPEN_HIT,0.0,0.0,True,1.5,False,1.5
2026-07-20T06:25:19.285391+00:00,SMC,SELL,1.5,False,PER_STRATEGY_MAX_OPEN_HIT,0.0,0.0,True,1.5,False,1.5
2026-07-20T06:26:19.653418+00:00,SMC,SELL,1.5,False,PER_STRATEGY_MAX_OPEN_HIT,0.0,0.0,True,1.5,False,1.5
2026-07-20T06:27:20.074971+00:00,SMC,SELL,1.5,False,PER_STRATEGY_MAX_OPEN_HIT,0.0,0.0,True,1.5,False,1.5
2026-07-20T06:28:20.511929+00:00,SMC,SELL,1.5,False,PER_STRATEGY_MAX_OPEN_HIT,0.0,0.0,True,1.5,False,1.5
2026-07-20T06:29:20.905197+00:00,SMC,SELL,1.5,False,PER_STRATEGY_MAX_OPEN_HIT,0.0,0.0,True,1.5,False,1.5
2026-07-20T06:30:21.416759+00:00,SMC,SELL,1.5,False,PER_STRATEGY_MAX_OPEN_HIT,0.0,0.0,True,1.5,False,1.5
2026-07-20T06:31:21.795058+00:00,SMC,SELL,1.5,False,PER_STRATEGY_MAX_OPEN_HIT,0.0,0.0,True,1.5,False,1.5
2026-07-20T06:32:22.286999+00:00,SMC,SELL,1.5,False,PER_STRATEGY_MAX_OPEN_HIT,0.0,0.0,True,1.5,False,1.5
2026-07-20T06:33:22.680636+00:00,SMC,SELL,1.5,False,PER_STRATEGY_MAX_OPEN_HIT,0.0,0.0,True,1.5,False,1.5
2026-07-20T06:34:23.104627+00:00,SMC,SELL,1.5,False,PER_STRATEGY_MAX_OPEN_HIT,0.0,0.0,True,1.5,False,1.5
2026-07-20T06:35:23.533432+00:00,SMC,SELL,1.5,False,PER_STRATEGY_MAX_OPEN_HIT,0.0,0.0,True,1.5,False,1.5
2026-07-20T06:36:23.928999+00:00,SMC,SELL,1.5,False,PER_STRATEGY_MAX_OPEN_HIT,0.0,0.0,True,1.5,False,1.5
2026-07-20T06:37:24.348527+00:00,SMC,SELL,1.5,False,PER_STRATEGY_MAX_OPEN_HIT,0.0,0.0,True,1.5,False,1.5
2026-07-20T06:38:24.750033+00:00,SMC,SELL,1.5,False,PER_STRATEGY_MAX_OPEN_HIT,0.0,0.0,True,1.5,False,1.5
2026-07-20T06:39:25.156139+00:00,SMC,SELL,1.5,False,PER_STRATEGY_MAX_OPEN_HIT,0.0,0.0,True,1.5,False,1.5
2026-07-20T06:40:25.580547+00:00,SMC,SELL,1.5,False,PER_STRATEGY_MAX_OPEN_HIT,0.0,0.0,True,1.5,False,1.5
2026-07-20T06:41:25.963087+00:00,SMC,SELL,1.5,False,PER_STRATEGY_MAX_OPEN_HIT,0.0,0.0,True,1.5,False,1.5
2026-07-20T06:42:26.440028+00:00,SMC,SELL,1.5,False,PER_STRATEGY_MAX_OPEN_HIT,0.0,0.0,True,1.5,False,1.5
2026-07-20T06:43:26.853782+00:00,SMC,SELL,1.5,False,PER_STRATEGY_MAX_OPEN_HIT,0.0,0.0,True,1.5,False,1.5
2026-07-20T06:44:27.270801+00:00,SMC,SELL,1.5,False,PER_STRATEGY_MAX_OPEN_HIT,0.0,0.0,True,1.5,False,1.5
2026-07-20T06:45:27.709347+00:00,SMC,SELL,1.5,False,PER_STRATEGY_MAX_OPEN_HIT,0.0,0.0,True,1.5,False,1.5
2026-07-20T06:46:28.100308+00:00,SMC,SELL,1.5,False,PER_STRATEGY_MAX_OPEN_HIT,0.0,0.0,True,1.5,False,1.5
2026-07-20T06:47:28.514073+00:00,SMC,SELL,1.5,False,PER_STRATEGY_MAX_OPEN_HIT,0.0,0.0,True,1.5,False,1.5
2026-07-20T06:48:28.914916+00:00,SMC,SELL,1.5,False,PER_STRATEGY_MAX_OPEN_HIT,0.0,0.0,True,1.5,False,1.5
2026-07-20T06:49:29.322541+00:00,SMC,SELL,1.5,False,PER_STRATEGY_MAX_OPEN_HIT,0.0,0.0,True,1.5,False,1.5
2026-07-20T06:50:29.757405+00:00,SMC,SELL,1.5,False,PER_STRATEGY_MAX_OPEN_HIT,0.0,0.0,True,1.5,False,1.5
2026-07-20T06:51:30.133574+00:00,SMC,SELL,1.5,False,PER_STRATEGY_MAX_OPEN_HIT,0.0,0.0,True,1.5,False,1.5
2026-07-20T06:52:30.531222+00:00,SMC,SELL,1.5,False,PER_STRATEGY_MAX_OPEN_HIT,0.0,0.0,True,1.5,False,1.5
2026-07-20T06:53:30.935678+00:00,SMC,SELL,1.5,False,PER_STRATEGY_MAX_OPEN_HIT,0.0,0.0,True,1.5,False,1.5
2026-07-20T06:54:31.366389+00:00,SMC,SELL,1.5,False,PER_STRATEGY_MAX_OPEN_HIT,0.0,0.0,True,1.5,False,1.5
2026-07-20T06:55:31.863865+00:00,SMC,SELL,1.5,False,PER_STRATEGY_MAX_OPEN_HIT,0.0,0.0,True,1.5,False,1.5
2026-07-20T06:56:32.255789+00:00,SMC,SELL,1.5,False,PER_STRATEGY_MAX_OPEN_HIT,0.0,0.0,True,1.5,False,1.5
2026-07-20T06:57:32.660709+00:00,SMC,SELL,1.5,False,PER_STRATEGY_MAX_OPEN_HIT,0.0,0.0,True,1.5,False,1.5
2026-07-20T06:58:33.092870+00:00,SMC,SELL,1.5,False,PER_STRATEGY_MAX_OPEN_HIT,0.0,0.0,True,1.5,False,1.5
2026-07-20T06:59:33.532813+00:00,SMC,SELL,1.5,False,PER_STRATEGY_MAX_OPEN_HIT,0.0,0.0,True,1.5,False,1.5
2026-07-20T07:00:33.943926+00:00,SMC,SELL,1.5,False,PER_STRATEGY_MAX_OPEN_HIT,0.0,0.0,True,1.5,False,1.5
2026-07-20T07:01:34.367435+00:00,SMC,SELL,1.5,False,PER_STRATEGY_MAX_OPEN_HIT,0.0,0.0,True,1.5,False,1.5
2026-07-20T07:02:34.732796+00:00,SMC,SELL,1.5,False,PER_STRATEGY_MAX_OPEN_HIT,0.0,0.0,True,1.5,False,1.5
2026-07-20T07:03:35.122321+00:00,SMC,SELL,1.5,False,PER_STRATEGY_MAX_OPEN_HIT,0.0,0.0,True,1.5,False,1.5
2026-07-20T07:04:35.495957+00:00,SMC,SELL,1.5,False,PER_STRATEGY_MAX_OPEN_HIT,0.0,0.0,True,1.5,False,1.5
2026-07-20T07:05:35.947106+00:00,SMC,SELL,1.5,False,PER_STRATEGY_MAX_OPEN_HIT,0.0,0.0,True,1.5,False,1.5
2026-07-20T07:06:36.321539+00:00,SMC,SELL,1.5,False,PER_STRATEGY_MAX_OPEN_HIT,0.0,0.0,True,1.5,False,1.5
2026-07-20T07:07:36.741283+00:00,SMC,SELL,1.5,False,PER_STRATEGY_MAX_OPEN_HIT,0.0,0.0,True,1.5,False,1.5
2026-07-20T07:08:37.214932+00:00,SMC,SELL,1.5,False,PER_STRATEGY_MAX_OPEN_HIT,0.0,0.0,True,1.5,False,1.5
2026-07-20T07:09:37.596100+00:00,SMC,SELL,1.5,False,PER_STRATEGY_MAX_OPEN_HIT,0.0,0.0,True,1.5,False,1.5
2026-07-20T07:10:38.272204+00:00,SMC,SELL,1.5,False,PER_STRATEGY_MAX_OPEN_HIT,0.0,0.0,True,1.5,False,1.5
2026-07-20T07:11:38.671863+00:00,SMC,SELL,1.5,False,PER_STRATEGY_MAX_OPEN_HIT,0.0,0.0,True,1.5,False,1.5
2026-07-20T07:12:39.083507+00:00,SMC,SELL,1.5,False,PER_STRATEGY_MAX_OPEN_HIT,0.0,0.0,True,1.5,False,1.5
2026-07-20T07:13:39.483680+00:00,SMC,SELL,1.5,False,PER_STRATEGY_MAX_OPEN_HIT,0.0,0.0,True,1.5,False,1.5
2026-07-20T07:14:39.880144+00:00,SMC,SELL,1.5,False,PER_STRATEGY_MAX_OPEN_HIT,0.0,0.0,True,1.5,False,1.5
2026-07-20T07:15:40.332124+00:00,SMC,SELL,1.5,False,PER_STRATEGY_MAX_OPEN_HIT,0.0,0.0,True,1.5,False,1.5
2026-07-20T07:16:40.690319+00:00,SMC,SELL,1.5,False,PER_STRATEGY_MAX_OPEN_HIT,0.0,0.0,True,1.5,False,1.5
2026-07-20T07:17:41.102617+00:00,SMC,SELL,1.5,False,PER_STRATEGY_MAX_OPEN_HIT,0.0,0.0,True,1.5,False,1.5
2026-07-20T07:18:41.536883+00:00,SMC,SELL,1.5,False,PER_STRATEGY_MAX_OPEN_HIT,0.0,0.0,True,1.5,False,1.5
2026-07-20T07:19:41.972371+00:00,SMC,SELL,1.5,False,PER_STRATEGY_MAX_OPEN_HIT,0.0,0.0,True,1.5,False,1.5
2026-07-20T07:20:42.457281+00:00,SMC,SELL,1.5,False,PER_STRATEGY_MAX_OPEN_HIT,0.0,0.0,True,1.5,False,1.5
2026-07-20T07:21:42.824281+00:00,SMC,SELL,1.5,False,PER_STRATEGY_MAX_OPEN_HIT,0.0,0.0,True,1.5,False,1.5
2026-07-20T07:22:43.244849+00:00,SMC,SELL,1.5,True,,0.75,0.07,True,1.5,True,0.75
2026-07-20T07:22:44.144437+00:00,MICRO,BUY,1.35,True,,0.75,0.07,True,1.35,True,0.6
2026-07-20T07:24:45.395875+00:00,MICRO,BUY,1.35,True,,0.75,0.07,True,1.35,True,0.6
2026-07-20T07:26:46.631716+00:00,SMC,SELL,1.5,False,PER_STRATEGY_MAX_OPEN_HIT,0.0,0.0,True,1.5,False,1.5
2026-07-20T07:27:47.039129+00:00,SMC,SELL,1.5,False,PER_STRATEGY_MAX_OPEN_HIT,0.0,0.0,True,1.5,False,1.5
2026-07-20T07:28:47.491688+00:00,SMC,SELL,1.5,False,PER_STRATEGY_MAX_OPEN_HIT,0.0,0.0,True,1.5,False,1.5
2026-07-20T07:29:47.937752+00:00,SMC,SELL,1.5,False,PER_STRATEGY_MAX_OPEN_HIT,0.0,0.0,True,1.5,False,1.5
2026-07-20T07:30:48.401676+00:00,SMC,SELL,1.5,False,PER_STRATEGY_MAX_OPEN_HIT,0.0,0.0,True,1.5,False,1.5
2026-07-20T07:31:48.806319+00:00,SMC,SELL,1.5,False,PER_STRATEGY_MAX_OPEN_HIT,0.0,0.0,True,1.5,False,1.5
2026-07-20T07:32:49.208467+00:00,SMC,SELL,1.5,False,PER_STRATEGY_MAX_OPEN_HIT,0.0,0.0,True,1.5,False,1.5
2026-07-20T07:33:49.597576+00:00,MICRO,BUY,1.35,True,,0.75,0.07,True,1.35,True,0.6
2026-07-20T07:34:50.177579+00:00,MICRO,BUY,1.35,True,,0.75,0.07,True,1.35,True,0.6
2026-07-20T07:35:50.864174+00:00,MICRO,BUY,1.35,True,,0.75,0.07,True,1.35,True,0.6
2026-07-20T07:36:51.457645+00:00,MICRO,BUY,1.35,True,,0.75,0.07,True,1.35,True,0.6
2026-07-20T07:38:53.318265+00:00,MICRO,BUY,1.35,False,PER_STRATEGY_MAX_OPEN_HIT,0.0,0.0,True,1.35,False,1.35
2026-07-20T07:39:53.911281+00:00,MICRO,BUY,1.35,False,PER_STRATEGY_MAX_OPEN_HIT,0.0,0.0,True,1.35,False,1.35
2026-07-20T07:42:55.731131+00:00,MICRO,BUY,1.35,False,PER_STRATEGY_MAX_OPEN_HIT,0.0,0.0,True,1.35,False,1.35
2026-07-20T07:43:56.335434+00:00,MICRO,BUY,1.35,False,PER_STRATEGY_MAX_OPEN_HIT,0.0,0.0,True,1.35,False,1.35
2026-07-20T07:57:04.413663+00:00,MICRO,BUY,1.35,False,PER_STRATEGY_MAX_OPEN_HIT,0.0,0.0,True,1.35,False,1.35
2026-07-20T10:00:06.576829+00:00,SMC,SELL,1.5,True,,0.75,0.07,True,1.5,True,0.75
2026-07-20T10:04:10.878610+00:00,SMC,SELL,1.5,False,PER_STRATEGY_MAX_OPEN_HIT,0.0,0.0,True,1.5,False,1.5
2026-07-20T10:05:11.326269+00:00,SMC,SELL,1.5,False,PER_STRATEGY_MAX_OPEN_HIT,0.0,0.0,True,1.5,False,1.5
2026-07-20T10:06:11.783470+00:00,SMC,SELL,1.5,False,PER_STRATEGY_MAX_OPEN_HIT,0.0,0.0,True,1.5,False,1.5
2026-07-20T10:07:12.284673+00:00,SMC,SELL,1.5,False,PER_STRATEGY_MAX_OPEN_HIT,0.0,0.0,True,1.5,False,1.5
2026-07-20T10:08:12.773069+00:00,SMC,SELL,1.5,False,PER_STRATEGY_MAX_OPEN_HIT,0.0,0.0,True,1.5,False,1.5
2026-07-20T10:09:13.245277+00:00,SMC,SELL,1.5,False,PER_STRATEGY_MAX_OPEN_HIT,0.0,0.0,True,1.5,False,1.5
2026-07-20T10:10:13.752382+00:00,SMC,SELL,1.5,False,PER_STRATEGY_MAX_OPEN_HIT,0.0,0.0,True,1.5,False,1.5
2026-07-20T10:11:14.206105+00:00,SMC,SELL,1.5,False,PER_STRATEGY_MAX_OPEN_HIT,0.0,0.0,True,1.5,False,1.5
2026-07-20T10:12:14.673843+00:00,SMC,SELL,1.5,False,PER_STRATEGY_MAX_OPEN_HIT,0.0,0.0,True,1.5,False,1.5
2026-07-20T10:13:15.138741+00:00,SMC,SELL,1.5,False,PER_STRATEGY_MAX_OPEN_HIT,0.0,0.0,True,1.5,False,1.5
2026-07-20T10:14:15.607616+00:00,SMC,SELL,1.5,False,PER_STRATEGY_MAX_OPEN_HIT,0.0,0.0,True,1.5,False,1.5
2026-07-20T10:15:16.114814+00:00,SMC,SELL,1.5,False,PER_STRATEGY_MAX_OPEN_HIT,0.0,0.0,True,1.5,False,1.5
2026-07-20T10:16:16.567405+00:00,SMC,SELL,1.5,False,PER_STRATEGY_MAX_OPEN_HIT,0.0,0.0,True,1.5,False,1.5
2026-07-20T10:17:17.017150+00:00,SMC,SELL,1.5,False,PER_STRATEGY_MAX_OPEN_HIT,0.0,0.0,True,1.5,False,1.5
2026-07-20T10:18:17.483737+00:00,SMC,SELL,1.5,False,PER_STRATEGY_MAX_OPEN_HIT,0.0,0.0,True,1.5,False,1.5
2026-07-20T10:19:17.936327+00:00,SMC,SELL,1.5,False,PER_STRATEGY_MAX_OPEN_HIT,0.0,0.0,True,1.5,False,1.5
2026-07-20T10:20:18.424226+00:00,SMC,SELL,1.5,False,PER_STRATEGY_MAX_OPEN_HIT,0.0,0.0,True,1.5,False,1.5
2026-07-20T10:38:20.554945+00:00,SMC,SELL,1.5,False,PER_STRATEGY_MAX_OPEN_HIT,0.0,0.0,True,1.5,False,1.5
2026-07-20T10:40:21.069916+00:00,SMC,SELL,1.5,False,PER_STRATEGY_MAX_OPEN_HIT,0.0,0.0,True,1.5,False,1.5
2026-07-20T10:45:21.644769+00:00,SMC,SELL,1.5,False,PER_STRATEGY_MAX_OPEN_HIT,0.0,0.0,True,1.5,False,1.5
2026-07-20T10:46:22.080499+00:00,SMC,SELL,1.5,False,PER_STRATEGY_MAX_OPEN_HIT,0.0,0.0,True,1.5,False,1.5
2026-07-20T10:47:22.488093+00:00,SMC,SELL,1.5,False,PER_STRATEGY_MAX_OPEN_HIT,0.0,0.0,True,1.5,False,1.5
2026-07-20T10:48:22.953653+00:00,SMC,SELL,1.5,False,PER_STRATEGY_MAX_OPEN_HIT,0.0,0.0,True,1.5,False,1.5
2026-07-20T10:49:23.493733+00:00,SMC,SELL,1.5,False,PER_STRATEGY_MAX_OPEN_HIT,0.0,0.0,True,1.5,False,1.5
2026-07-20T10:50:24.019336+00:00,SMC,SELL,1.5,False,PER_STRATEGY_MAX_OPEN_HIT,0.0,0.0,True,1.5,False,1.5
2026-07-20T10:51:24.429543+00:00,MICRO,BUY,1.35,True,,0.75,0.07,True,1.35,True,0.6
2026-07-20T10:52:25.787831+00:00,SMC,SELL,1.5,False,PER_STRATEGY_MAX_OPEN_HIT,0.0,0.0,True,1.5,False,1.5
2026-07-20T10:53:26.308456+00:00,MICRO,BUY,1.35,True,,0.75,0.07,True,1.35,True,0.6
2026-07-20T10:54:27.102139+00:00,MICRO,BUY,1.35,True,,0.75,0.07,True,1.35,True,0.6
2026-07-20T11:00:30.637675+00:00,SMC,BUY,1.5,False,PER_STRATEGY_MAX_OPEN_HIT,0.0,0.0,True,1.5,False,1.5
2026-07-20T11:01:31.039211+00:00,SMC,BUY,1.5,False,PER_STRATEGY_MAX_OPEN_HIT,0.0,0.0,True,1.5,False,1.5
2026-07-20T11:02:31.480844+00:00,SMC,BUY,1.5,False,PER_STRATEGY_MAX_OPEN_HIT,0.0,0.0,True,1.5,False,1.5
2026-07-20T11:31:45.472109+00:00,MICRO,BUY,1.35,True,,0.75,0.07,True,1.35,True,0.6
2026-07-20T11:33:47.285640+00:00,MICRO,BUY,1.35,False,PER_STRATEGY_MAX_OPEN_HIT,0.0,0.0,True,1.35,False,1.35
2026-07-20T11:34:47.851360+00:00,MICRO,BUY,1.35,False,PER_STRATEGY_MAX_OPEN_HIT,0.0,0.0,True,1.35,False,1.35
2026-07-20T11:46:54.969052+00:00,MICRO,SELL,1.35,False,PER_STRATEGY_MAX_OPEN_HIT,0.0,0.0,True,1.35,False,1.35
2026-07-20T11:47:55.770769+00:00,MICRO,SELL,1.35,False,PER_STRATEGY_MAX_OPEN_HIT,0.0,0.0,True,1.35,False,1.35
2026-07-20T11:48:56.329887+00:00,MICRO,SELL,1.35,False,PER_STRATEGY_MAX_OPEN_HIT,0.0,0.0,True,1.35,False,1.35
2026-07-20T11:50:56.901192+00:00,SMC,SELL,1.5,True,,0.75,0.07,True,1.5,True,0.75
2026-07-20T11:50:56.931397+00:00,MICRO,SELL,1.35,False,PER_STRATEGY_MAX_OPEN_HIT,0.0,0.0,True,1.35,False,1.35
2026-07-20T12:00:00.000794+00:00,SMC,SELL,1.5,True,,0.75,0.07,True,1.5,True,0.75
2026-07-20T12:01:00.756176+00:00,SMC,SELL,1.5,True,,0.75,0.07,True,1.5,True,0.75
2026-07-20T12:01:01.388343+00:00,MICRO,SELL,1.35,True,,0.75,0.07,True,1.35,True,0.6
2026-07-20T12:03:03.168558+00:00,MICRO,SELL,1.35,False,PER_STRATEGY_MAX_OPEN_HIT,0.0,0.0,True,1.35,False,1.35
2026-07-20T12:04:03.782539+00:00,MICRO,SELL,1.35,False,PER_STRATEGY_MAX_OPEN_HIT,0.0,0.0,True,1.35,False,1.35
2026-07-20T12:05:04.345571+00:00,SMC,SELL,1.5,False,PER_STRATEGY_MAX_OPEN_HIT,0.0,0.0,True,1.5,False,1.5
2026-07-20T12:06:04.738439+00:00,SMC,SELL,1.5,False,PER_STRATEGY_MAX_OPEN_HIT,0.0,0.0,True,1.5,False,1.5
2026-07-20T12:07:05.155730+00:00,SMC,SELL,1.5,False,PER_STRATEGY_MAX_OPEN_HIT,0.0,0.0,True,1.5,False,1.5
2026-07-20T12:08:05.590285+00:00,SMC,SELL,1.5,False,PER_STRATEGY_MAX_OPEN_HIT,0.0,0.0,True,1.5,False,1.5
2026-07-20T12:09:06.031809+00:00,SMC,SELL,1.5,False,PER_STRATEGY_MAX_OPEN_HIT,0.0,0.0,True,1.5,False,1.5
2026-07-20T12:14:08.708219+00:00,SMC,SELL,1.5,False,PER_STRATEGY_MAX_OPEN_HIT,0.0,0.0,True,1.5,False,1.5
2026-07-20T12:15:09.112548+00:00,SMC,SELL,1.5,False,PER_STRATEGY_MAX_OPEN_HIT,0.0,0.0,True,1.5,False,1.5
2026-07-20T12:16:09.541151+00:00,SMC,SELL,1.5,False,PER_STRATEGY_MAX_OPEN_HIT,0.0,0.0,True,1.5,False,1.5
2026-07-20T12:17:09.952607+00:00,SMC,SELL,1.5,False,PER_STRATEGY_MAX_OPEN_HIT,0.0,0.0,True,1.5,False,1.5
2026-07-20T12:18:10.353910+00:00,SMC,SELL,1.5,False,PER_STRATEGY_MAX_OPEN_HIT,0.0,0.0,True,1.5,False,1.5
2026-07-20T12:19:10.795208+00:00,SMC,SELL,1.5,False,PER_STRATEGY_MAX_OPEN_HIT,0.0,0.0,True,1.5,False,1.5
2026-07-20T12:20:11.198965+00:00,SMC,SELL,1.5,False,PER_STRATEGY_MAX_OPEN_HIT,0.0,0.0,True,1.5,False,1.5
2026-07-20T12:21:11.650227+00:00,SMC,SELL,1.5,False,PER_STRATEGY_MAX_OPEN_HIT,0.0,0.0,True,1.5,False,1.5
2026-07-20T12:22:12.156954+00:00,SMC,SELL,1.5,False,PER_STRATEGY_MAX_OPEN_HIT,0.0,0.0,True,1.5,False,1.5
2026-07-20T12:23:12.668097+00:00,SMC,SELL,1.5,False,PER_STRATEGY_MAX_OPEN_HIT,0.0,0.0,True,1.5,False,1.5
2026-07-20T12:24:13.111597+00:00,SMC,SELL,1.5,False,PER_STRATEGY_MAX_OPEN_HIT,0.0,0.0,True,1.5,False,1.5
2026-07-20T12:35:14.942323+00:00,SMC,SELL,1.5,False,PER_STRATEGY_MAX_OPEN_HIT,0.0,0.0,True,1.5,False,1.5
2026-07-20T12:36:15.343465+00:00,SMC,SELL,1.5,False,PER_STRATEGY_MAX_OPEN_HIT,0.0,0.0,True,1.5,False,1.5
2026-07-20T12:37:15.780316+00:00,SMC,SELL,1.5,False,PER_STRATEGY_MAX_OPEN_HIT,0.0,0.0,True,1.5,False,1.5
2026-07-20T12:38:16.207926+00:00,SMC,SELL,1.5,False,PER_STRATEGY_MAX_OPEN_HIT,0.0,0.0,True,1.5,False,1.5
2026-07-20T12:39:16.638536+00:00,SMC,SELL,1.5,False,PER_STRATEGY_MAX_OPEN_HIT,0.0,0.0,True,1.5,False,1.5
2026-07-20T12:40:17.289598+00:00,SMC,SELL,1.5,False,PER_STRATEGY_MAX_OPEN_HIT,0.0,0.0,True,1.5,False,1.5
2026-07-20T12:41:17.679699+00:00,SMC,SELL,1.5,False,PER_STRATEGY_MAX_OPEN_HIT,0.0,0.0,True,1.5,False,1.5
2026-07-20T12:42:18.186969+00:00,SMC,SELL,1.5,False,PER_STRATEGY_MAX_OPEN_HIT,0.0,0.0,True,1.5,False,1.5
2026-07-20T12:43:18.998155+00:00,SMC,SELL,1.5,False,PER_STRATEGY_MAX_OPEN_HIT,0.0,0.0,True,1.5,False,1.5
2026-07-20T12:44:19.405857+00:00,SMC,SELL,1.5,False,PER_STRATEGY_MAX_OPEN_HIT,0.0,0.0,True,1.5,False,1.5
2026-07-20T12:45:19.845517+00:00,SMC,SELL,1.5,False,PER_STRATEGY_MAX_OPEN_HIT,0.0,0.0,True,1.5,False,1.5
2026-07-20T12:46:20.220566+00:00,SMC,SELL,1.5,False,PER_STRATEGY_MAX_OPEN_HIT,0.0,0.0,True,1.5,False,1.5
2026-07-20T12:47:20.635320+00:00,SMC,SELL,1.5,True,,0.75,0.07,True,1.5,True,0.75
2026-07-20T12:47:21.270325+00:00,MICRO,BUY,1.35,True,,0.75,0.07,True,1.35,True,0.6
2026-07-20T12:48:22.004573+00:00,MICRO,BUY,1.35,True,,0.75,0.07,True,1.35,True,0.6
2026-07-20T12:51:23.811229+00:00,SMC,SELL,1.5,False,PER_STRATEGY_MAX_OPEN_HIT,0.0,0.0,True,1.5,False,1.5
2026-07-20T12:52:24.225433+00:00,SMC,SELL,1.5,False,PER_STRATEGY_MAX_OPEN_HIT,0.0,0.0,True,1.5,False,1.5
2026-07-20T12:53:24.622923+00:00,SMC,SELL,1.5,False,PER_STRATEGY_MAX_OPEN_HIT,0.0,0.0,True,1.5,False,1.5
2026-07-20T12:54:25.032234+00:00,SMC,SELL,1.5,False,PER_STRATEGY_MAX_OPEN_HIT,0.0,0.0,True,1.5,False,1.5
2026-07-20T13:05:27.734864+00:00,SMC,SELL,1.5,False,PER_STRATEGY_MAX_OPEN_HIT,0.0,0.0,True,1.5,False,1.5
2026-07-20T13:06:28.105306+00:00,SMC,SELL,1.5,False,PER_STRATEGY_MAX_OPEN_HIT,0.0,0.0,True,1.5,False,1.5
2026-07-20T13:07:28.522079+00:00,SMC,SELL,1.5,False,PER_STRATEGY_MAX_OPEN_HIT,0.0,0.0,True,1.5,False,1.5
2026-07-20T13:08:28.937189+00:00,SMC,SELL,1.5,False,PER_STRATEGY_MAX_OPEN_HIT,0.0,0.0,True,1.5,False,1.5
2026-07-20T13:09:29.342459+00:00,SMC,SELL,1.5,False,PER_STRATEGY_MAX_OPEN_HIT,0.0,0.0,True,1.5,False,1.5
2026-07-20T13:10:29.767746+00:00,SMC,SELL,1.5,False,PER_STRATEGY_MAX_OPEN_HIT,0.0,0.0,True,1.5,False,1.5
2026-07-20T13:11:30.147729+00:00,SMC,SELL,1.5,False,PER_STRATEGY_MAX_OPEN_HIT,0.0,0.0,True,1.5,False,1.5
2026-07-20T13:12:30.535931+00:00,SMC,SELL,1.5,False,PER_STRATEGY_MAX_OPEN_HIT,0.0,0.0,True,1.5,False,1.5
2026-07-20T13:13:30.960320+00:00,SMC,SELL,1.5,False,PER_STRATEGY_MAX_OPEN_HIT,0.0,0.0,True,1.5,False,1.5
2026-07-20T13:14:31.376006+00:00,SMC,SELL,1.5,False,PER_STRATEGY_MAX_OPEN_HIT,0.0,0.0,True,1.5,False,1.5
2026-07-20T13:15:31.825326+00:00,SMC,SELL,1.5,False,PER_STRATEGY_MAX_OPEN_HIT,0.0,0.0,True,1.5,False,1.5
2026-07-20T13:16:32.219218+00:00,SMC,SELL,1.5,False,PER_STRATEGY_MAX_OPEN_HIT,0.0,0.0,True,1.5,False,1.5
2026-07-20T13:17:32.620785+00:00,SMC,SELL,1.5,False,PER_STRATEGY_MAX_OPEN_HIT,0.0,0.0,True,1.5,False,1.5
2026-07-20T13:18:33.030798+00:00,SMC,SELL,1.5,False,PER_STRATEGY_MAX_OPEN_HIT,0.0,0.0,True,1.5,False,1.5
2026-07-20T13:19:33.415378+00:00,SMC,SELL,1.5,False,PER_STRATEGY_MAX_OPEN_HIT,0.0,0.0,True,1.5,False,1.5
2026-07-20T13:20:33.855714+00:00,SMC,SELL,1.5,False,PER_STRATEGY_MAX_OPEN_HIT,0.0,0.0,True,1.5,False,1.5
2026-07-20T13:21:34.249784+00:00,SMC,SELL,1.5,False,PER_STRATEGY_MAX_OPEN_HIT,0.0,0.0,True,1.5,False,1.5
2026-07-20T13:22:34.671027+00:00,SMC,SELL,1.5,False,PER_STRATEGY_MAX_OPEN_HIT,0.0,0.0,True,1.5,False,1.5
2026-07-20T13:23:35.082587+00:00,SMC,SELL,1.5,False,PER_STRATEGY_MAX_OPEN_HIT,0.0,0.0,True,1.5,False,1.5
2026-07-20T13:24:35.503528+00:00,SMC,SELL,1.5,False,PER_STRATEGY_MAX_OPEN_HIT,0.0,0.0,True,1.5,False,1.5
2026-07-20T13:35:38.019484+00:00,SMC,SELL,1.5,False,PER_STRATEGY_MAX_OPEN_HIT,0.0,0.0,True,1.5,False,1.5
2026-07-20T13:36:38.387876+00:00,SMC,SELL,1.5,False,PER_STRATEGY_MAX_OPEN_HIT,0.0,0.0,True,1.5,False,1.5
2026-07-20T13:37:38.948533+00:00,SMC,SELL,1.5,False,PER_STRATEGY_MAX_OPEN_HIT,0.0,0.0,True,1.5,False,1.5
2026-07-20T13:38:39.380346+00:00,SMC,SELL,1.35,False,PER_STRATEGY_MAX_OPEN_HIT,0.0,0.0,True,1.35,False,1.35
2026-07-20T13:39:39.783786+00:00,SMC,SELL,1.5,False,PER_STRATEGY_MAX_OPEN_HIT,0.0,0.0,True,1.5,False,1.5
2026-07-20T13:40:40.261759+00:00,SMC,SELL,1.35,False,PER_STRATEGY_MAX_OPEN_HIT,0.0,0.0,True,1.35,False,1.35
2026-07-20T13:41:40.630723+00:00,SMC,SELL,1.35,False,PER_STRATEGY_MAX_OPEN_HIT,0.0,0.0,True,1.35,False,1.35
2026-07-20T13:42:41.195875+00:00,SMC,SELL,1.35,False,PER_STRATEGY_MAX_OPEN_HIT,0.0,0.0,True,1.35,False,1.35
2026-07-20T13:43:41.589285+00:00,SMC,SELL,1.35,False,PER_STRATEGY_MAX_OPEN_HIT,0.0,0.0,True,1.35,False,1.35
2026-07-20T13:44:41.969384+00:00,SMC,SELL,1.5,False,PER_STRATEGY_MAX_OPEN_HIT,0.0,0.0,True,1.5,False,1.5
2026-07-20T13:45:42.415812+00:00,SMC,SELL,1.5,False,PER_STRATEGY_MAX_OPEN_HIT,0.0,0.0,True,1.5,False,1.5
2026-07-20T13:46:42.794458+00:00,SMC,SELL,1.5,False,PER_STRATEGY_MAX_OPEN_HIT,0.0,0.0,True,1.5,False,1.5
2026-07-20T13:47:43.206467+00:00,SMC,SELL,1.5,False,PER_STRATEGY_MAX_OPEN_HIT,0.0,0.0,True,1.5,False,1.5
2026-07-20T13:48:43.600763+00:00,SMC,SELL,1.5,False,PER_STRATEGY_MAX_OPEN_HIT,0.0,0.0,True,1.5,False,1.5
2026-07-20T13:49:44.032249+00:00,SMC,SELL,1.5,False,PER_STRATEGY_MAX_OPEN_HIT,0.0,0.0,True,1.5,False,1.5
2026-07-20T13:50:44.470330+00:00,SMC,SELL,1.5,False,PER_STRATEGY_MAX_OPEN_HIT,0.0,0.0,True,1.5,False,1.5
2026-07-20T13:51:44.863190+00:00,SMC,SELL,1.5,False,PER_STRATEGY_MAX_OPEN_HIT,0.0,0.0,True,1.5,False,1.5
2026-07-20T13:52:45.288099+00:00,SMC,SELL,1.5,False,PER_STRATEGY_MAX_OPEN_HIT,0.0,0.0,True,1.5,False,1.5
2026-07-20T13:53:45.689457+00:00,SMC,SELL,1.5,False,PER_STRATEGY_MAX_OPEN_HIT,0.0,0.0,True,1.5,False,1.5
2026-07-20T13:54:46.103172+00:00,SMC,SELL,1.5,False,PER_STRATEGY_MAX_OPEN_HIT,0.0,0.0,True,1.5,False,1.5
2026-07-20T13:55:46.531544+00:00,SMC,SELL,1.5,False,PER_STRATEGY_MAX_OPEN_HIT,0.0,0.0,True,1.5,False,1.5
2026-07-20T13:56:46.933892+00:00,SMC,SELL,1.5,False,PER_STRATEGY_MAX_OPEN_HIT,0.0,0.0,True,1.5,False,1.5
2026-07-20T13:57:47.345426+00:00,SMC,SELL,1.5,False,PER_STRATEGY_MAX_OPEN_HIT,0.0,0.0,True,1.5,False,1.5
2026-07-20T13:58:47.748610+00:00,SMC,SELL,1.5,False,PER_STRATEGY_MAX_OPEN_HIT,0.0,0.0,True,1.5,False,1.5
2026-07-20T13:59:48.164693+00:00,SMC,SELL,1.5,False,PER_STRATEGY_MAX_OPEN_HIT,0.0,0.0,True,1.5,False,1.5
2026-07-20T14:02:50.089650+00:00,MICRO,SELL,1.35,True,,0.75,0.07,True,1.35,True,0.6
2026-07-20T14:09:55.194858+00:00,MICRO,SELL,1.35,False,PER_STRATEGY_MAX_OPEN_HIT,0.0,0.0,True,1.35,False,1.35
2026-07-20T14:47:09.639020+00:00,MICRO,BUY,1.35,False,PER_STRATEGY_MAX_OPEN_HIT,0.0,0.0,True,1.35,False,1.35
2026-07-20T14:48:10.274573+00:00,MICRO,BUY,1.35,False,PER_STRATEGY_MAX_OPEN_HIT,0.0,0.0,True,1.35,False,1.35
2026-07-20T15:10:20.268086+00:00,SMC,BUY,1.35,True,,0.75,0.07,True,1.35,True,0.6
2026-07-20T15:15:23.596232+00:00,SMC,BUY,1.35,True,,0.75,0.07,True,1.35,True,0.6
2026-07-20T15:16:24.381413+00:00,SMC,BUY,1.35,True,,0.75,0.07,True,1.35,True,0.6
2026-07-20T15:23:28.971896+00:00,SMC,BUY,1.5,True,,0.75,0.07,True,1.5,True,0.75
2026-07-20T15:24:29.729338+00:00,SMC,BUY,1.35,True,,0.75,0.07,True,1.35,True,0.6
2026-07-20T16:50:13.689287+00:00,SMC,BUY,1.5,True,,0.75,0.07,True,1.5,True,0.75
2026-07-20T16:58:20.076630+00:00,MICRO,BUY,1.35,True,,0.75,0.07,True,1.35,True,0.6
2026-07-20T17:01:22.174891+00:00,MICRO,BUY,1.35,False,PER_STRATEGY_MAX_OPEN_HIT,0.0,0.0,True,1.35,False,1.35
2026-07-20T17:03:22.922220+00:00,MICRO,BUY,1.35,False,PER_STRATEGY_MAX_OPEN_HIT,0.0,0.0,True,1.35,False,1.35
2026-07-20T17:22:27.263034+00:00,MICRO,BUY,1.35,False,PER_STRATEGY_MAX_OPEN_HIT,0.0,0.0,True,1.35,False,1.35
2026-07-20T17:30:32.521438+00:00,SMC,BUY,1.5,True,,0.75,0.07,True,1.5,True,0.75
2026-07-20T17:47:43.390584+00:00,MICRO,SELL,1.35,False,PER_STRATEGY_MAX_OPEN_HIT,0.0,0.0,True,1.35,False,1.35
2026-07-20T17:49:44.728417+00:00,MICRO,SELL,1.35,False,PER_STRATEGY_MAX_OPEN_HIT,0.0,0.0,True,1.35,False,1.35
2026-07-20T17:50:46.055004+00:00,MICRO,SELL,1.35,False,PER_STRATEGY_MAX_OPEN_HIT,0.0,0.0,True,1.35,False,1.35
2026-07-20T18:30:06.174689+00:00,SMC,BUY,1.5,False,PER_STRATEGY_MAX_OPEN_HIT,0.0,0.0,True,1.5,False,1.5
2026-07-20T18:31:06.704556+00:00,SMC,BUY,1.5,False,PER_STRATEGY_MAX_OPEN_HIT,0.0,0.0,True,1.5,False,1.5
2026-07-20T18:32:07.139415+00:00,SMC,BUY,1.5,False,PER_STRATEGY_MAX_OPEN_HIT,0.0,0.0,True,1.5,False,1.5
2026-07-20T18:33:07.634164+00:00,SMC,BUY,1.5,False,PER_STRATEGY_MAX_OPEN_HIT,0.0,0.0,True,1.5,False,1.5
2026-07-20T18:34:08.205356+00:00,SMC,BUY,1.5,False,PER_STRATEGY_MAX_OPEN_HIT,0.0,0.0,True,1.5,False,1.5
2026-07-20T18:35:08.664947+00:00,SMC,BUY,1.5,False,PER_STRATEGY_MAX_OPEN_HIT,0.0,0.0,True,1.5,False,1.5
2026-07-20T18:36:09.124661+00:00,SMC,BUY,1.5,False,PER_STRATEGY_MAX_OPEN_HIT,0.0,0.0,True,1.5,False,1.5
2026-07-20T18:37:09.643701+00:00,SMC,BUY,1.5,False,PER_STRATEGY_MAX_OPEN_HIT,0.0,0.0,True,1.5,False,1.5
2026-07-20T18:38:10.134363+00:00,SMC,BUY,1.5,False,PER_STRATEGY_MAX_OPEN_HIT,0.0,0.0,True,1.5,False,1.5
2026-07-20T18:39:10.567857+00:00,SMC,BUY,1.5,False,PER_STRATEGY_MAX_OPEN_HIT,0.0,0.0,True,1.5,False,1.5
2026-07-20T18:40:11.011927+00:00,SMC,BUY,1.5,False,PER_STRATEGY_MAX_OPEN_HIT,0.0,0.0,True,1.5,False,1.5
2026-07-20T19:19:28.075914+00:00,MICRO,BUY,1.35,False,PER_STRATEGY_MAX_OPEN_HIT,0.0,0.0,True,1.35,False,1.35
2026-07-20T19:20:28.785416+00:00,MICRO,BUY,1.35,False,PER_STRATEGY_MAX_OPEN_HIT,0.0,0.0,True,1.35,False,1.35
2026-07-20T19:30:33.784797+00:00,SMC,BUY,1.5,False,PER_STRATEGY_MAX_OPEN_HIT,0.0,0.0,True,1.5,False,1.5
2026-07-20T19:31:34.180627+00:00,SMC,BUY,1.5,False,PER_STRATEGY_MAX_OPEN_HIT,0.0,0.0,True,1.5,False,1.5
2026-07-20T19:32:34.600252+00:00,SMC,BUY,1.35,False,PER_STRATEGY_MAX_OPEN_HIT,0.0,0.0,True,1.35,False,1.35
2026-07-20T19:33:35.001077+00:00,SMC,BUY,1.5,False,PER_STRATEGY_MAX_OPEN_HIT,0.0,0.0,True,1.5,False,1.5
2026-07-20T19:34:35.408281+00:00,SMC,BUY,1.35,False,PER_STRATEGY_MAX_OPEN_HIT,0.0,0.0,True,1.35,False,1.35
2026-07-20T19:35:35.852238+00:00,SMC,BUY,1.5,False,PER_STRATEGY_MAX_OPEN_HIT,0.0,0.0,True,1.5,False,1.5
2026-07-20T19:37:36.832914+00:00,MICRO,SELL,1.35,False,PER_STRATEGY_MAX_OPEN_HIT,0.0,0.0,True,1.35,False,1.35
2026-07-20T22:10:56.049115+00:00,SMC,BUY,1.5,False,PER_STRATEGY_MAX_OPEN_HIT,0.0,0.0,True,1.5,False,1.5
2026-07-20T22:11:56.446042+00:00,SMC,BUY,1.35,False,PER_STRATEGY_MAX_OPEN_HIT,0.0,0.0,True,1.35,False,1.35
2026-07-20T22:12:56.860163+00:00,SMC,BUY,1.35,False,PER_STRATEGY_MAX_OPEN_HIT,0.0,0.0,True,1.35,False,1.35
2026-07-20T22:13:57.333735+00:00,SMC,BUY,1.35,False,PER_STRATEGY_MAX_OPEN_HIT,0.0,0.0,True,1.35,False,1.35
2026-07-20T22:14:57.733724+00:00,SMC,BUY,1.35,False,PER_STRATEGY_MAX_OPEN_HIT,0.0,0.0,True,1.35,False,1.35
2026-07-20T23:20:30.509329+00:00,SMC,BUY,1.35,True,,0.75,0.07,True,1.35,True,0.6
2026-07-20T23:24:33.516285+00:00,SMC,BUY,1.35,False,PER_STRATEGY_MAX_OPEN_HIT,0.0,0.0,True,1.35,False,1.35
2026-07-20T23:25:33.908722+00:00,SMC,BUY,1.35,False,PER_STRATEGY_MAX_OPEN_HIT,0.0,0.0,True,1.35,False,1.35
2026-07-20T23:32:37.729982+00:00,MICRO,BUY,1.35,True,,0.75,0.07,True,1.35,True,0.6
2026-07-20T23:34:39.457980+00:00,MICRO,BUY,1.35,False,PER_STRATEGY_MAX_OPEN_HIT,0.0,0.0,True,1.35,False,1.35
2026-07-20T23:50:48.626525+00:00,SMC,BUY,1.35,False,PER_STRATEGY_MAX_OPEN_HIT,0.0,0.0,True,1.35,False,1.35
2026-07-20T23:51:49.072352+00:00,SMC,BUY,1.35,False,PER_STRATEGY_MAX_OPEN_HIT,0.0,0.0,True,1.35,False,1.35
2026-07-20T23:52:49.454915+00:00,SMC,BUY,1.35,False,PER_STRATEGY_MAX_OPEN_HIT,0.0,0.0,True,1.35,False,1.35
2026-07-21T00:01:53.090079+00:00,MICRO,SELL,1.35,False,PER_STRATEGY_MAX_OPEN_HIT,0.0,0.0,True,1.35,False,1.35
2026-07-21T00:02:53.756428+00:00,MICRO,SELL,1.35,False,PER_STRATEGY_MAX_OPEN_HIT,0.0,0.0,True,1.35,False,1.35
2026-07-21T00:03:54.346907+00:00,MICRO,SELL,1.35,False,PER_STRATEGY_MAX_OPEN_HIT,0.0,0.0,True,1.35,False,1.35
2026-07-21T00:04:55.027885+00:00,MICRO,SELL,1.35,False,PER_STRATEGY_MAX_OPEN_HIT,0.0,0.0,True,1.35,False,1.35
2026-07-21T00:10:58.086360+00:00,SMC,BUY,1.5,False,PER_STRATEGY_MAX_OPEN_HIT,0.0,0.0,True,1.5,False,1.5
2026-07-21T00:12:59.063923+00:00,SMC,BUY,1.5,False,PER_STRATEGY_MAX_OPEN_HIT,0.0,0.0,True,1.5,False,1.5
2026-07-21T00:13:59.490065+00:00,SMC,BUY,1.5,False,PER_STRATEGY_MAX_OPEN_HIT,0.0,0.0,True,1.5,False,1.5
2026-07-21T00:14:59.885311+00:00,SMC,BUY,1.5,False,PER_STRATEGY_MAX_OPEN_HIT,0.0,0.0,True,1.5,False,1.5
2026-07-21T00:16:00.440439+00:00,SMC,BUY,1.5,False,PER_STRATEGY_MAX_OPEN_HIT,0.0,0.0,True,1.5,False,1.5
2026-07-21T00:18:00.903035+00:00,SMC,BUY,1.5,False,PER_STRATEGY_MAX_OPEN_HIT,0.0,0.0,True,1.5,False,1.5
2026-07-21T00:19:01.318718+00:00,SMC,BUY,1.5,False,PER_STRATEGY_MAX_OPEN_HIT,0.0,0.0,True,1.5,False,1.5
2026-07-21T00:20:01.725374+00:00,SMC,BUY,1.5,False,PER_STRATEGY_MAX_OPEN_HIT,0.0,0.0,True,1.5,False,1.5
2026-07-21T00:21:02.164771+00:00,SMC,BUY,1.5,False,PER_STRATEGY_MAX_OPEN_HIT,0.0,0.0,True,1.5,False,1.5
2026-07-21T00:22:02.571686+00:00,SMC,BUY,1.5,False,PER_STRATEGY_MAX_OPEN_HIT,0.0,0.0,True,1.5,False,1.5
2026-07-21T00:23:03.014799+00:00,SMC,BUY,1.5,False,PER_STRATEGY_MAX_OPEN_HIT,0.0,0.0,True,1.5,False,1.5
2026-07-21T00:24:03.424135+00:00,SMC,BUY,1.5,False,PER_STRATEGY_MAX_OPEN_HIT,0.0,0.0,True,1.5,False,1.5
2026-07-21T00:25:04.169336+00:00,SMC,BUY,1.5,False,PER_STRATEGY_MAX_OPEN_HIT,0.0,0.0,True,1.5,False,1.5
2026-07-21T00:26:04.673224+00:00,SMC,BUY,1.5,False,PER_STRATEGY_MAX_OPEN_HIT,0.0,0.0,True,1.5,False,1.5
2026-07-21T00:27:05.092545+00:00,SMC,BUY,1.5,False,PER_STRATEGY_MAX_OPEN_HIT,0.0,0.0,True,1.5,False,1.5
2026-07-21T00:28:05.508827+00:00,SMC,BUY,1.5,False,PER_STRATEGY_MAX_OPEN_HIT,0.0,0.0,True,1.5,False,1.5
2026-07-21T00:29:05.913033+00:00,SMC,BUY,1.5,False,PER_STRATEGY_MAX_OPEN_HIT,0.0,0.0,True,1.5,False,1.5
2026-07-21T00:30:06.345228+00:00,SMC,BUY,1.5,False,PER_STRATEGY_MAX_OPEN_HIT,0.0,0.0,True,1.5,False,1.5
2026-07-21T00:31:06.747722+00:00,SMC,BUY,1.5,False,PER_STRATEGY_MAX_OPEN_HIT,0.0,0.0,True,1.5,False,1.5
2026-07-21T00:32:07.169053+00:00,SMC,BUY,1.5,False,PER_STRATEGY_MAX_OPEN_HIT,0.0,0.0,True,1.5,False,1.5
2026-07-21T00:33:07.586804+00:00,SMC,BUY,1.5,False,PER_STRATEGY_MAX_OPEN_HIT,0.0,0.0,True,1.5,False,1.5
2026-07-21T00:34:07.987431+00:00,SMC,BUY,1.5,False,PER_STRATEGY_MAX_OPEN_HIT,0.0,0.0,True,1.5,False,1.5
2026-07-21T00:35:08.404674+00:00,SMC,BUY,1.5,False,PER_STRATEGY_MAX_OPEN_HIT,0.0,0.0,True,1.5,False,1.5
2026-07-21T00:36:08.915808+00:00,SMC,BUY,1.5,False,PER_STRATEGY_MAX_OPEN_HIT,0.0,0.0,True,1.5,False,1.5
2026-07-21T00:37:09.318862+00:00,SMC,BUY,1.5,False,PER_STRATEGY_MAX_OPEN_HIT,0.0,0.0,True,1.5,False,1.5
2026-07-21T00:38:09.765070+00:00,SMC,BUY,1.5,False,PER_STRATEGY_MAX_OPEN_HIT,0.0,0.0,True,1.5,False,1.5
2026-07-21T00:39:10.159188+00:00,SMC,BUY,1.5,False,PER_STRATEGY_MAX_OPEN_HIT,0.0,0.0,True,1.5,False,1.5
2026-07-21T00:40:10.582150+00:00,SMC,BUY,1.5,False,PER_STRATEGY_MAX_OPEN_HIT,0.0,0.0,True,1.5,False,1.5
2026-07-21T00:41:11.010917+00:00,SMC,BUY,1.5,False,PER_STRATEGY_MAX_OPEN_HIT,0.0,0.0,True,1.5,False,1.5
2026-07-21T00:42:11.562833+00:00,SMC,BUY,1.5,False,PER_STRATEGY_MAX_OPEN_HIT,0.0,0.0,True,1.5,False,1.5
2026-07-21T00:43:12.009733+00:00,SMC,BUY,1.5,False,PER_STRATEGY_MAX_OPEN_HIT,0.0,0.0,True,1.5,False,1.5
2026-07-21T00:44:12.394817+00:00,SMC,BUY,1.5,False,PER_STRATEGY_MAX_OPEN_HIT,0.0,0.0,True,1.5,False,1.5
2026-07-21T00:45:12.930035+00:00,SMC,BUY,1.5,False,PER_STRATEGY_MAX_OPEN_HIT,0.0,0.0,True,1.5,False,1.5
2026-07-21T00:46:13.364304+00:00,SMC,BUY,1.5,False,PER_STRATEGY_MAX_OPEN_HIT,0.0,0.0,True,1.5,False,1.5
2026-07-21T00:47:13.783549+00:00,SMC,BUY,1.5,False,PER_STRATEGY_MAX_OPEN_HIT,0.0,0.0,True,1.5,False,1.5
2026-07-21T00:48:14.214511+00:00,SMC,BUY,1.5,False,PER_STRATEGY_MAX_OPEN_HIT,0.0,0.0,True,1.5,False,1.5
2026-07-21T00:49:14.802218+00:00,SMC,BUY,1.5,True,,0.75,0.07,True,1.5,True,0.75
2026-07-21T00:49:15.425568+00:00,MICRO,BUY,1.35,True,,0.75,0.07,True,1.35,True,0.6
2026-07-21T00:53:18.409870+00:00,SMC,BUY,1.5,False,PER_STRATEGY_MAX_OPEN_HIT,0.0,0.0,True,1.5,False,1.5
2026-07-21T00:54:18.899703+00:00,SMC,BUY,1.5,False,PER_STRATEGY_MAX_OPEN_HIT,0.0,0.0,True,1.5,False,1.5
2026-07-21T00:55:19.334610+00:00,SMC,BUY,1.5,False,PER_STRATEGY_MAX_OPEN_HIT,0.0,0.0,True,1.5,False,1.5
2026-07-21T00:56:19.746715+00:00,SMC,BUY,1.5,False,PER_STRATEGY_MAX_OPEN_HIT,0.0,0.0,True,1.5,False,1.5
2026-07-21T00:57:20.210127+00:00,SMC,BUY,1.5,False,PER_STRATEGY_MAX_OPEN_HIT,0.0,0.0,True,1.5,False,1.5
2026-07-21T00:58:20.648879+00:00,SMC,BUY,1.5,False,PER_STRATEGY_MAX_OPEN_HIT,0.0,0.0,True,1.5,False,1.5
2026-07-21T00:59:21.019720+00:00,SMC,BUY,1.5,False,PER_STRATEGY_MAX_OPEN_HIT,0.0,0.0,True,1.5,False,1.5
2026-07-21T01:00:21.426486+00:00,SMC,BUY,1.35,False,PER_STRATEGY_MAX_OPEN_HIT,0.0,0.0,True,1.35,False,1.35
2026-07-21T01:01:21.834826+00:00,SMC,BUY,1.35,False,PER_STRATEGY_MAX_OPEN_HIT,0.0,0.0,True,1.35,False,1.35
2026-07-21T01:02:22.264492+00:00,SMC,BUY,1.35,False,PER_STRATEGY_MAX_OPEN_HIT,0.0,0.0,True,1.35,False,1.35
2026-07-21T01:03:22.703632+00:00,SMC,BUY,1.35,False,PER_STRATEGY_MAX_OPEN_HIT,0.0,0.0,True,1.35,False,1.35
2026-07-21T01:04:23.099749+00:00,SMC,BUY,1.35,False,PER_STRATEGY_MAX_OPEN_HIT,0.0,0.0,True,1.35,False,1.35
2026-07-21T01:05:23.502664+00:00,SMC,BUY,1.35,False,PER_STRATEGY_MAX_OPEN_HIT,0.0,0.0,True,1.35,False,1.35
2026-07-21T01:06:24.021709+00:00,SMC,BUY,1.35,False,PER_STRATEGY_MAX_OPEN_HIT,0.0,0.0,True,1.35,False,1.35
2026-07-21T01:07:24.416449+00:00,SMC,BUY,1.35,False,PER_STRATEGY_MAX_OPEN_HIT,0.0,0.0,True,1.35,False,1.35
2026-07-21T01:08:24.937287+00:00,SMC,BUY,1.35,False,PER_STRATEGY_MAX_OPEN_HIT,0.0,0.0,True,1.35,False,1.35
2026-07-21T01:09:25.399850+00:00,SMC,BUY,1.35,False,PER_STRATEGY_MAX_OPEN_HIT,0.0,0.0,True,1.35,False,1.35
2026-07-21T01:10:25.827245+00:00,SMC,BUY,1.35,False,PER_STRATEGY_MAX_OPEN_HIT,0.0,0.0,True,1.35,False,1.35
2026-07-21T01:11:26.257645+00:00,SMC,BUY,1.35,False,PER_STRATEGY_MAX_OPEN_HIT,0.0,0.0,True,1.35,False,1.35
2026-07-21T01:12:26.653448+00:00,SMC,BUY,1.35,False,PER_STRATEGY_MAX_OPEN_HIT,0.0,0.0,True,1.35,False,1.35
2026-07-21T01:13:27.109869+00:00,SMC,BUY,1.35,False,PER_STRATEGY_MAX_OPEN_HIT,0.0,0.0,True,1.35,False,1.35
2026-07-21T01:14:27.508344+00:00,SMC,BUY,1.35,False,PER_STRATEGY_MAX_OPEN_HIT,0.0,0.0,True,1.35,False,1.35
2026-07-21T01:15:27.929084+00:00,SMC,BUY,1.35,False,PER_STRATEGY_MAX_OPEN_HIT,0.0,0.0,True,1.35,False,1.35
2026-07-21T01:16:28.387335+00:00,SMC,BUY,1.35,False,PER_STRATEGY_MAX_OPEN_HIT,0.0,0.0,True,1.35,False,1.35
2026-07-21T01:17:28.800416+00:00,SMC,BUY,1.35,False,PER_STRATEGY_MAX_OPEN_HIT,0.0,0.0,True,1.35,False,1.35
2026-07-21T01:18:29.252984+00:00,SMC,BUY,1.35,False,PER_STRATEGY_MAX_OPEN_HIT,0.0,0.0,True,1.35,False,1.35
2026-07-21T01:19:29.630453+00:00,SMC,BUY,1.35,False,PER_STRATEGY_MAX_OPEN_HIT,0.0,0.0,True,1.35,False,1.35
2026-07-21T01:20:30.053878+00:00,SMC,BUY,1.35,False,PER_STRATEGY_MAX_OPEN_HIT,0.0,0.0,True,1.35,False,1.35
2026-07-21T01:21:30.497570+00:00,SMC,BUY,1.35,False,PER_STRATEGY_MAX_OPEN_HIT,0.0,0.0,True,1.35,False,1.35
2026-07-21T01:22:30.887195+00:00,SMC,BUY,1.35,False,PER_STRATEGY_MAX_OPEN_HIT,0.0,0.0,True,1.35,False,1.35
2026-07-21T01:23:31.349571+00:00,SMC,BUY,1.35,False,PER_STRATEGY_MAX_OPEN_HIT,0.0,0.0,True,1.35,False,1.35
2026-07-21T01:24:31.746159+00:00,SMC,BUY,1.35,False,PER_STRATEGY_MAX_OPEN_HIT,0.0,0.0,True,1.35,False,1.35
2026-07-21T01:25:32.155320+00:00,SMC,BUY,1.35,False,PER_STRATEGY_MAX_OPEN_HIT,0.0,0.0,True,1.35,False,1.35
2026-07-21T01:26:32.575412+00:00,SMC,BUY,1.35,False,PER_STRATEGY_MAX_OPEN_HIT,0.0,0.0,True,1.35,False,1.35
2026-07-21T01:27:32.990942+00:00,SMC,BUY,1.35,False,PER_STRATEGY_MAX_OPEN_HIT,0.0,0.0,True,1.35,False,1.35
2026-07-21T01:28:33.431151+00:00,SMC,BUY,1.35,False,PER_STRATEGY_MAX_OPEN_HIT,0.0,0.0,True,1.35,False,1.35
2026-07-21T01:29:33.939477+00:00,SMC,BUY,1.35,False,PER_STRATEGY_MAX_OPEN_HIT,0.0,0.0,True,1.35,False,1.35
2026-07-21T01:30:34.357443+00:00,SMC,BUY,1.35,False,PER_STRATEGY_MAX_OPEN_HIT,0.0,0.0,True,1.35,False,1.35
2026-07-21T01:31:34.765240+00:00,SMC,BUY,1.35,False,PER_STRATEGY_MAX_OPEN_HIT,0.0,0.0,True,1.35,False,1.35
2026-07-21T01:32:35.182451+00:00,SMC,BUY,1.35,False,PER_STRATEGY_MAX_OPEN_HIT,0.0,0.0,True,1.35,False,1.35
2026-07-21T01:33:35.627165+00:00,SMC,BUY,1.35,False,PER_STRATEGY_MAX_OPEN_HIT,0.0,0.0,True,1.35,False,1.35
2026-07-21T01:34:36.049632+00:00,SMC,BUY,1.35,False,PER_STRATEGY_MAX_OPEN_HIT,0.0,0.0,True,1.35,False,1.35
2026-07-21T03:49:27.897968+00:00,SMC,BUY,1.5,True,,0.75,0.07,True,1.5,True,0.75
2026-07-21T03:49:28.573546+00:00,MICRO,BUY,1.35,True,,0.75,0.07,True,1.35,True,0.6
2026-07-21T06:30:58.623347+00:00,SMC,BUY,1.35,True,,0.75,0.07,True,1.35,True,0.6
2026-07-21T06:35:01.829915+00:00,SMC,BUY,1.5,False,PER_STRATEGY_MAX_OPEN_HIT,0.0,0.0,True,1.5,False,1.5
2026-07-21T06:36:02.308696+00:00,SMC,BUY,1.5,False,PER_STRATEGY_MAX_OPEN_HIT,0.0,0.0,True,1.5,False,1.5
2026-07-21T06:37:02.694786+00:00,SMC,BUY,1.5,False,PER_STRATEGY_MAX_OPEN_HIT,0.0,0.0,True,1.5,False,1.5
2026-07-21T06:38:03.071708+00:00,SMC,BUY,1.35,False,PER_STRATEGY_MAX_OPEN_HIT,0.0,0.0,True,1.35,False,1.35
2026-07-21T06:39:03.509728+00:00,SMC,BUY,1.35,False,PER_STRATEGY_MAX_OPEN_HIT,0.0,0.0,True,1.35,False,1.35
2026-07-21T06:40:03.911486+00:00,SMC,BUY,1.5,False,PER_STRATEGY_MAX_OPEN_HIT,0.0,0.0,True,1.5,False,1.5
2026-07-21T06:41:04.358277+00:00,SMC,BUY,1.5,False,PER_STRATEGY_MAX_OPEN_HIT,0.0,0.0,True,1.5,False,1.5
2026-07-21T06:42:04.824331+00:00,SMC,BUY,1.5,False,PER_STRATEGY_MAX_OPEN_HIT,0.0,0.0,True,1.5,False,1.5
2026-07-21T06:43:05.198621+00:00,SMC,BUY,1.5,False,PER_STRATEGY_MAX_OPEN_HIT,0.0,0.0,True,1.5,False,1.5
2026-07-21T06:44:05.617971+00:00,SMC,BUY,1.5,False,PER_STRATEGY_MAX_OPEN_HIT,0.0,0.0,True,1.5,False,1.5
2026-07-21T06:45:06.061381+00:00,SMC,BUY,1.5,False,PER_STRATEGY_MAX_OPEN_HIT,0.0,0.0,True,1.5,False,1.5
2026-07-21T06:46:06.476569+00:00,SMC,BUY,1.35,False,PER_STRATEGY_MAX_OPEN_HIT,0.0,0.0,True,1.35,False,1.35
2026-07-21T06:47:07.104528+00:00,SMC,BUY,1.5,False,PER_STRATEGY_MAX_OPEN_HIT,0.0,0.0,True,1.5,False,1.5
2026-07-21T06:48:07.731116+00:00,SMC,BUY,1.5,False,PER_STRATEGY_MAX_OPEN_HIT,0.0,0.0,True,1.5,False,1.5
2026-07-21T06:49:08.157934+00:00,SMC,BUY,1.5,False,PER_STRATEGY_MAX_OPEN_HIT,0.0,0.0,True,1.5,False,1.5
2026-07-21T06:50:08.543134+00:00,SMC,BUY,1.5,False,PER_STRATEGY_MAX_OPEN_HIT,0.0,0.0,True,1.5,False,1.5
2026-07-21T06:51:09.044281+00:00,SMC,BUY,1.5,False,PER_STRATEGY_MAX_OPEN_HIT,0.0,0.0,True,1.5,False,1.5
2026-07-21T06:52:09.488111+00:00,SMC,BUY,1.5,False,PER_STRATEGY_MAX_OPEN_HIT,0.0,0.0,True,1.5,False,1.5
2026-07-21T06:53:09.974185+00:00,SMC,BUY,1.35,False,PER_STRATEGY_MAX_OPEN_HIT,0.0,0.0,True,1.35,False,1.35
2026-07-21T06:54:10.394442+00:00,SMC,BUY,1.35,False,PER_STRATEGY_MAX_OPEN_HIT,0.0,0.0,True,1.35,False,1.35
2026-07-21T06:55:10.808285+00:00,SMC,BUY,1.5,False,PER_STRATEGY_MAX_OPEN_HIT,0.0,0.0,True,1.5,False,1.5
2026-07-21T06:56:11.261781+00:00,SMC,BUY,1.35,False,PER_STRATEGY_MAX_OPEN_HIT,0.0,0.0,True,1.35,False,1.35
2026-07-21T06:57:11.634124+00:00,SMC,BUY,1.35,False,PER_STRATEGY_MAX_OPEN_HIT,0.0,0.0,True,1.35,False,1.35
2026-07-21T06:58:12.045319+00:00,SMC,BUY,1.35,False,PER_STRATEGY_MAX_OPEN_HIT,0.0,0.0,True,1.35,False,1.35
2026-07-21T06:59:12.450859+00:00,SMC,BUY,1.35,False,PER_STRATEGY_MAX_OPEN_HIT,0.0,0.0,True,1.35,False,1.35
2026-07-21T07:00:12.880434+00:00,SMC,BUY,1.35,False,PER_STRATEGY_MAX_OPEN_HIT,0.0,0.0,True,1.35,False,1.35
2026-07-21T07:01:13.352058+00:00,SMC,BUY,1.35,False,PER_STRATEGY_MAX_OPEN_HIT,0.0,0.0,True,1.35,False,1.35
2026-07-21T07:02:13.738429+00:00,SMC,BUY,1.5,False,PER_STRATEGY_MAX_OPEN_HIT,0.0,0.0,True,1.5,False,1.5
2026-07-21T07:03:14.153057+00:00,SMC,BUY,1.5,False,PER_STRATEGY_MAX_OPEN_HIT,0.0,0.0,True,1.5,False,1.5
2026-07-21T07:04:14.557188+00:00,SMC,BUY,1.5,False,PER_STRATEGY_MAX_OPEN_HIT,0.0,0.0,True,1.5,False,1.5
2026-07-21T07:05:15.039625+00:00,SMC,BUY,1.35,False,PER_STRATEGY_MAX_OPEN_HIT,0.0,0.0,True,1.35,False,1.35
2026-07-21T07:06:15.467202+00:00,SMC,BUY,1.35,False,PER_STRATEGY_MAX_OPEN_HIT,0.0,0.0,True,1.35,False,1.35
2026-07-21T07:07:15.799956+00:00,SMC,BUY,1.35,False,PER_STRATEGY_MAX_OPEN_HIT,0.0,0.0,True,1.35,False,1.35
2026-07-21T07:08:16.211911+00:00,SMC,BUY,1.35,False,PER_STRATEGY_MAX_OPEN_HIT,0.0,0.0,True,1.35,False,1.35
2026-07-21T07:09:16.601744+00:00,SMC,BUY,1.35,False,PER_STRATEGY_MAX_OPEN_HIT,0.0,0.0,True,1.35,False,1.35
2026-07-21T07:10:17.026437+00:00,SMC,BUY,1.35,False,PER_STRATEGY_MAX_OPEN_HIT,0.0,0.0,True,1.35,False,1.35
2026-07-21T07:11:17.451663+00:00,SMC,BUY,1.35,False,PER_STRATEGY_MAX_OPEN_HIT,0.0,0.0,True,1.35,False,1.35
2026-07-21T07:12:17.802988+00:00,SMC,BUY,1.35,False,PER_STRATEGY_MAX_OPEN_HIT,0.0,0.0,True,1.35,False,1.35
2026-07-21T07:13:18.237765+00:00,SMC,BUY,1.35,False,PER_STRATEGY_MAX_OPEN_HIT,0.0,0.0,True,1.35,False,1.35
2026-07-21T07:14:18.682850+00:00,SMC,BUY,1.35,False,PER_STRATEGY_MAX_OPEN_HIT,0.0,0.0,True,1.35,False,1.35
2026-07-21T07:15:19.100218+00:00,SMC,BUY,1.35,False,PER_STRATEGY_MAX_OPEN_HIT,0.0,0.0,True,1.35,False,1.35
2026-07-21T07:16:19.563863+00:00,SMC,BUY,1.35,False,PER_STRATEGY_MAX_OPEN_HIT,0.0,0.0,True,1.35,False,1.35
2026-07-21T07:17:19.975960+00:00,SMC,BUY,1.35,False,PER_STRATEGY_MAX_OPEN_HIT,0.0,0.0,True,1.35,False,1.35
2026-07-21T07:18:20.428894+00:00,SMC,BUY,1.35,False,PER_STRATEGY_MAX_OPEN_HIT,0.0,0.0,True,1.35,False,1.35
2026-07-21T07:19:20.845891+00:00,SMC,BUY,1.35,False,PER_STRATEGY_MAX_OPEN_HIT,0.0,0.0,True,1.35,False,1.35
2026-07-21T07:20:21.304467+00:00,SMC,BUY,1.35,False,PER_STRATEGY_MAX_OPEN_HIT,0.0,0.0,True,1.35,False,1.35
2026-07-21T07:21:21.752367+00:00,SMC,BUY,1.35,False,PER_STRATEGY_MAX_OPEN_HIT,0.0,0.0,True,1.35,False,1.35
2026-07-21T07:22:22.155623+00:00,SMC,BUY,1.35,False,PER_STRATEGY_MAX_OPEN_HIT,0.0,0.0,True,1.35,False,1.35
2026-07-21T07:23:22.596124+00:00,SMC,BUY,1.5,False,PER_STRATEGY_MAX_OPEN_HIT,0.0,0.0,True,1.5,False,1.5
2026-07-21T07:24:23.040511+00:00,SMC,BUY,1.35,False,PER_STRATEGY_MAX_OPEN_HIT,0.0,0.0,True,1.35,False,1.35
2026-07-21T07:25:23.475960+00:00,SMC,BUY,1.35,False,PER_STRATEGY_MAX_OPEN_HIT,0.0,0.0,True,1.35,False,1.35
2026-07-21T07:26:23.921717+00:00,SMC,BUY,1.35,False,PER_STRATEGY_MAX_OPEN_HIT,0.0,0.0,True,1.35,False,1.35
2026-07-21T07:27:24.323917+00:00,SMC,BUY,1.5,False,PER_STRATEGY_MAX_OPEN_HIT,0.0,0.0,True,1.5,False,1.5
2026-07-21T07:28:24.718331+00:00,SMC,BUY,1.35,False,PER_STRATEGY_MAX_OPEN_HIT,0.0,0.0,True,1.35,False,1.35
2026-07-21T07:29:25.151525+00:00,SMC,BUY,1.35,False,PER_STRATEGY_MAX_OPEN_HIT,0.0,0.0,True,1.35,False,1.35
2026-07-21T07:30:25.576680+00:00,SMC,BUY,1.5,False,PER_STRATEGY_MAX_OPEN_HIT,0.0,0.0,True,1.5,False,1.5
2026-07-21T07:31:26.047052+00:00,SMC,BUY,1.5,False,PER_STRATEGY_MAX_OPEN_HIT,0.0,0.0,True,1.5,False,1.5
2026-07-21T07:32:26.425414+00:00,SMC,BUY,1.35,False,PER_STRATEGY_MAX_OPEN_HIT,0.0,0.0,True,1.35,False,1.35
2026-07-21T07:33:27.063646+00:00,SMC,BUY,1.5,False,PER_STRATEGY_MAX_OPEN_HIT,0.0,0.0,True,1.5,False,1.5
2026-07-21T07:34:27.472029+00:00,SMC,BUY,1.35,False,PER_STRATEGY_MAX_OPEN_HIT,0.0,0.0,True,1.35,False,1.35
2026-07-21T07:35:27.854149+00:00,SMC,BUY,1.35,False,PER_STRATEGY_MAX_OPEN_HIT,0.0,0.0,True,1.35,False,1.35
2026-07-21T07:36:28.309354+00:00,SMC,BUY,1.35,False,PER_STRATEGY_MAX_OPEN_HIT,0.0,0.0,True,1.35,False,1.35
2026-07-21T07:37:28.728790+00:00,SMC,BUY,1.35,False,PER_STRATEGY_MAX_OPEN_HIT,0.0,0.0,True,1.35,False,1.35
2026-07-21T07:38:29.146080+00:00,SMC,BUY,1.35,False,PER_STRATEGY_MAX_OPEN_HIT,0.0,0.0,True,1.35,False,1.35
2026-07-21T07:39:29.564676+00:00,SMC,BUY,1.35,False,PER_STRATEGY_MAX_OPEN_HIT,0.0,0.0,True,1.35,False,1.35
2026-07-21T07:40:29.987882+00:00,SMC,BUY,1.35,False,PER_STRATEGY_MAX_OPEN_HIT,0.0,0.0,True,1.35,False,1.35
2026-07-21T07:41:30.455083+00:00,SMC,BUY,1.35,False,PER_STRATEGY_MAX_OPEN_HIT,0.0,0.0,True,1.35,False,1.35
2026-07-21T07:42:30.849501+00:00,SMC,BUY,1.35,False,PER_STRATEGY_MAX_OPEN_HIT,0.0,0.0,True,1.35,False,1.35
2026-07-21T07:43:31.231052+00:00,SMC,BUY,1.5,False,PER_STRATEGY_MAX_OPEN_HIT,0.0,0.0,True,1.5,False,1.5
2026-07-21T07:44:31.629905+00:00,SMC,BUY,1.5,False,PER_STRATEGY_MAX_OPEN_HIT,0.0,0.0,True,1.5,False,1.5
2026-07-21T07:45:32.058498+00:00,SMC,BUY,1.5,False,PER_STRATEGY_MAX_OPEN_HIT,0.0,0.0,True,1.5,False,1.5
2026-07-21T07:46:32.493035+00:00,SMC,BUY,1.5,False,PER_STRATEGY_MAX_OPEN_HIT,0.0,0.0,True,1.5,False,1.5
2026-07-21T07:47:32.910576+00:00,SMC,BUY,1.35,False,PER_STRATEGY_MAX_OPEN_HIT,0.0,0.0,True,1.35,False,1.35
2026-07-21T07:48:33.314060+00:00,SMC,BUY,1.35,False,PER_STRATEGY_MAX_OPEN_HIT,0.0,0.0,True,1.35,False,1.35
2026-07-21T07:49:33.742948+00:00,SMC,BUY,1.5,False,PER_STRATEGY_MAX_OPEN_HIT,0.0,0.0,True,1.5,False,1.5
2026-07-21T07:50:34.358747+00:00,SMC,BUY,1.5,False,PER_STRATEGY_MAX_OPEN_HIT,0.0,0.0,True,1.5,False,1.5
2026-07-21T07:51:34.808665+00:00,SMC,BUY,1.5,False,PER_STRATEGY_MAX_OPEN_HIT,0.0,0.0,True,1.5,False,1.5
2026-07-21T07:52:35.200308+00:00,SMC,BUY,1.5,False,PER_STRATEGY_MAX_OPEN_HIT,0.0,0.0,True,1.5,False,1.5
2026-07-21T07:53:35.621553+00:00,SMC,BUY,1.5,False,PER_STRATEGY_MAX_OPEN_HIT,0.0,0.0,True,1.5,False,1.5
2026-07-21T07:54:36.011084+00:00,SMC,BUY,1.5,False,PER_STRATEGY_MAX_OPEN_HIT,0.0,0.0,True,1.5,False,1.5
2026-07-21T07:55:36.408868+00:00,SMC,BUY,1.5,False,PER_STRATEGY_MAX_OPEN_HIT,0.0,0.0,True,1.5,False,1.5
2026-07-21T07:56:36.902755+00:00,SMC,BUY,1.35,False,PER_STRATEGY_MAX_OPEN_HIT,0.0,0.0,True,1.35,False,1.35
2026-07-21T07:57:37.338729+00:00,SMC,BUY,1.35,False,PER_STRATEGY_MAX_OPEN_HIT,0.0,0.0,True,1.35,False,1.35
2026-07-21T07:58:37.830398+00:00,SMC,BUY,1.5,False,PER_STRATEGY_MAX_OPEN_HIT,0.0,0.0,True,1.5,False,1.5
2026-07-21T07:59:38.229729+00:00,SMC,BUY,1.35,False,PER_STRATEGY_MAX_OPEN_HIT,0.0,0.0,True,1.35,False,1.35
2026-07-21T10:00:39.021269+00:00,SMC,BUY,1.5,True,,0.75,0.07,True,1.5,True,0.75
2026-07-21T10:06:43.733446+00:00,MICRO,SELL,1.35,True,,0.75,0.07,True,1.35,True,0.6
2026-07-21T10:09:45.504442+00:00,MICRO,SELL,1.35,True,,0.75,0.07,True,1.35,True,0.6
2026-07-21T10:14:46.708232+00:00,MICRO,BUY,1.35,True,,0.75,0.07,True,1.35,True,0.6
2026-07-21T10:20:48.638861+00:00,SMC,BUY,1.5,False,PER_STRATEGY_MAX_OPEN_HIT,0.0,0.0,True,1.5,False,1.5
2026-07-21T10:21:49.023166+00:00,SMC,BUY,1.5,False,PER_STRATEGY_MAX_OPEN_HIT,0.0,0.0,True,1.5,False,1.5
2026-07-21T10:36:52.820926+00:00,SMC,BUY,1.5,False,PER_STRATEGY_MAX_OPEN_HIT,0.0,0.0,True,1.5,False,1.5
2026-07-21T10:37:53.242039+00:00,SMC,BUY,1.5,False,PER_STRATEGY_MAX_OPEN_HIT,0.0,0.0,True,1.5,False,1.5
2026-07-21T10:47:55.862788+00:00,MICRO,SELL,1.35,False,PER_STRATEGY_MAX_OPEN_HIT,0.0,0.0,True,1.35,False,1.35
2026-07-21T10:48:56.608148+00:00,MICRO,SELL,1.35,False,PER_STRATEGY_MAX_OPEN_HIT,0.0,0.0,True,1.35,False,1.35
2026-07-21T10:49:57.383016+00:00,MICRO,SELL,1.35,False,PER_STRATEGY_MAX_OPEN_HIT,0.0,0.0,True,1.35,False,1.35
2026-07-21T11:01:02.333251+00:00,MICRO,SELL,1.35,False,PER_STRATEGY_MAX_OPEN_HIT,0.0,0.0,True,1.35,False,1.35
2026-07-21T11:03:03.468730+00:00,MICRO,SELL,1.35,False,PER_STRATEGY_MAX_OPEN_HIT,0.0,0.0,True,1.35,False,1.35
2026-07-21T11:04:04.021937+00:00,MICRO,SELL,1.35,False,PER_STRATEGY_MAX_OPEN_HIT,0.0,0.0,True,1.35,False,1.35
2026-07-21T11:16:10.192775+00:00,MICRO,BUY,1.35,True,,0.75,0.07,True,1.35,True,0.6
2026-07-21T11:20:13.123072+00:00,MICRO,SELL,1.35,False,PER_STRATEGY_MAX_OPEN_HIT,0.0,0.0,True,1.35,False,1.35
2026-07-21T11:21:13.665792+00:00,MICRO,SELL,1.35,False,PER_STRATEGY_MAX_OPEN_HIT,0.0,0.0,True,1.35,False,1.35
2026-07-21T11:22:14.231292+00:00,MICRO,SELL,1.35,False,PER_STRATEGY_MAX_OPEN_HIT,0.0,0.0,True,1.35,False,1.35
2026-07-21T11:35:22.088990+00:00,SMC,BUY,1.5,True,,0.75,0.07,True,1.5,True,0.75
2026-07-21T11:36:23.300452+00:00,MICRO,BUY,1.35,False,PER_STRATEGY_MAX_OPEN_HIT,0.0,0.0,True,1.35,False,1.35
2026-07-21T11:38:25.453292+00:00,MICRO,BUY,1.35,False,PER_STRATEGY_MAX_OPEN_HIT,0.0,0.0,True,1.35,False,1.35
2026-07-21T11:39:26.061768+00:00,MICRO,BUY,1.35,False,PER_STRATEGY_MAX_OPEN_HIT,0.0,0.0,True,1.35,False,1.35
2026-07-21T11:41:27.278060+00:00,MICRO,SELL,1.35,False,PER_STRATEGY_MAX_OPEN_HIT,0.0,0.0,True,1.35,False,1.35
2026-07-21T11:42:27.819808+00:00,MICRO,SELL,1.35,False,PER_STRATEGY_MAX_OPEN_HIT,0.0,0.0,True,1.35,False,1.35
2026-07-21T11:43:28.418661+00:00,MICRO,SELL,1.35,False,PER_STRATEGY_MAX_OPEN_HIT,0.0,0.0,True,1.35,False,1.35
2026-07-21T11:44:28.955690+00:00,MICRO,SELL,1.35,False,PER_STRATEGY_MAX_OPEN_HIT,0.0,0.0,True,1.35,False,1.35
2026-07-21T11:50:32.427605+00:00,MICRO,BUY,1.35,False,PER_STRATEGY_MAX_OPEN_HIT,0.0,0.0,True,1.35,False,1.35
2026-07-21T11:57:36.440363+00:00,MICRO,SELL,1.35,False,PER_STRATEGY_MAX_OPEN_HIT,0.0,0.0,True,1.35,False,1.35
2026-07-21T12:00:38.170950+00:00,MICRO,BUY,1.35,False,PER_STRATEGY_MAX_OPEN_HIT,0.0,0.0,True,1.35,False,1.35
2026-07-21T12:03:39.947331+00:00,MICRO,BUY,1.35,False,PER_STRATEGY_MAX_OPEN_HIT,0.0,0.0,True,1.35,False,1.35
2026-07-21T12:04:40.486503+00:00,MICRO,BUY,1.35,False,PER_STRATEGY_MAX_OPEN_HIT,0.0,0.0,True,1.35,False,1.35
2026-07-21T12:05:41.028412+00:00,MICRO,BUY,1.35,False,PER_STRATEGY_MAX_OPEN_HIT,0.0,0.0,True,1.35,False,1.35
2026-07-21T12:07:42.231001+00:00,MICRO,BUY,1.35,False,PER_STRATEGY_MAX_OPEN_HIT,0.0,0.0,True,1.35,False,1.35
2026-07-21T12:08:42.854254+00:00,MICRO,BUY,1.35,False,PER_STRATEGY_MAX_OPEN_HIT,0.0,0.0,True,1.35,False,1.35
2026-07-21T12:10:44.018505+00:00,MICRO,SELL,1.35,False,PER_STRATEGY_MAX_OPEN_HIT,0.0,0.0,True,1.35,False,1.35
2026-07-21T12:24:52.982392+00:00,MICRO,BUY,1.35,False,PER_STRATEGY_MAX_OPEN_HIT,0.0,0.0,True,1.35,False,1.35
2026-07-21T12:35:54.821685+00:00,MICRO,SELL,1.35,False,PER_STRATEGY_MAX_OPEN_HIT,0.0,0.0,True,1.35,False,1.35
2026-07-21T12:36:55.340118+00:00,MICRO,SELL,1.35,False,PER_STRATEGY_MAX_OPEN_HIT,0.0,0.0,True,1.35,False,1.35
2026-07-21T12:37:55.885570+00:00,MICRO,SELL,1.35,False,PER_STRATEGY_MAX_OPEN_HIT,0.0,0.0,True,1.35,False,1.35
2026-07-21T12:38:56.651811+00:00,MICRO,SELL,1.35,False,PER_STRATEGY_MAX_OPEN_HIT,0.0,0.0,True,1.35,False,1.35
2026-07-21T12:39:57.208340+00:00,MICRO,SELL,1.35,False,PER_STRATEGY_MAX_OPEN_HIT,0.0,0.0,True,1.35,False,1.35
2026-07-21T12:43:59.857966+00:00,MICRO,SELL,1.35,False,PER_STRATEGY_MAX_OPEN_HIT,0.0,0.0,True,1.35,False,1.35
2026-07-21T12:48:02.256892+00:00,MICRO,BUY,1.35,False,PER_STRATEGY_MAX_OPEN_HIT,0.0,0.0,True,1.35,False,1.35
2026-07-21T12:49:02.851518+00:00,MICRO,BUY,1.35,False,PER_STRATEGY_MAX_OPEN_HIT,0.0,0.0,True,1.35,False,1.35
2026-07-21T13:10:10.660835+00:00,SMC,BUY,1.35,False,PER_STRATEGY_MAX_OPEN_HIT,0.0,0.0,True,1.35,False,1.35
2026-07-21T13:11:11.056145+00:00,SMC,BUY,1.35,False,PER_STRATEGY_MAX_OPEN_HIT,0.0,0.0,True,1.35,False,1.35
2026-07-21T13:12:11.576521+00:00,SMC,BUY,1.35,False,PER_STRATEGY_MAX_OPEN_HIT,0.0,0.0,True,1.35,False,1.35
2026-07-21T13:13:11.999741+00:00,SMC,BUY,1.35,False,PER_STRATEGY_MAX_OPEN_HIT,0.0,0.0,True,1.35,False,1.35
2026-07-21T13:17:13.609002+00:00,MICRO,SELL,1.35,False,PER_STRATEGY_MAX_OPEN_HIT,0.0,0.0,True,1.35,False,1.35
2026-07-21T13:19:14.751787+00:00,MICRO,SELL,1.35,False,PER_STRATEGY_MAX_OPEN_HIT,0.0,0.0,True,1.35,False,1.35
2026-07-21T13:24:17.727535+00:00,MICRO,SELL,1.35,False,PER_STRATEGY_MAX_OPEN_HIT,0.0,0.0,True,1.35,False,1.35
2026-07-21T13:40:23.428867+00:00,MICRO,SELL,1.35,True,,0.75,0.07,True,1.35,True,0.6
2026-07-21T13:42:27.528009+00:00,MICRO,SELL,1.35,False,PER_STRATEGY_MAX_OPEN_HIT,0.0,0.0,True,1.35,False,1.35
2026-07-21T13:43:28.162235+00:00,MICRO,SELL,1.35,False,PER_STRATEGY_MAX_OPEN_HIT,0.0,0.0,True,1.35,False,1.35
2026-07-21T13:44:28.770918+00:00,MICRO,SELL,1.35,False,PER_STRATEGY_MAX_OPEN_HIT,0.0,0.0,True,1.35,False,1.35
2026-07-21T14:06:39.568839+00:00,MICRO,BUY,1.35,False,PER_STRATEGY_MAX_OPEN_HIT,0.0,0.0,True,1.35,False,1.35
2026-07-21T14:20:43.994216+00:00,SMC,BUY,1.35,True,,0.75,0.07,True,1.35,True,0.6
2026-07-21T14:24:47.101170+00:00,SMC,BUY,1.35,False,PER_STRATEGY_MAX_OPEN_HIT,0.0,0.0,True,1.35,False,1.35
2026-07-21T14:35:49.783489+00:00,SMC,BUY,1.35,False,PER_STRATEGY_MAX_OPEN_HIT,0.0,0.0,True,1.35,False,1.35
2026-07-21T14:36:50.191463+00:00,SMC,BUY,1.35,False,PER_STRATEGY_MAX_OPEN_HIT,0.0,0.0,True,1.35,False,1.35
2026-07-21T14:37:50.572440+00:00,SMC,BUY,1.35,False,PER_STRATEGY_MAX_OPEN_HIT,0.0,0.0,True,1.35,False,1.35
2026-07-21T14:38:51.016363+00:00,SMC,BUY,1.35,False,PER_STRATEGY_MAX_OPEN_HIT,0.0,0.0,True,1.35,False,1.35
2026-07-21T14:39:51.438732+00:00,SMC,BUY,1.35,False,PER_STRATEGY_MAX_OPEN_HIT,0.0,0.0,True,1.35,False,1.35
2026-07-21T14:43:53.672899+00:00,SMC,BUY,1.35,False,PER_STRATEGY_MAX_OPEN_HIT,0.0,0.0,True,1.35,False,1.35
2026-07-21T14:44:54.141708+00:00,SMC,BUY,1.35,False,PER_STRATEGY_MAX_OPEN_HIT,0.0,0.0,True,1.35,False,1.35
2026-07-21T14:48:56.350713+00:00,SMC,BUY,1.35,False,PER_STRATEGY_MAX_OPEN_HIT,0.0,0.0,True,1.35,False,1.35
2026-07-21T14:49:56.736543+00:00,SMC,BUY,1.35,False,PER_STRATEGY_MAX_OPEN_HIT,0.0,0.0,True,1.35,False,1.35
2026-07-21T14:50:57.191566+00:00,SMC,BUY,1.35,False,PER_STRATEGY_MAX_OPEN_HIT,0.0,0.0,True,1.35,False,1.35
2026-07-21T14:51:57.602810+00:00,SMC,BUY,1.35,False,PER_STRATEGY_MAX_OPEN_HIT,0.0,0.0,True,1.35,False,1.35
2026-07-21T14:52:58.024618+00:00,SMC,BUY,1.35,False,PER_STRATEGY_MAX_OPEN_HIT,0.0,0.0,True,1.35,False,1.35
2026-07-21T14:54:58.986584+00:00,SMC,BUY,1.35,False,PER_STRATEGY_MAX_OPEN_HIT,0.0,0.0,True,1.35,False,1.35
2026-07-21T15:07:02.963142+00:00,MICRO,SELL,1.35,True,,0.75,0.07,True,1.35,True,0.6
2026-07-21T15:10:04.825735+00:00,MICRO,BUY,1.35,True,,0.75,0.07,True,1.35,True,0.6
2026-07-21T15:13:07.186421+00:00,MICRO,BUY,1.35,False,PER_STRATEGY_MAX_OPEN_HIT,0.0,0.0,True,1.35,False,1.35
2026-07-21T15:16:09.110629+00:00,SMC,BUY,1.35,True,,0.75,0.07,True,1.35,True,0.6
2026-07-21T15:16:09.757403+00:00,MICRO,BUY,1.35,False,PER_STRATEGY_MAX_OPEN_HIT,0.0,0.0,True,1.35,False,1.35
2026-07-21T15:17:10.390676+00:00,MICRO,BUY,1.35,False,PER_STRATEGY_MAX_OPEN_HIT,0.0,0.0,True,1.35,False,1.35
2026-07-21T15:18:10.942127+00:00,MICRO,BUY,1.35,False,PER_STRATEGY_MAX_OPEN_HIT,0.0,0.0,True,1.35,False,1.35
2026-07-21T15:20:12.171951+00:00,SMC,BUY,1.35,False,PER_STRATEGY_MAX_OPEN_HIT,0.0,0.0,True,1.35,False,1.35
2026-07-21T15:21:12.568718+00:00,SMC,BUY,1.35,False,PER_STRATEGY_MAX_OPEN_HIT,0.0,0.0,True,1.35,False,1.35
2026-07-21T15:22:13.030874+00:00,SMC,BUY,1.35,False,PER_STRATEGY_MAX_OPEN_HIT,0.0,0.0,True,1.35,False,1.35
2026-07-21T15:23:13.483621+00:00,SMC,BUY,1.35,False,PER_STRATEGY_MAX_OPEN_HIT,0.0,0.0,True,1.35,False,1.35
2026-07-21T15:24:13.891994+00:00,SMC,BUY,1.35,False,PER_STRATEGY_MAX_OPEN_HIT,0.0,0.0,True,1.35,False,1.35
2026-07-21T15:25:14.319331+00:00,SMC,BUY,1.35,False,PER_STRATEGY_MAX_OPEN_HIT,0.0,0.0,True,1.35,False,1.35
2026-07-21T15:26:14.737337+00:00,SMC,BUY,1.35,False,PER_STRATEGY_MAX_OPEN_HIT,0.0,0.0,True,1.35,False,1.35
2026-07-21T15:27:15.184905+00:00,SMC,BUY,1.35,False,PER_STRATEGY_MAX_OPEN_HIT,0.0,0.0,True,1.35,False,1.35
2026-07-21T15:28:15.627812+00:00,SMC,BUY,1.35,False,PER_STRATEGY_MAX_OPEN_HIT,0.0,0.0,True,1.35,False,1.35
2026-07-21T15:29:16.052820+00:00,SMC,BUY,1.35,False,PER_STRATEGY_MAX_OPEN_HIT,0.0,0.0,True,1.35,False,1.35
2026-07-21T15:30:16.548038+00:00,SMC,BUY,1.35,False,PER_STRATEGY_MAX_OPEN_HIT,0.0,0.0,True,1.35,False,1.35
2026-07-21T15:31:16.970104+00:00,SMC,BUY,1.5,False,PER_STRATEGY_MAX_OPEN_HIT,0.0,0.0,True,1.5,False,1.5
2026-07-21T15:32:17.391277+00:00,SMC,BUY,1.35,False,PER_STRATEGY_MAX_OPEN_HIT,0.0,0.0,True,1.35,False,1.35
2026-07-21T15:33:17.826639+00:00,SMC,BUY,1.5,False,PER_STRATEGY_MAX_OPEN_HIT,0.0,0.0,True,1.5,False,1.5
2026-07-21T15:34:18.201069+00:00,SMC,BUY,1.5,False,PER_STRATEGY_MAX_OPEN_HIT,0.0,0.0,True,1.5,False,1.5
2026-07-21T15:35:18.675781+00:00,SMC,BUY,1.5,False,PER_STRATEGY_MAX_OPEN_HIT,0.0,0.0,True,1.5,False,1.5
2026-07-21T15:36:19.043064+00:00,SMC,BUY,1.5,False,PER_STRATEGY_MAX_OPEN_HIT,0.0,0.0,True,1.5,False,1.5
2026-07-21T15:37:19.736382+00:00,SMC,BUY,1.35,False,PER_STRATEGY_MAX_OPEN_HIT,0.0,0.0,True,1.35,False,1.35
2026-07-21T15:38:20.146271+00:00,SMC,BUY,1.35,False,PER_STRATEGY_MAX_OPEN_HIT,0.0,0.0,True,1.35,False,1.35
2026-07-21T15:39:20.538259+00:00,SMC,BUY,1.35,False,PER_STRATEGY_MAX_OPEN_HIT,0.0,0.0,True,1.35,False,1.35
2026-07-21T15:40:21.003678+00:00,SMC,BUY,1.5,False,PER_STRATEGY_MAX_OPEN_HIT,0.0,0.0,True,1.5,False,1.5
2026-07-21T15:41:21.413201+00:00,SMC,BUY,1.5,False,PER_STRATEGY_MAX_OPEN_HIT,0.0,0.0,True,1.5,False,1.5
2026-07-21T15:42:21.859755+00:00,SMC,BUY,1.35,False,PER_STRATEGY_MAX_OPEN_HIT,0.0,0.0,True,1.35,False,1.35
2026-07-21T15:43:22.268185+00:00,SMC,BUY,1.5,False,PER_STRATEGY_MAX_OPEN_HIT,0.0,0.0,True,1.5,False,1.5
2026-07-21T15:44:22.667750+00:00,SMC,BUY,1.35,False,PER_STRATEGY_MAX_OPEN_HIT,0.0,0.0,True,1.35,False,1.35
2026-07-21T15:52:24.453831+00:00,MICRO,BUY,1.35,True,,0.75,0.07,True,1.35,True,0.6
2026-07-21T15:54:26.252994+00:00,MICRO,BUY,1.35,False,PER_STRATEGY_MAX_OPEN_HIT,0.0,0.0,True,1.35,False,1.35
2026-07-21T16:04:31.984554+00:00,MICRO,BUY,1.35,False,PER_STRATEGY_MAX_OPEN_HIT,0.0,0.0,True,1.35,False,1.35
2026-07-21T16:13:37.556804+00:00,MICRO,BUY,1.35,False,PER_STRATEGY_MAX_OPEN_HIT,0.0,0.0,True,1.35,False,1.35
2026-07-21T16:26:45.178103+00:00,MICRO,SELL,1.35,False,PER_STRATEGY_MAX_OPEN_HIT,0.0,0.0,True,1.35,False,1.35
2026-07-21T16:27:45.727839+00:00,MICRO,SELL,1.35,False,PER_STRATEGY_MAX_OPEN_HIT,0.0,0.0,True,1.35,False,1.35
2026-07-21T16:28:46.354700+00:00,MICRO,SELL,1.35,False,PER_STRATEGY_MAX_OPEN_HIT,0.0,0.0,True,1.35,False,1.35
2026-07-21T16:29:46.906628+00:00,MICRO,SELL,1.35,False,PER_STRATEGY_MAX_OPEN_HIT,0.0,0.0,True,1.35,False,1.35
2026-07-21T18:40:37.471971+00:00,SMC,BUY,1.35,True,,0.75,0.07,True,1.35,True,0.6
2026-07-21T18:41:38.236788+00:00,SMC,BUY,1.35,True,,0.75,0.07,True,1.35,True,0.6
2026-07-21T22:10:14.966221+00:00,SMC,BUY,1.35,True,,0.75,0.07,True,1.35,True,0.6
2026-07-21T22:11:15.557244+00:00,SMC,BUY,1.35,True,,0.75,0.07,True,1.35,True,0.6
2026-07-21T22:12:16.151349+00:00,SMC,BUY,1.35,True,,0.75,0.07,True,1.35,True,0.6
2026-07-21T22:13:16.746335+00:00,SMC,BUY,1.35,True,,0.75,0.07,True,1.35,True,0.6
2026-07-21T22:14:17.377686+00:00,SMC,BUY,1.35,True,,0.75,0.07,True,1.35,True,0.6
2026-07-21T22:15:17.929566+00:00,SMC,BUY,1.35,True,,0.75,0.07,True,1.35,True,0.6
2026-07-21T22:17:19.048834+00:00,MICRO,BUY,1.35,True,,0.75,0.07,True,1.35,True,0.6
2026-07-21T22:18:19.714688+00:00,MICRO,BUY,1.35,True,,0.75,0.07,True,1.35,True,0.6
2026-07-21T22:21:21.468769+00:00,MICRO,BUY,1.35,True,,0.75,0.07,True,1.35,True,0.6
2026-07-21T22:22:22.063272+00:00,MICRO,BUY,1.35,True,,0.75,0.07,True,1.35,True,0.6
2026-07-21T22:23:22.642904+00:00,MICRO,BUY,1.35,True,,0.75,0.07,True,1.35,True,0.6
2026-07-21T22:27:23.830364+00:00,MICRO,BUY,1.35,True,,0.75,0.07,True,1.35,True,0.6
2026-07-21T22:29:24.949712+00:00,SMC,BUY,1.5,True,,0.75,0.07,True,1.5,True,0.75
2026-07-21T22:29:24.979823+00:00,MICRO,BUY,1.35,True,,0.75,0.07,True,1.35,True,0.6
2026-07-21T22:30:25.527507+00:00,SMC,BUY,1.35,True,,0.75,0.07,True,1.35,True,0.6
2026-07-21T22:31:26.145803+00:00,SMC,BUY,1.35,True,,0.75,0.07,True,1.35,True,0.6
2026-07-21T22:33:27.262014+00:00,SMC,BUY,1.35,True,,0.75,0.07,True,1.35,True,0.6
2026-07-21T22:33:27.290130+00:00,MICRO,BUY,1.35,True,,0.75,0.07,True,1.35,True,0.6
2026-07-21T22:35:28.391793+00:00,SMC,BUY,1.35,True,,0.75,0.07,True,1.35,True,0.6
2026-07-21T22:36:28.995289+00:00,SMC,BUY,1.35,True,,0.75,0.07,True,1.35,True,0.6
2026-07-21T22:37:29.562179+00:00,SMC,BUY,1.35,True,,0.75,0.07,True,1.35,True,0.6
2026-07-21T22:38:30.146288+00:00,SMC,BUY,1.35,True,,0.75,0.07,True,1.35,True,0.6
2026-07-21T22:39:30.749182+00:00,SMC,BUY,1.35,True,,0.75,0.07,True,1.35,True,0.6
2026-07-21T22:40:31.361731+00:00,SMC,BUY,1.35,True,,0.75,0.07,True,1.35,True,0.6
2026-07-21T22:41:31.990079+00:00,SMC,BUY,1.35,True,,0.75,0.07,True,1.35,True,0.6
2026-07-21T22:42:32.553998+00:00,SMC,BUY,1.35,True,,0.75,0.07,True,1.35,True,0.6
2026-07-21T22:43:33.164939+00:00,SMC,BUY,1.35,True,,0.75,0.07,True,1.35,True,0.6
2026-07-21T22:44:33.748877+00:00,SMC,BUY,1.35,True,,0.75,0.07,True,1.35,True,0.6
2026-07-21T22:45:34.346947+00:00,SMC,BUY,1.35,True,,0.75,0.07,True,1.35,True,0.6
2026-07-21T22:45:34.374723+00:00,MICRO,SELL,1.35,True,,0.75,0.07,True,1.35,True,0.6
2026-07-21T22:46:35.581370+00:00,SMC,BUY,1.35,True,,0.75,0.07,True,1.35,True,0.6
2026-07-21T22:47:36.140974+00:00,SMC,BUY,1.35,True,,0.75,0.07,True,1.35,True,0.6
2026-07-21T22:47:36.168090+00:00,MICRO,SELL,1.35,False,PER_STRATEGY_MAX_OPEN_HIT,0.0,0.0,True,1.35,False,1.35
2026-07-21T22:48:36.695539+00:00,MICRO,SELL,1.35,False,PER_STRATEGY_MAX_OPEN_HIT,0.0,0.0,True,1.35,False,1.35
2026-07-21T22:49:37.290778+00:00,MICRO,SELL,1.35,False,PER_STRATEGY_MAX_OPEN_HIT,0.0,0.0,True,1.35,False,1.35
2026-07-21T22:52:38.443859+00:00,MICRO,SELL,1.35,False,PER_STRATEGY_MAX_OPEN_HIT,0.0,0.0,True,1.35,False,1.35
2026-07-21T23:18:43.687478+00:00,MICRO,BUY,1.35,False,PER_STRATEGY_MAX_OPEN_HIT,0.0,0.0,True,1.35,False,1.35
2026-07-21T23:19:44.227528+00:00,MICRO,BUY,1.35,False,PER_STRATEGY_MAX_OPEN_HIT,0.0,0.0,True,1.35,False,1.35
2026-07-21T23:25:46.581073+00:00,SMC,BUY,1.35,True,,0.75,0.07,True,1.35,True,0.6
2026-07-21T23:26:47.257563+00:00,SMC,BUY,1.35,True,,0.75,0.07,True,1.35,True,0.6
2026-07-21T23:38:50.310418+00:00,MICRO,BUY,1.35,False,PER_STRATEGY_MAX_OPEN_HIT,0.0,0.0,True,1.35,False,1.35
2026-07-21T23:39:50.858351+00:00,MICRO,BUY,1.35,False,PER_STRATEGY_MAX_OPEN_HIT,0.0,0.0,True,1.35,False,1.35
2026-07-21T23:42:52.020198+00:00,MICRO,SELL,1.35,False,PER_STRATEGY_MAX_OPEN_HIT,0.0,0.0,True,1.35,False,1.35
2026-07-21T23:43:52.617805+00:00,MICRO,SELL,1.35,False,PER_STRATEGY_MAX_OPEN_HIT,0.0,0.0,True,1.35,False,1.35
2026-07-21T23:45:53.730998+00:00,MICRO,BUY,1.35,False,PER_STRATEGY_MAX_OPEN_HIT,0.0,0.0,True,1.35,False,1.35
2026-07-21T23:55:56.192716+00:00,SMC,BUY,1.35,True,,0.75,0.07,True,1.35,True,0.6
2026-07-21T23:56:56.798069+00:00,SMC,BUY,1.35,True,,0.75,0.07,True,1.35,True,0.6
2026-07-22T00:00:58.522719+00:00,MICRO,SELL,1.35,False,PER_STRATEGY_MAX_OPEN_HIT,0.0,0.0,True,1.35,False,1.35
2026-07-22T00:07:01.996361+00:00,SMC,BUY,1.5,True,,0.75,0.07,True,1.5,True,0.75
2026-07-22T00:07:02.015432+00:00,MICRO,BUY,1.35,False,PER_STRATEGY_MAX_OPEN_HIT,0.0,0.0,True,1.35,False,1.35
2026-07-22T00:08:02.566962+00:00,SMC,BUY,1.5,True,,0.75,0.07,True,1.5,True,0.75
2026-07-22T00:08:02.597752+00:00,MICRO,BUY,1.35,False,PER_STRATEGY_MAX_OPEN_HIT,0.0,0.0,True,1.35,False,1.35
2026-07-22T00:09:03.236780+00:00,SMC,BUY,1.5,True,,0.75,0.07,True,1.5,True,0.75
2026-07-22T00:10:03.829218+00:00,SMC,BUY,1.5,True,,0.75,0.07,True,1.5,True,0.75
2026-07-22T00:11:04.428378+00:00,SMC,BUY,1.5,True,,0.75,0.07,True,1.5,True,0.75
2026-07-22T00:12:05.069559+00:00,SMC,BUY,1.5,True,,0.75,0.07,True,1.5,True,0.75
2026-07-22T00:12:05.089647+00:00,MICRO,BUY,1.35,False,PER_STRATEGY_MAX_OPEN_HIT,0.0,0.0,True,1.35,False,1.35
2026-07-22T00:13:05.655907+00:00,SMC,BUY,1.5,True,,0.75,0.07,True,1.5,True,0.75
2026-07-22T00:13:05.684026+00:00,MICRO,BUY,1.35,False,PER_STRATEGY_MAX_OPEN_HIT,0.0,0.0,True,1.35,False,1.35
2026-07-22T00:14:06.244885+00:00,SMC,BUY,1.5,True,,0.75,0.07,True,1.5,True,0.75
2026-07-22T00:14:06.277763+00:00,MICRO,BUY,1.35,False,PER_STRATEGY_MAX_OPEN_HIT,0.0,0.0,True,1.35,False,1.35
2026-07-22T00:15:06.831271+00:00,SMC,BUY,1.5,True,,0.75,0.07,True,1.5,True,0.75
2026-07-22T00:17:08.777829+00:00,MICRO,BUY,1.35,True,,0.75,0.07,True,1.35,True,0.6
2026-07-22T00:19:10.587747+00:00,SMC,BUY,1.5,False,PER_STRATEGY_MAX_OPEN_HIT,0.0,0.0,True,1.5,False,1.5
2026-07-22T00:20:10.996742+00:00,SMC,BUY,1.5,False,PER_STRATEGY_MAX_OPEN_HIT,0.0,0.0,True,1.5,False,1.5
2026-07-22T00:21:11.416135+00:00,SMC,BUY,1.5,False,PER_STRATEGY_MAX_OPEN_HIT,0.0,0.0,True,1.5,False,1.5
2026-07-22T00:22:11.873140+00:00,SMC,BUY,1.5,False,PER_STRATEGY_MAX_OPEN_HIT,0.0,0.0,True,1.5,False,1.5
2026-07-22T00:23:12.300614+00:00,SMC,BUY,1.5,False,PER_STRATEGY_MAX_OPEN_HIT,0.0,0.0,True,1.5,False,1.5
2026-07-22T00:24:12.754394+00:00,SMC,BUY,1.5,False,PER_STRATEGY_MAX_OPEN_HIT,0.0,0.0,True,1.5,False,1.5
2026-07-22T00:25:13.217725+00:00,SMC,BUY,1.5,False,PER_STRATEGY_MAX_OPEN_HIT,0.0,0.0,True,1.5,False,1.5
2026-07-22T00:26:13.677199+00:00,SMC,BUY,1.35,False,PER_STRATEGY_MAX_OPEN_HIT,0.0,0.0,True,1.35,False,1.35
2026-07-22T00:27:14.127883+00:00,SMC,BUY,1.35,False,PER_STRATEGY_MAX_OPEN_HIT,0.0,0.0,True,1.35,False,1.35
2026-07-22T00:28:14.552768+00:00,SMC,BUY,1.5,False,PER_STRATEGY_MAX_OPEN_HIT,0.0,0.0,True,1.5,False,1.5
2026-07-22T00:29:14.939371+00:00,SMC,BUY,1.5,False,PER_STRATEGY_MAX_OPEN_HIT,0.0,0.0,True,1.5,False,1.5
2026-07-22T00:30:15.362241+00:00,SMC,BUY,1.5,False,PER_STRATEGY_MAX_OPEN_HIT,0.0,0.0,True,1.5,False,1.5
2026-07-22T00:31:15.753885+00:00,SMC,BUY,1.35,False,PER_STRATEGY_MAX_OPEN_HIT,0.0,0.0,True,1.35,False,1.35
2026-07-22T00:32:16.283905+00:00,SMC,BUY,1.35,False,PER_STRATEGY_MAX_OPEN_HIT,0.0,0.0,True,1.35,False,1.35
2026-07-22T00:33:16.791549+00:00,SMC,BUY,1.35,False,PER_STRATEGY_MAX_OPEN_HIT,0.0,0.0,True,1.35,False,1.35
2026-07-22T00:34:17.304990+00:00,SMC,BUY,1.5,False,PER_STRATEGY_MAX_OPEN_HIT,0.0,0.0,True,1.5,False,1.5
2026-07-22T00:35:17.987121+00:00,SMC,BUY,1.5,False,PER_STRATEGY_MAX_OPEN_HIT,0.0,0.0,True,1.5,False,1.5
2026-07-22T00:36:18.422586+00:00,SMC,BUY,1.5,False,PER_STRATEGY_MAX_OPEN_HIT,0.0,0.0,True,1.5,False,1.5
2026-07-22T00:37:18.822705+00:00,SMC,BUY,1.5,False,PER_STRATEGY_MAX_OPEN_HIT,0.0,0.0,True,1.5,False,1.5
2026-07-22T00:38:19.276126+00:00,SMC,BUY,1.5,False,PER_STRATEGY_MAX_OPEN_HIT,0.0,0.0,True,1.5,False,1.5
2026-07-22T00:39:19.878782+00:00,SMC,BUY,1.5,False,PER_STRATEGY_MAX_OPEN_HIT,0.0,0.0,True,1.5,False,1.5
2026-07-22T00:40:20.300953+00:00,SMC,BUY,1.5,True,,0.75,0.07,True,1.5,True,0.75
2026-07-22T00:44:23.490002+00:00,SMC,BUY,1.5,False,PER_STRATEGY_MAX_OPEN_HIT,0.0,0.0,True,1.5,False,1.5
2026-07-22T00:45:23.990525+00:00,SMC,BUY,1.5,False,PER_STRATEGY_MAX_OPEN_HIT,0.0,0.0,True,1.5,False,1.5
2026-07-22T00:46:24.422632+00:00,SMC,BUY,1.5,False,PER_STRATEGY_MAX_OPEN_HIT,0.0,0.0,True,1.5,False,1.5
2026-07-22T00:48:25.408887+00:00,SMC,BUY,1.5,False,PER_STRATEGY_MAX_OPEN_HIT,0.0,0.0,True,1.5,False,1.5
2026-07-22T00:49:25.832124+00:00,SMC,BUY,1.5,False,PER_STRATEGY_MAX_OPEN_HIT,0.0,0.0,True,1.5,False,1.5
2026-07-22T00:50:26.320603+00:00,SMC,BUY,1.5,False,PER_STRATEGY_MAX_OPEN_HIT,0.0,0.0,True,1.5,False,1.5
2026-07-22T00:51:26.758605+00:00,SMC,BUY,1.5,False,PER_STRATEGY_MAX_OPEN_HIT,0.0,0.0,True,1.5,False,1.5
2026-07-22T00:52:27.246874+00:00,SMC,BUY,1.5,False,PER_STRATEGY_MAX_OPEN_HIT,0.0,0.0,True,1.5,False,1.5
2026-07-22T00:58:30.537383+00:00,SMC,BUY,1.5,False,PER_STRATEGY_MAX_OPEN_HIT,0.0,0.0,True,1.5,False,1.5
2026-07-22T00:59:30.935129+00:00,SMC,BUY,1.5,False,PER_STRATEGY_MAX_OPEN_HIT,0.0,0.0,True,1.5,False,1.5
2026-07-22T01:00:31.626812+00:00,SMC,BUY,1.5,False,PER_STRATEGY_MAX_OPEN_HIT,0.0,0.0,True,1.5,False,1.5
2026-07-22T01:01:32.267182+00:00,SMC,BUY,1.5,False,PER_STRATEGY_MAX_OPEN_HIT,0.0,0.0,True,1.5,False,1.5
2026-07-22T01:02:32.673020+00:00,SMC,BUY,1.5,False,PER_STRATEGY_MAX_OPEN_HIT,0.0,0.0,True,1.5,False,1.5
2026-07-22T01:03:33.033924+00:00,SMC,BUY,1.5,False,PER_STRATEGY_MAX_OPEN_HIT,0.0,0.0,True,1.5,False,1.5
2026-07-22T01:04:33.818414+00:00,SMC,BUY,1.5,False,PER_STRATEGY_MAX_OPEN_HIT,0.0,0.0,True,1.5,False,1.5
2026-07-22T01:05:34.358488+00:00,SMC,BUY,1.5,False,PER_STRATEGY_MAX_OPEN_HIT,0.0,0.0,True,1.5,False,1.5
2026-07-22T01:06:34.785405+00:00,SMC,BUY,1.35,True,,0.75,0.07,True,1.35,True,0.6
2026-07-22T01:06:35.391683+00:00,MICRO,BUY,1.35,True,,0.75,0.07,True,1.35,True,0.6
2026-07-22T01:08:37.280537+00:00,MICRO,BUY,1.35,False,PER_STRATEGY_MAX_OPEN_HIT,0.0,0.0,True,1.35,False,1.35
2026-07-22T01:10:39.147407+00:00,SMC,BUY,1.35,False,PER_STRATEGY_MAX_OPEN_HIT,0.0,0.0,True,1.35,False,1.35
2026-07-22T01:11:39.540046+00:00,SMC,BUY,1.35,False,PER_STRATEGY_MAX_OPEN_HIT,0.0,0.0,True,1.35,False,1.35
2026-07-22T01:12:40.057989+00:00,SMC,BUY,1.35,False,PER_STRATEGY_MAX_OPEN_HIT,0.0,0.0,True,1.35,False,1.35
2026-07-22T01:13:40.459899+00:00,SMC,BUY,1.35,False,PER_STRATEGY_MAX_OPEN_HIT,0.0,0.0,True,1.35,False,1.35
2026-07-22T01:14:40.969291+00:00,SMC,BUY,1.5,False,PER_STRATEGY_MAX_OPEN_HIT,0.0,0.0,True,1.5,False,1.5
2026-07-22T01:15:41.417937+00:00,SMC,BUY,1.5,False,PER_STRATEGY_MAX_OPEN_HIT,0.0,0.0,True,1.5,False,1.5
2026-07-22T01:16:41.793710+00:00,SMC,BUY,1.35,False,PER_STRATEGY_MAX_OPEN_HIT,0.0,0.0,True,1.35,False,1.35
2026-07-22T01:17:42.210098+00:00,SMC,BUY,1.35,False,PER_STRATEGY_MAX_OPEN_HIT,0.0,0.0,True,1.35,False,1.35
2026-07-22T01:18:42.643231+00:00,SMC,BUY,1.35,False,PER_STRATEGY_MAX_OPEN_HIT,0.0,0.0,True,1.35,False,1.35
2026-07-22T01:19:43.092321+00:00,SMC,BUY,1.35,False,PER_STRATEGY_MAX_OPEN_HIT,0.0,0.0,True,1.35,False,1.35
2026-07-22T01:20:43.543258+00:00,SMC,BUY,1.5,False,PER_STRATEGY_MAX_OPEN_HIT,0.0,0.0,True,1.5,False,1.5
2026-07-22T01:21:44.197589+00:00,SMC,BUY,1.35,False,PER_STRATEGY_MAX_OPEN_HIT,0.0,0.0,True,1.35,False,1.35
2026-07-22T01:22:44.629594+00:00,SMC,BUY,1.35,False,PER_STRATEGY_MAX_OPEN_HIT,0.0,0.0,True,1.35,False,1.35
2026-07-22T01:23:45.075718+00:00,SMC,BUY,1.35,False,PER_STRATEGY_MAX_OPEN_HIT,0.0,0.0,True,1.35,False,1.35
2026-07-22T01:24:45.512623+00:00,SMC,BUY,1.35,False,PER_STRATEGY_MAX_OPEN_HIT,0.0,0.0,True,1.35,False,1.35
2026-07-22T01:25:46.051509+00:00,SMC,BUY,1.35,False,PER_STRATEGY_MAX_OPEN_HIT,0.0,0.0,True,1.35,False,1.35
2026-07-22T01:26:46.584275+00:00,SMC,BUY,1.35,False,PER_STRATEGY_MAX_OPEN_HIT,0.0,0.0,True,1.35,False,1.35
2026-07-22T01:27:47.043464+00:00,SMC,BUY,1.35,False,PER_STRATEGY_MAX_OPEN_HIT,0.0,0.0,True,1.35,False,1.35
2026-07-22T01:28:47.445681+00:00,SMC,BUY,1.35,False,PER_STRATEGY_MAX_OPEN_HIT,0.0,0.0,True,1.35,False,1.35
2026-07-22T01:29:47.925931+00:00,SMC,BUY,1.35,False,PER_STRATEGY_MAX_OPEN_HIT,0.0,0.0,True,1.35,False,1.35
2026-07-22T01:30:48.396925+00:00,SMC,BUY,1.35,False,PER_STRATEGY_MAX_OPEN_HIT,0.0,0.0,True,1.35,False,1.35
2026-07-22T01:31:48.832289+00:00,SMC,BUY,1.35,False,PER_STRATEGY_MAX_OPEN_HIT,0.0,0.0,True,1.35,False,1.35
2026-07-22T01:32:49.320425+00:00,SMC,BUY,1.35,False,PER_STRATEGY_MAX_OPEN_HIT,0.0,0.0,True,1.35,False,1.35
2026-07-22T01:33:49.708002+00:00,SMC,BUY,1.35,False,PER_STRATEGY_MAX_OPEN_HIT,0.0,0.0,True,1.35,False,1.35
2026-07-22T01:34:50.126493+00:00,SMC,BUY,1.35,False,PER_STRATEGY_MAX_OPEN_HIT,0.0,0.0,True,1.35,False,1.35
2026-07-22T01:35:50.520040+00:00,SMC,BUY,1.5,False,PER_STRATEGY_MAX_OPEN_HIT,0.0,0.0,True,1.5,False,1.5
2026-07-22T01:36:51.020955+00:00,SMC,BUY,1.35,False,PER_STRATEGY_MAX_OPEN_HIT,0.0,0.0,True,1.35,False,1.35
2026-07-22T01:37:51.494814+00:00,SMC,BUY,1.35,False,PER_STRATEGY_MAX_OPEN_HIT,0.0,0.0,True,1.35,False,1.35
2026-07-22T01:38:51.892250+00:00,SMC,BUY,1.5,False,PER_STRATEGY_MAX_OPEN_HIT,0.0,0.0,True,1.5,False,1.5
2026-07-22T01:39:52.435972+00:00,SMC,BUY,1.5,False,PER_STRATEGY_MAX_OPEN_HIT,0.0,0.0,True,1.5,False,1.5
2026-07-22T01:40:52.914147+00:00,SMC,BUY,1.5,False,PER_STRATEGY_MAX_OPEN_HIT,0.0,0.0,True,1.5,False,1.5
2026-07-22T01:41:53.338405+00:00,SMC,BUY,1.35,False,PER_STRATEGY_MAX_OPEN_HIT,0.0,0.0,True,1.35,False,1.35
2026-07-22T01:42:53.831821+00:00,SMC,BUY,1.35,False,PER_STRATEGY_MAX_OPEN_HIT,0.0,0.0,True,1.35,False,1.35
2026-07-22T01:43:54.276709+00:00,SMC,BUY,1.35,False,PER_STRATEGY_MAX_OPEN_HIT,0.0,0.0,True,1.35,False,1.35
2026-07-22T01:44:54.677544+00:00,SMC,BUY,1.35,False,PER_STRATEGY_MAX_OPEN_HIT,0.0,0.0,True,1.35,False,1.35
2026-07-22T01:45:55.144289+00:00,SMC,BUY,1.35,False,PER_STRATEGY_MAX_OPEN_HIT,0.0,0.0,True,1.35,False,1.35
2026-07-22T01:46:55.583374+00:00,SMC,BUY,1.35,False,PER_STRATEGY_MAX_OPEN_HIT,0.0,0.0,True,1.35,False,1.35
2026-07-22T01:47:56.052153+00:00,SMC,BUY,1.5,False,PER_STRATEGY_MAX_OPEN_HIT,0.0,0.0,True,1.5,False,1.5
2026-07-22T01:48:56.498241+00:00,SMC,BUY,1.35,False,PER_STRATEGY_MAX_OPEN_HIT,0.0,0.0,True,1.35,False,1.35
2026-07-22T01:49:56.968773+00:00,SMC,BUY,1.5,False,PER_STRATEGY_MAX_OPEN_HIT,0.0,0.0,True,1.5,False,1.5
2026-07-22T01:50:57.422904+00:00,SMC,BUY,1.35,False,PER_STRATEGY_MAX_OPEN_HIT,0.0,0.0,True,1.35,False,1.35
2026-07-22T01:51:57.823031+00:00,SMC,BUY,1.35,False,PER_STRATEGY_MAX_OPEN_HIT,0.0,0.0,True,1.35,False,1.35
2026-07-22T01:52:58.313576+00:00,SMC,BUY,1.35,False,PER_STRATEGY_MAX_OPEN_HIT,0.0,0.0,True,1.35,False,1.35
2026-07-22T01:53:58.736589+00:00,SMC,BUY,1.35,False,PER_STRATEGY_MAX_OPEN_HIT,0.0,0.0,True,1.35,False,1.35
2026-07-22T01:54:59.149152+00:00,SMC,BUY,1.35,False,PER_STRATEGY_MAX_OPEN_HIT,0.0,0.0,True,1.35,False,1.35
2026-07-22T01:55:59.576253+00:00,SMC,BUY,1.35,False,PER_STRATEGY_MAX_OPEN_HIT,0.0,0.0,True,1.35,False,1.35
2026-07-22T01:57:00.047191+00:00,SMC,BUY,1.35,False,PER_STRATEGY_MAX_OPEN_HIT,0.0,0.0,True,1.35,False,1.35
2026-07-22T01:58:00.559344+00:00,SMC,BUY,1.35,False,PER_STRATEGY_MAX_OPEN_HIT,0.0,0.0,True,1.35,False,1.35
2026-07-22T01:59:01.054857+00:00,SMC,BUY,1.5,False,PER_STRATEGY_MAX_OPEN_HIT,0.0,0.0,True,1.5,False,1.5
2026-07-22T02:00:01.464050+00:00,SMC,BUY,1.5,False,PER_STRATEGY_MAX_OPEN_HIT,0.0,0.0,True,1.5,False,1.5
2026-07-22T02:01:01.866908+00:00,SMC,BUY,1.35,False,PER_STRATEGY_MAX_OPEN_HIT,0.0,0.0,True,1.35,False,1.35
2026-07-22T02:02:02.259315+00:00,SMC,BUY,1.35,False,PER_STRATEGY_MAX_OPEN_HIT,0.0,0.0,True,1.35,False,1.35
2026-07-22T02:03:02.766857+00:00,SMC,BUY,1.35,False,PER_STRATEGY_MAX_OPEN_HIT,0.0,0.0,True,1.35,False,1.35
2026-07-22T02:04:03.172531+00:00,SMC,BUY,1.35,False,PER_STRATEGY_MAX_OPEN_HIT,0.0,0.0,True,1.35,False,1.35
2026-07-22T02:05:03.604766+00:00,SMC,BUY,1.35,False,PER_STRATEGY_MAX_OPEN_HIT,0.0,0.0,True,1.35,False,1.35
2026-07-22T02:06:04.004850+00:00,SMC,BUY,1.35,False,PER_STRATEGY_MAX_OPEN_HIT,0.0,0.0,True,1.35,False,1.35
2026-07-22T02:07:04.418033+00:00,SMC,BUY,1.35,False,PER_STRATEGY_MAX_OPEN_HIT,0.0,0.0,True,1.35,False,1.35
2026-07-22T02:08:05.005779+00:00,SMC,BUY,1.35,False,PER_STRATEGY_MAX_OPEN_HIT,0.0,0.0,True,1.35,False,1.35
2026-07-22T02:09:05.437310+00:00,SMC,BUY,1.35,False,PER_STRATEGY_MAX_OPEN_HIT,0.0,0.0,True,1.35,False,1.35
2026-07-22T02:10:05.908558+00:00,SMC,BUY,1.35,False,PER_STRATEGY_MAX_OPEN_HIT,0.0,0.0,True,1.35,False,1.35
2026-07-22T02:11:06.342234+00:00,SMC,BUY,1.35,False,PER_STRATEGY_MAX_OPEN_HIT,0.0,0.0,True,1.35,False,1.35
2026-07-22T02:12:06.790984+00:00,SMC,BUY,1.35,False,PER_STRATEGY_MAX_OPEN_HIT,0.0,0.0,True,1.35,False,1.35
2026-07-22T02:13:07.225493+00:00,SMC,BUY,1.35,False,PER_STRATEGY_MAX_OPEN_HIT,0.0,0.0,True,1.35,False,1.35
2026-07-22T02:14:07.622697+00:00,SMC,BUY,1.35,False,PER_STRATEGY_MAX_OPEN_HIT,0.0,0.0,True,1.35,False,1.35
2026-07-22T02:15:08.076252+00:00,SMC,BUY,1.35,False,PER_STRATEGY_MAX_OPEN_HIT,0.0,0.0,True,1.35,False,1.35
2026-07-22T02:16:08.501835+00:00,SMC,BUY,1.35,False,PER_STRATEGY_MAX_OPEN_HIT,0.0,0.0,True,1.35,False,1.35
2026-07-22T02:17:09.204231+00:00,SMC,BUY,1.35,False,PER_STRATEGY_MAX_OPEN_HIT,0.0,0.0,True,1.35,False,1.35
2026-07-22T02:18:09.666735+00:00,SMC,BUY,1.5,False,PER_STRATEGY_MAX_OPEN_HIT,0.0,0.0,True,1.5,False,1.5
2026-07-22T02:19:10.072782+00:00,SMC,BUY,1.35,False,PER_STRATEGY_MAX_OPEN_HIT,0.0,0.0,True,1.35,False,1.35
2026-07-22T02:20:10.466549+00:00,SMC,BUY,1.35,False,PER_STRATEGY_MAX_OPEN_HIT,0.0,0.0,True,1.35,False,1.35
2026-07-22T02:21:10.926617+00:00,SMC,BUY,1.35,False,PER_STRATEGY_MAX_OPEN_HIT,0.0,0.0,True,1.35,False,1.35
2026-07-22T02:22:11.442664+00:00,SMC,BUY,1.35,False,PER_STRATEGY_MAX_OPEN_HIT,0.0,0.0,True,1.35,False,1.35
2026-07-22T02:23:11.900006+00:00,SMC,BUY,1.35,False,PER_STRATEGY_MAX_OPEN_HIT,0.0,0.0,True,1.35,False,1.35
2026-07-22T02:24:12.290134+00:00,SMC,BUY,1.35,False,PER_STRATEGY_MAX_OPEN_HIT,0.0,0.0,True,1.35,False,1.35
2026-07-22T02:25:12.682904+00:00,SMC,BUY,1.35,False,PER_STRATEGY_MAX_OPEN_HIT,0.0,0.0,True,1.35,False,1.35
2026-07-22T02:26:13.098580+00:00,SMC,BUY,1.35,False,PER_STRATEGY_MAX_OPEN_HIT,0.0,0.0,True,1.35,False,1.35
2026-07-22T02:27:13.511384+00:00,SMC,BUY,1.35,False,PER_STRATEGY_MAX_OPEN_HIT,0.0,0.0,True,1.35,False,1.35
2026-07-22T02:28:13.947990+00:00,SMC,BUY,1.35,False,PER_STRATEGY_MAX_OPEN_HIT,0.0,0.0,True,1.35,False,1.35
2026-07-22T02:29:14.354028+00:00,SMC,BUY,1.35,False,PER_STRATEGY_MAX_OPEN_HIT,0.0,0.0,True,1.35,False,1.35
2026-07-22T02:31:14.809089+00:00,SMC,BUY,1.35,False,PER_STRATEGY_MAX_OPEN_HIT,0.0,0.0,True,1.35,False,1.35
2026-07-22T02:32:15.345892+00:00,SMC,BUY,1.35,False,PER_STRATEGY_MAX_OPEN_HIT,0.0,0.0,True,1.35,False,1.35
2026-07-22T02:33:15.920487+00:00,SMC,BUY,1.35,False,PER_STRATEGY_MAX_OPEN_HIT,0.0,0.0,True,1.35,False,1.35
2026-07-22T02:34:16.394437+00:00,SMC,BUY,1.5,False,PER_STRATEGY_MAX_OPEN_HIT,0.0,0.0,True,1.5,False,1.5
2026-07-22T02:35:16.816695+00:00,SMC,BUY,1.5,False,PER_STRATEGY_MAX_OPEN_HIT,0.0,0.0,True,1.5,False,1.5
2026-07-22T02:36:17.266034+00:00,SMC,BUY,1.5,False,PER_STRATEGY_MAX_OPEN_HIT,0.0,0.0,True,1.5,False,1.5
2026-07-22T02:37:17.701902+00:00,SMC,BUY,1.5,False,PER_STRATEGY_MAX_OPEN_HIT,0.0,0.0,True,1.5,False,1.5
2026-07-22T02:38:18.147194+00:00,SMC,BUY,1.35,False,PER_STRATEGY_MAX_OPEN_HIT,0.0,0.0,True,1.35,False,1.35
2026-07-22T02:39:18.540497+00:00,SMC,BUY,1.5,False,PER_STRATEGY_MAX_OPEN_HIT,0.0,0.0,True,1.5,False,1.5
2026-07-22T02:40:18.985006+00:00,SMC,BUY,1.35,False,PER_STRATEGY_MAX_OPEN_HIT,0.0,0.0,True,1.35,False,1.35
2026-07-22T02:41:19.406068+00:00,SMC,BUY,1.5,False,PER_STRATEGY_MAX_OPEN_HIT,0.0,0.0,True,1.5,False,1.5
2026-07-22T02:42:19.832752+00:00,SMC,BUY,1.5,False,PER_STRATEGY_MAX_OPEN_HIT,0.0,0.0,True,1.5,False,1.5
2026-07-22T02:43:20.267931+00:00,SMC,BUY,1.35,False,PER_STRATEGY_MAX_OPEN_HIT,0.0,0.0,True,1.35,False,1.35
2026-07-22T02:44:20.662473+00:00,SMC,BUY,1.35,False,PER_STRATEGY_MAX_OPEN_HIT,0.0,0.0,True,1.35,False,1.35
2026-07-22T02:45:21.058112+00:00,SMC,BUY,1.35,False,PER_STRATEGY_MAX_OPEN_HIT,0.0,0.0,True,1.35,False,1.35
2026-07-22T02:46:21.463162+00:00,SMC,BUY,1.5,False,PER_STRATEGY_MAX_OPEN_HIT,0.0,0.0,True,1.5,False,1.5
2026-07-22T02:47:21.878807+00:00,SMC,BUY,1.35,False,PER_STRATEGY_MAX_OPEN_HIT,0.0,0.0,True,1.35,False,1.35
2026-07-22T02:48:22.337793+00:00,SMC,BUY,1.35,False,PER_STRATEGY_MAX_OPEN_HIT,0.0,0.0,True,1.35,False,1.35
2026-07-22T02:49:22.759171+00:00,SMC,BUY,1.5,False,PER_STRATEGY_MAX_OPEN_HIT,0.0,0.0,True,1.5,False,1.5
2026-07-22T02:50:23.171655+00:00,SMC,BUY,1.35,False,PER_STRATEGY_MAX_OPEN_HIT,0.0,0.0,True,1.35,False,1.35
2026-07-22T02:51:23.606665+00:00,SMC,BUY,1.35,False,PER_STRATEGY_MAX_OPEN_HIT,0.0,0.0,True,1.35,False,1.35
2026-07-22T02:52:24.026906+00:00,SMC,BUY,1.35,False,PER_STRATEGY_MAX_OPEN_HIT,0.0,0.0,True,1.35,False,1.35
2026-07-22T02:53:24.507169+00:00,SMC,BUY,1.5,False,PER_STRATEGY_MAX_OPEN_HIT,0.0,0.0,True,1.5,False,1.5
2026-07-22T02:54:24.907964+00:00,SMC,BUY,1.35,False,PER_STRATEGY_MAX_OPEN_HIT,0.0,0.0,True,1.35,False,1.35
2026-07-22T02:55:25.360832+00:00,SMC,BUY,1.35,False,PER_STRATEGY_MAX_OPEN_HIT,0.0,0.0,True,1.35,False,1.35
2026-07-22T02:56:25.783544+00:00,SMC,BUY,1.35,False,PER_STRATEGY_MAX_OPEN_HIT,0.0,0.0,True,1.35,False,1.35
2026-07-22T02:57:26.199405+00:00,SMC,BUY,1.35,False,PER_STRATEGY_MAX_OPEN_HIT,0.0,0.0,True,1.35,False,1.35
2026-07-22T02:58:26.637103+00:00,SMC,BUY,1.35,False,PER_STRATEGY_MAX_OPEN_HIT,0.0,0.0,True,1.35,False,1.35
2026-07-22T02:59:27.157697+00:00,SMC,BUY,1.35,False,PER_STRATEGY_MAX_OPEN_HIT,0.0,0.0,True,1.35,False,1.35
2026-07-22T03:01:27.907036+00:00,SMC,BUY,1.5,False,PER_STRATEGY_MAX_OPEN_HIT,0.0,0.0,True,1.5,False,1.5
2026-07-22T03:02:28.422850+00:00,SMC,BUY,1.5,False,PER_STRATEGY_MAX_OPEN_HIT,0.0,0.0,True,1.5,False,1.5
2026-07-22T03:03:28.981323+00:00,SMC,BUY,1.35,False,PER_STRATEGY_MAX_OPEN_HIT,0.0,0.0,True,1.35,False,1.35
2026-07-22T03:04:29.469085+00:00,SMC,BUY,1.5,False,PER_STRATEGY_MAX_OPEN_HIT,0.0,0.0,True,1.5,False,1.5
2026-07-22T03:05:30.055467+00:00,SMC,BUY,1.5,False,PER_STRATEGY_MAX_OPEN_HIT,0.0,0.0,True,1.5,False,1.5
2026-07-22T03:06:30.495976+00:00,SMC,BUY,1.5,True,,0.75,0.07,True,1.5,True,0.75
2026-07-22T03:06:31.128923+00:00,MICRO,BUY,1.35,True,,0.75,0.07,True,1.35,True,0.6
2026-07-22T03:08:33.640226+00:00,MICRO,BUY,1.35,False,PER_STRATEGY_MAX_OPEN_HIT,0.0,0.0,True,1.35,False,1.35
2026-07-22T03:09:34.199067+00:00,MICRO,BUY,1.35,False,PER_STRATEGY_MAX_OPEN_HIT,0.0,0.0,True,1.35,False,1.35
2026-07-22T03:10:34.774274+00:00,SMC,BUY,1.5,False,PER_STRATEGY_MAX_OPEN_HIT,0.0,0.0,True,1.5,False,1.5
2026-07-22T03:11:35.179173+00:00,SMC,BUY,1.35,False,PER_STRATEGY_MAX_OPEN_HIT,0.0,0.0,True,1.35,False,1.35
2026-07-22T03:12:35.599509+00:00,SMC,BUY,1.35,False,PER_STRATEGY_MAX_OPEN_HIT,0.0,0.0,True,1.35,False,1.35
2026-07-22T03:13:36.052643+00:00,SMC,BUY,1.35,False,PER_STRATEGY_MAX_OPEN_HIT,0.0,0.0,True,1.35,False,1.35
2026-07-22T03:14:36.439969+00:00,SMC,BUY,1.5,False,PER_STRATEGY_MAX_OPEN_HIT,0.0,0.0,True,1.5,False,1.5
2026-07-22T03:15:37.533195+00:00,SMC,BUY,1.35,False,PER_STRATEGY_MAX_OPEN_HIT,0.0,0.0,True,1.35,False,1.35
2026-07-22T03:16:38.199202+00:00,SMC,BUY,1.35,False,PER_STRATEGY_MAX_OPEN_HIT,0.0,0.0,True,1.35,False,1.35
2026-07-22T03:17:38.648897+00:00,SMC,BUY,1.35,False,PER_STRATEGY_MAX_OPEN_HIT,0.0,0.0,True,1.35,False,1.35
2026-07-22T03:18:39.095379+00:00,SMC,BUY,1.35,False,PER_STRATEGY_MAX_OPEN_HIT,0.0,0.0,True,1.35,False,1.35
2026-07-22T03:19:39.492110+00:00,SMC,BUY,1.5,False,PER_STRATEGY_MAX_OPEN_HIT,0.0,0.0,True,1.5,False,1.5
2026-07-22T03:20:39.910518+00:00,SMC,BUY,1.5,False,PER_STRATEGY_MAX_OPEN_HIT,0.0,0.0,True,1.5,False,1.5
2026-07-22T03:21:40.338988+00:00,SMC,BUY,1.35,False,PER_STRATEGY_MAX_OPEN_HIT,0.0,0.0,True,1.35,False,1.35
2026-07-22T03:22:40.817699+00:00,SMC,BUY,1.35,False,PER_STRATEGY_MAX_OPEN_HIT,0.0,0.0,True,1.35,False,1.35
2026-07-22T03:23:41.253841+00:00,SMC,BUY,1.35,False,PER_STRATEGY_MAX_OPEN_HIT,0.0,0.0,True,1.35,False,1.35
2026-07-22T03:24:41.654290+00:00,SMC,BUY,1.5,False,PER_STRATEGY_MAX_OPEN_HIT,0.0,0.0,True,1.5,False,1.5
2026-07-22T03:25:42.068234+00:00,SMC,BUY,1.35,False,PER_STRATEGY_MAX_OPEN_HIT,0.0,0.0,True,1.35,False,1.35
2026-07-22T03:26:42.483246+00:00,SMC,BUY,1.35,False,PER_STRATEGY_MAX_OPEN_HIT,0.0,0.0,True,1.35,False,1.35
2026-07-22T03:27:42.905116+00:00,SMC,BUY,1.35,False,PER_STRATEGY_MAX_OPEN_HIT,0.0,0.0,True,1.35,False,1.35
2026-07-22T03:28:43.347454+00:00,SMC,BUY,1.35,False,PER_STRATEGY_MAX_OPEN_HIT,0.0,0.0,True,1.35,False,1.35
2026-07-22T03:29:43.834503+00:00,SMC,BUY,1.35,False,PER_STRATEGY_MAX_OPEN_HIT,0.0,0.0,True,1.35,False,1.35
2026-07-22T03:30:44.247737+00:00,SMC,BUY,1.35,False,PER_STRATEGY_MAX_OPEN_HIT,0.0,0.0,True,1.35,False,1.35
2026-07-22T03:31:44.666838+00:00,SMC,BUY,1.35,False,PER_STRATEGY_MAX_OPEN_HIT,0.0,0.0,True,1.35,False,1.35
2026-07-22T03:32:45.060810+00:00,SMC,BUY,1.35,False,PER_STRATEGY_MAX_OPEN_HIT,0.0,0.0,True,1.35,False,1.35
2026-07-22T03:33:45.516887+00:00,SMC,BUY,1.35,False,PER_STRATEGY_MAX_OPEN_HIT,0.0,0.0,True,1.35,False,1.35
2026-07-22T03:34:45.912036+00:00,SMC,BUY,1.35,False,PER_STRATEGY_MAX_OPEN_HIT,0.0,0.0,True,1.35,False,1.35
2026-07-22T03:35:46.336138+00:00,SMC,BUY,1.35,False,PER_STRATEGY_MAX_OPEN_HIT,0.0,0.0,True,1.35,False,1.35
2026-07-22T03:36:46.745013+00:00,SMC,BUY,1.35,False,PER_STRATEGY_MAX_OPEN_HIT,0.0,0.0,True,1.35,False,1.35
2026-07-22T03:37:47.188541+00:00,SMC,BUY,1.35,False,PER_STRATEGY_MAX_OPEN_HIT,0.0,0.0,True,1.35,False,1.35
2026-07-22T03:38:47.638340+00:00,SMC,BUY,1.35,False,PER_STRATEGY_MAX_OPEN_HIT,0.0,0.0,True,1.35,False,1.35
2026-07-22T03:39:48.046726+00:00,SMC,BUY,1.5,False,PER_STRATEGY_MAX_OPEN_HIT,0.0,0.0,True,1.5,False,1.5
2026-07-22T03:40:48.508076+00:00,SMC,BUY,1.35,False,PER_STRATEGY_MAX_OPEN_HIT,0.0,0.0,True,1.35,False,1.35
2026-07-22T03:41:48.959263+00:00,SMC,BUY,1.35,False,PER_STRATEGY_MAX_OPEN_HIT,0.0,0.0,True,1.35,False,1.35
2026-07-22T03:42:49.412769+00:00,SMC,BUY,1.35,False,PER_STRATEGY_MAX_OPEN_HIT,0.0,0.0,True,1.35,False,1.35
2026-07-22T03:43:49.860515+00:00,SMC,BUY,1.5,False,PER_STRATEGY_MAX_OPEN_HIT,0.0,0.0,True,1.5,False,1.5
2026-07-22T03:44:50.257622+00:00,SMC,BUY,1.35,False,PER_STRATEGY_MAX_OPEN_HIT,0.0,0.0,True,1.35,False,1.35
2026-07-22T03:45:50.909284+00:00,SMC,BUY,1.35,False,PER_STRATEGY_MAX_OPEN_HIT,0.0,0.0,True,1.35,False,1.35
2026-07-22T03:46:51.335713+00:00,SMC,BUY,1.35,False,PER_STRATEGY_MAX_OPEN_HIT,0.0,0.0,True,1.35,False,1.35
2026-07-22T03:47:51.768428+00:00,SMC,BUY,1.35,False,PER_STRATEGY_MAX_OPEN_HIT,0.0,0.0,True,1.35,False,1.35
2026-07-22T03:48:52.220636+00:00,SMC,BUY,1.35,False,PER_STRATEGY_MAX_OPEN_HIT,0.0,0.0,True,1.35,False,1.35
2026-07-22T03:49:52.609460+00:00,SMC,BUY,1.35,False,PER_STRATEGY_MAX_OPEN_HIT,0.0,0.0,True,1.35,False,1.35
2026-07-22T03:50:53.033571+00:00,SMC,BUY,1.35,False,PER_STRATEGY_MAX_OPEN_HIT,0.0,0.0,True,1.35,False,1.35
2026-07-22T03:51:53.451135+00:00,SMC,BUY,1.35,False,PER_STRATEGY_MAX_OPEN_HIT,0.0,0.0,True,1.35,False,1.35
2026-07-22T03:52:53.869878+00:00,SMC,BUY,1.5,False,PER_STRATEGY_MAX_OPEN_HIT,0.0,0.0,True,1.5,False,1.5
2026-07-22T03:53:54.337424+00:00,SMC,BUY,1.35,False,PER_STRATEGY_MAX_OPEN_HIT,0.0,0.0,True,1.35,False,1.35
2026-07-22T03:54:54.731011+00:00,SMC,BUY,1.35,False,PER_STRATEGY_MAX_OPEN_HIT,0.0,0.0,True,1.35,False,1.35
2026-07-22T03:55:55.162097+00:00,SMC,BUY,1.35,False,PER_STRATEGY_MAX_OPEN_HIT,0.0,0.0,True,1.35,False,1.35
2026-07-22T03:56:55.601899+00:00,SMC,BUY,1.35,False,PER_STRATEGY_MAX_OPEN_HIT,0.0,0.0,True,1.35,False,1.35
2026-07-22T03:57:56.020966+00:00,SMC,BUY,1.35,False,PER_STRATEGY_MAX_OPEN_HIT,0.0,0.0,True,1.35,False,1.35
2026-07-22T03:58:56.422572+00:00,SMC,BUY,1.35,False,PER_STRATEGY_MAX_OPEN_HIT,0.0,0.0,True,1.35,False,1.35
2026-07-22T03:59:56.821668+00:00,SMC,BUY,1.35,False,PER_STRATEGY_MAX_OPEN_HIT,0.0,0.0,True,1.35,False,1.35
2026-07-22T04:02:59.780121+00:00,MICRO,SELL,1.35,False,PER_STRATEGY_MAX_OPEN_HIT,0.0,0.0,True,1.35,False,1.35
2026-07-22T04:04:00.432623+00:00,MICRO,SELL,1.35,False,PER_STRATEGY_MAX_OPEN_HIT,0.0,0.0,True,1.35,False,1.35
2026-07-22T04:10:04.431469+00:00,SMC,BUY,1.5,True,,0.75,0.07,True,1.5,True,0.75
2026-07-22T04:11:05.618524+00:00,MICRO,SELL,1.35,True,,0.75,0.07,True,1.35,True,0.6
2026-07-22T04:12:06.224605+00:00,MICRO,SELL,1.35,True,,0.75,0.07,True,1.35,True,0.6
2026-07-22T04:13:06.872650+00:00,MICRO,SELL,1.35,True,,0.75,0.07,True,1.35,True,0.6
2026-07-22T04:16:08.673966+00:00,MICRO,BUY,1.35,True,,0.75,0.07,True,1.35,True,0.6
2026-07-22T04:25:15.024726+00:00,SMC,BUY,1.5,False,PER_STRATEGY_MAX_OPEN_HIT,0.0,0.0,True,1.5,False,1.5
2026-07-22T04:26:15.428232+00:00,SMC,BUY,1.5,False,PER_STRATEGY_MAX_OPEN_HIT,0.0,0.0,True,1.5,False,1.5
2026-07-22T04:27:15.848873+00:00,SMC,BUY,1.5,False,PER_STRATEGY_MAX_OPEN_HIT,0.0,0.0,True,1.5,False,1.5
2026-07-22T04:33:19.154789+00:00,MICRO,SELL,1.35,False,PER_STRATEGY_MAX_OPEN_HIT,0.0,0.0,True,1.35,False,1.35
2026-07-22T04:34:19.798692+00:00,MICRO,SELL,1.35,False,PER_STRATEGY_MAX_OPEN_HIT,0.0,0.0,True,1.35,False,1.35
2026-07-22T04:35:20.393859+00:00,SMC,BUY,1.5,False,PER_STRATEGY_MAX_OPEN_HIT,0.0,0.0,True,1.5,False,1.5
2026-07-22T04:39:22.725530+00:00,SMC,BUY,1.5,False,PER_STRATEGY_MAX_OPEN_HIT,0.0,0.0,True,1.5,False,1.5
2026-07-22T04:40:23.133146+00:00,SMC,BUY,1.5,False,PER_STRATEGY_MAX_OPEN_HIT,0.0,0.0,True,1.5,False,1.5
2026-07-22T04:41:23.580028+00:00,SMC,BUY,1.35,False,PER_STRATEGY_MAX_OPEN_HIT,0.0,0.0,True,1.35,False,1.35
2026-07-22T04:42:24.046682+00:00,SMC,BUY,1.35,False,PER_STRATEGY_MAX_OPEN_HIT,0.0,0.0,True,1.35,False,1.35
2026-07-22T04:43:24.477480+00:00,SMC,BUY,1.35,False,PER_STRATEGY_MAX_OPEN_HIT,0.0,0.0,True,1.35,False,1.35
2026-07-22T04:44:24.966135+00:00,SMC,BUY,1.35,False,PER_STRATEGY_MAX_OPEN_HIT,0.0,0.0,True,1.35,False,1.35
2026-07-22T04:45:25.371735+00:00,SMC,BUY,1.5,False,PER_STRATEGY_MAX_OPEN_HIT,0.0,0.0,True,1.5,False,1.5
2026-07-22T04:46:25.830295+00:00,SMC,BUY,1.5,False,PER_STRATEGY_MAX_OPEN_HIT,0.0,0.0,True,1.5,False,1.5
2026-07-22T04:47:26.267336+00:00,MICRO,SELL,1.35,False,PER_STRATEGY_MAX_OPEN_HIT,0.0,0.0,True,1.35,False,1.35
2026-07-22T04:50:28.148864+00:00,SMC,BUY,1.35,False,PER_STRATEGY_MAX_OPEN_HIT,0.0,0.0,True,1.35,False,1.35
2026-07-22T04:51:28.753990+00:00,SMC,BUY,1.35,False,PER_STRATEGY_MAX_OPEN_HIT,0.0,0.0,True,1.35,False,1.35
2026-07-22T04:57:32.086644+00:00,SMC,BUY,1.35,False,PER_STRATEGY_MAX_OPEN_HIT,0.0,0.0,True,1.35,False,1.35
2026-07-22T04:58:32.532393+00:00,SMC,BUY,1.35,False,PER_STRATEGY_MAX_OPEN_HIT,0.0,0.0,True,1.35,False,1.35
2026-07-22T04:59:33.174009+00:00,SMC,BUY,1.35,False,PER_STRATEGY_MAX_OPEN_HIT,0.0,0.0,True,1.35,False,1.35
2026-07-22T05:10:36.657382+00:00,SMC,BUY,1.5,False,PER_STRATEGY_MAX_OPEN_HIT,0.0,0.0,True,1.5,False,1.5
2026-07-22T05:16:37.826554+00:00,MICRO,SELL,1.35,False,PER_STRATEGY_MAX_OPEN_HIT,0.0,0.0,True,1.35,False,1.35
2026-07-22T05:17:38.472849+00:00,MICRO,SELL,1.35,False,PER_STRATEGY_MAX_OPEN_HIT,0.0,0.0,True,1.35,False,1.35
2026-07-22T05:18:39.164684+00:00,MICRO,SELL,1.35,False,PER_STRATEGY_MAX_OPEN_HIT,0.0,0.0,True,1.35,False,1.35
2026-07-22T05:19:39.865788+00:00,MICRO,SELL,1.35,False,PER_STRATEGY_MAX_OPEN_HIT,0.0,0.0,True,1.35,False,1.35
2026-07-22T05:25:43.282795+00:00,SMC,BUY,1.5,False,PER_STRATEGY_MAX_OPEN_HIT,0.0,0.0,True,1.5,False,1.5
2026-07-22T05:30:45.998315+00:00,MICRO,BUY,1.35,False,PER_STRATEGY_MAX_OPEN_HIT,0.0,0.0,True,1.35,False,1.35
2026-07-22T05:31:46.642042+00:00,MICRO,BUY,1.35,False,PER_STRATEGY_MAX_OPEN_HIT,0.0,0.0,True,1.35,False,1.35
2026-07-22T05:32:47.275642+00:00,MICRO,BUY,1.35,False,PER_STRATEGY_MAX_OPEN_HIT,0.0,0.0,True,1.35,False,1.35
2026-07-22T05:37:49.222986+00:00,SMC,BUY,1.5,False,PER_STRATEGY_MAX_OPEN_HIT,0.0,0.0,True,1.5,False,1.5
2026-07-22T05:38:49.736915+00:00,SMC,BUY,1.5,False,PER_STRATEGY_MAX_OPEN_HIT,0.0,0.0,True,1.5,False,1.5
2026-07-22T05:39:50.218199+00:00,SMC,BUY,1.5,False,PER_STRATEGY_MAX_OPEN_HIT,0.0,0.0,True,1.5,False,1.5
2026-07-22T05:40:50.652289+00:00,SMC,BUY,1.5,False,PER_STRATEGY_MAX_OPEN_HIT,0.0,0.0,True,1.5,False,1.5
2026-07-22T05:41:51.148912+00:00,SMC,BUY,1.5,False,PER_STRATEGY_MAX_OPEN_HIT,0.0,0.0,True,1.5,False,1.5
2026-07-22T05:42:51.580495+00:00,SMC,BUY,1.5,False,PER_STRATEGY_MAX_OPEN_HIT,0.0,0.0,True,1.5,False,1.5
2026-07-22T05:43:52.326168+00:00,SMC,BUY,1.35,False,PER_STRATEGY_MAX_OPEN_HIT,0.0,0.0,True,1.35,False,1.35
2026-07-22T05:44:56.561695+00:00,SMC,BUY,1.5,False,PER_STRATEGY_MAX_OPEN_HIT,0.0,0.0,True,1.5,False,1.5
2026-07-22T05:45:57.064851+00:00,SMC,BUY,1.5,False,PER_STRATEGY_MAX_OPEN_HIT,0.0,0.0,True,1.5,False,1.5
2026-07-22T05:46:57.483897+00:00,SMC,BUY,1.5,False,PER_STRATEGY_MAX_OPEN_HIT,0.0,0.0,True,1.5,False,1.5
2026-07-22T05:47:57.890395+00:00,SMC,BUY,1.5,False,PER_STRATEGY_MAX_OPEN_HIT,0.0,0.0,True,1.5,False,1.5
2026-07-22T05:48:58.316658+00:00,SMC,BUY,1.5,False,PER_STRATEGY_MAX_OPEN_HIT,0.0,0.0,True,1.5,False,1.5
2026-07-22T05:49:58.760401+00:00,SMC,BUY,1.5,False,PER_STRATEGY_MAX_OPEN_HIT,0.0,0.0,True,1.5,False,1.5
2026-07-22T05:50:59.162607+00:00,SMC,BUY,1.5,False,PER_STRATEGY_MAX_OPEN_HIT,0.0,0.0,True,1.5,False,1.5
2026-07-22T05:51:59.583884+00:00,SMC,BUY,1.5,False,PER_STRATEGY_MAX_OPEN_HIT,0.0,0.0,True,1.5,False,1.5
2026-07-22T05:53:00.207104+00:00,SMC,BUY,1.5,False,PER_STRATEGY_MAX_OPEN_HIT,0.0,0.0,True,1.5,False,1.5
2026-07-22T05:54:00.649004+00:00,SMC,BUY,1.5,False,PER_STRATEGY_MAX_OPEN_HIT,0.0,0.0,True,1.5,False,1.5
2026-07-22T05:59:03.475836+00:00,SMC,BUY,1.5,False,PER_STRATEGY_MAX_OPEN_HIT,0.0,0.0,True,1.5,False,1.5
2026-07-22T06:00:03.945249+00:00,SMC,BUY,1.5,False,PER_STRATEGY_MAX_OPEN_HIT,0.0,0.0,True,1.5,False,1.5
2026-07-22T06:01:04.338292+00:00,SMC,BUY,1.5,False,PER_STRATEGY_MAX_OPEN_HIT,0.0,0.0,True,1.5,False,1.5
2026-07-22T06:02:04.758878+00:00,SMC,BUY,1.5,False,PER_STRATEGY_MAX_OPEN_HIT,0.0,0.0,True,1.5,False,1.5
2026-07-22T06:03:05.174133+00:00,SMC,BUY,1.5,False,PER_STRATEGY_MAX_OPEN_HIT,0.0,0.0,True,1.5,False,1.5
2026-07-22T06:04:05.606626+00:00,SMC,BUY,1.5,False,PER_STRATEGY_MAX_OPEN_HIT,0.0,0.0,True,1.5,False,1.5
2026-07-22T06:24:12.171646+00:00,MICRO,SELL,1.35,False,PER_STRATEGY_MAX_OPEN_HIT,0.0,0.0,True,1.35,False,1.35
2026-07-22T06:45:24.302531+00:00,SMC,BUY,1.5,True,,0.75,0.07,True,1.5,True,0.75
2026-07-22T06:50:27.995005+00:00,MICRO,SELL,1.35,True,,0.75,0.07,True,1.35,True,0.6
2026-07-22T06:51:28.645899+00:00,MICRO,SELL,1.35,True,,0.75,0.07,True,1.35,True,0.6
2026-07-22T07:10:40.940796+00:00,SMC,BUY,1.35,False,PER_STRATEGY_MAX_OPEN_HIT,0.0,0.0,True,1.35,False,1.35
2026-07-22T07:11:41.387571+00:00,SMC,BUY,1.35,False,PER_STRATEGY_MAX_OPEN_HIT,0.0,0.0,True,1.35,False,1.35
2026-07-22T07:12:41.865738+00:00,MICRO,BUY,1.35,True,,0.75,0.07,True,1.35,True,0.6
2026-07-22T07:15:44.305364+00:00,MICRO,BUY,1.35,False,PER_STRATEGY_MAX_OPEN_HIT,0.0,0.0,True,1.35,False,1.35
2026-07-22T07:17:45.417548+00:00,MICRO,BUY,1.35,False,PER_STRATEGY_MAX_OPEN_HIT,0.0,0.0,True,1.35,False,1.35
2026-07-22T07:18:45.983194+00:00,MICRO,BUY,1.35,False,PER_STRATEGY_MAX_OPEN_HIT,0.0,0.0,True,1.35,False,1.35
2026-07-22T07:19:46.608531+00:00,MICRO,BUY,1.35,False,PER_STRATEGY_MAX_OPEN_HIT,0.0,0.0,True,1.35,False,1.35
2026-07-22T07:21:47.737153+00:00,MICRO,BUY,1.35,False,PER_STRATEGY_MAX_OPEN_HIT,0.0,0.0,True,1.35,False,1.35
2026-07-22T07:36:57.104148+00:00,MICRO,SELL,1.35,False,PER_STRATEGY_MAX_OPEN_HIT,0.0,0.0,True,1.35,False,1.35
2026-07-22T07:38:58.245159+00:00,MICRO,SELL,1.35,False,PER_STRATEGY_MAX_OPEN_HIT,0.0,0.0,True,1.35,False,1.35
2026-07-22T07:39:59.018830+00:00,MICRO,SELL,1.35,False,PER_STRATEGY_MAX_OPEN_HIT,0.0,0.0,True,1.35,False,1.35
2026-07-22T07:40:59.571470+00:00,MICRO,SELL,1.35,False,PER_STRATEGY_MAX_OPEN_HIT,0.0,0.0,True,1.35,False,1.35
2026-07-22T07:42:00.185774+00:00,MICRO,SELL,1.35,False,PER_STRATEGY_MAX_OPEN_HIT,0.0,0.0,True,1.35,False,1.35
2026-07-22T07:43:00.759240+00:00,MICRO,SELL,1.35,False,PER_STRATEGY_MAX_OPEN_HIT,0.0,0.0,True,1.35,False,1.35
2026-07-22T07:59:10.163139+00:00,MICRO,SELL,1.35,False,PER_STRATEGY_MAX_OPEN_HIT,0.0,0.0,True,1.35,False,1.35
2026-07-22T10:10:15.894793+00:00,SMC,BUY,1.5,True,,0.75,0.07,True,1.5,True,0.75
2026-07-22T10:14:18.909901+00:00,MICRO,BUY,1.35,False,PER_STRATEGY_MAX_OPEN_HIT,0.0,0.0,True,1.35,False,1.35
2026-07-22T10:21:23.134589+00:00,MICRO,BUY,1.35,False,PER_STRATEGY_MAX_OPEN_HIT,0.0,0.0,True,1.35,False,1.35
2026-07-22T10:22:23.746363+00:00,MICRO,BUY,1.35,False,PER_STRATEGY_MAX_OPEN_HIT,0.0,0.0,True,1.35,False,1.35
2026-07-22T10:24:24.916746+00:00,MICRO,BUY,1.35,False,PER_STRATEGY_MAX_OPEN_HIT,0.0,0.0,True,1.35,False,1.35
2026-07-22T10:39:34.086642+00:00,MICRO,SELL,1.35,False,PER_STRATEGY_MAX_OPEN_HIT,0.0,0.0,True,1.35,False,1.35
2026-07-22T10:49:41.583880+00:00,MICRO,BUY,1.35,False,PER_STRATEGY_MAX_OPEN_HIT,0.0,0.0,True,1.35,False,1.35
2026-07-22T10:57:45.416128+00:00,MICRO,SELL,1.35,False,PER_STRATEGY_MAX_OPEN_HIT,0.0,0.0,True,1.35,False,1.35
2026-07-22T11:17:53.938366+00:00,SMC,BUY,1.5,False,PER_STRATEGY_MAX_OPEN_HIT,0.0,0.0,True,1.5,False,1.5
2026-07-22T11:35:02.646355+00:00,SMC,BUY,1.5,False,PER_STRATEGY_MAX_OPEN_HIT,0.0,0.0,True,1.5,False,1.5
2026-07-22T11:44:06.321856+00:00,MICRO,SELL,1.35,False,PER_STRATEGY_MAX_OPEN_HIT,0.0,0.0,True,1.35,False,1.35
2026-07-22T12:01:14.791257+00:00,SMC,BUY,1.5,False,PER_STRATEGY_MAX_OPEN_HIT,0.0,0.0,True,1.5,False,1.5
2026-07-22T12:02:15.265225+00:00,SMC,BUY,1.5,False,PER_STRATEGY_MAX_OPEN_HIT,0.0,0.0,True,1.5,False,1.5
2026-07-22T12:03:15.648190+00:00,SMC,BUY,1.5,False,PER_STRATEGY_MAX_OPEN_HIT,0.0,0.0,True,1.5,False,1.5
2026-07-22T12:04:16.083879+00:00,SMC,BUY,1.5,False,PER_STRATEGY_MAX_OPEN_HIT,0.0,0.0,True,1.5,False,1.5
2026-07-22T12:05:16.555663+00:00,SMC,BUY,1.5,False,PER_STRATEGY_MAX_OPEN_HIT,0.0,0.0,True,1.5,False,1.5
2026-07-22T12:06:16.933178+00:00,SMC,BUY,1.5,False,PER_STRATEGY_MAX_OPEN_HIT,0.0,0.0,True,1.5,False,1.5
2026-07-22T12:07:17.354716+00:00,SMC,BUY,1.5,False,PER_STRATEGY_MAX_OPEN_HIT,0.0,0.0,True,1.5,False,1.5
2026-07-22T12:08:17.787947+00:00,SMC,BUY,1.5,False,PER_STRATEGY_MAX_OPEN_HIT,0.0,0.0,True,1.5,False,1.5
2026-07-22T12:09:18.273553+00:00,SMC,BUY,1.5,False,PER_STRATEGY_MAX_OPEN_HIT,0.0,0.0,True,1.5,False,1.5
2026-07-22T12:10:18.776662+00:00,SMC,BUY,1.5,False,PER_STRATEGY_MAX_OPEN_HIT,0.0,0.0,True,1.5,False,1.5
2026-07-22T12:11:19.216522+00:00,SMC,BUY,1.5,False,PER_STRATEGY_MAX_OPEN_HIT,0.0,0.0,True,1.5,False,1.5
2026-07-22T12:12:20.907693+00:00,SMC,BUY,1.5,False,PER_STRATEGY_MAX_OPEN_HIT,0.0,0.0,True,1.5,False,1.5
2026-07-22T12:13:22.174087+00:00,SMC,BUY,1.5,False,PER_STRATEGY_MAX_OPEN_HIT,0.0,0.0,True,1.5,False,1.5
2026-07-22T12:14:22.562267+00:00,SMC,BUY,1.35,False,PER_STRATEGY_MAX_OPEN_HIT,0.0,0.0,True,1.35,False,1.35
2026-07-22T12:15:23.143533+00:00,SMC,BUY,1.5,False,PER_STRATEGY_MAX_OPEN_HIT,0.0,0.0,True,1.5,False,1.5
2026-07-22T12:16:23.679707+00:00,SMC,BUY,1.5,False,PER_STRATEGY_MAX_OPEN_HIT,0.0,0.0,True,1.5,False,1.5
2026-07-22T12:17:24.096951+00:00,SMC,BUY,1.5,False,PER_STRATEGY_MAX_OPEN_HIT,0.0,0.0,True,1.5,False,1.5
2026-07-22T12:18:24.876856+00:00,SMC,BUY,1.5,True,,0.75,0.07,True,1.5,True,0.75
2026-07-22T12:20:26.896078+00:00,MICRO,BUY,1.35,True,,0.75,0.07,True,1.35,True,0.6
2026-07-22T12:22:28.727416+00:00,SMC,BUY,1.5,False,PER_STRATEGY_MAX_OPEN_HIT,0.0,0.0,True,1.5,False,1.5
2026-07-22T12:23:29.337272+00:00,SMC,BUY,1.5,True,,0.75,0.07,True,1.5,True,0.75
2026-07-22T12:24:30.702296+00:00,MICRO,BUY,1.35,True,,0.75,0.07,True,1.35,True,0.6
2026-07-22T12:39:34.572084+00:00,SMC,BUY,1.35,True,,0.75,0.07,True,1.35,True,0.6
2026-07-22T12:43:36.995883+00:00,SMC,BUY,1.5,False,PER_STRATEGY_MAX_OPEN_HIT,0.0,0.0,True,1.5,False,1.5
2026-07-22T12:44:37.522200+00:00,SMC,BUY,1.5,False,PER_STRATEGY_MAX_OPEN_HIT,0.0,0.0,True,1.5,False,1.5
2026-07-22T12:47:38.627428+00:00,MICRO,SELL,1.35,True,,0.75,0.07,True,1.35,True,0.6
2026-07-22T12:48:39.361780+00:00,MICRO,SELL,1.35,True,,0.75,0.07,True,1.35,True,0.6
2026-07-22T12:49:40.063008+00:00,MICRO,SELL,1.35,True,,0.75,0.07,True,1.35,True,0.6
2026-07-22T13:13:51.070117+00:00,MICRO,BUY,1.35,True,,0.75,0.07,True,1.35,True,0.6
2026-07-22T13:18:55.156482+00:00,MICRO,BUY,1.35,False,PER_STRATEGY_MAX_OPEN_HIT,0.0,0.0,True,1.35,False,1.35
2026-07-22T13:19:55.850439+00:00,MICRO,BUY,1.35,False,PER_STRATEGY_MAX_OPEN_HIT,0.0,0.0,True,1.35,False,1.35
2026-07-22T13:35:02.522650+00:00,SMC,BUY,1.5,True,,0.75,0.07,True,1.5,True,0.75
2026-07-22T13:39:06.778998+00:00,SMC,BUY,1.35,False,PER_STRATEGY_MAX_OPEN_HIT,0.0,0.0,True,1.35,False,1.35
2026-07-22T13:40:07.284701+00:00,SMC,BUY,1.5,False,PER_STRATEGY_MAX_OPEN_HIT,0.0,0.0,True,1.5,False,1.5
2026-07-22T13:41:07.772552+00:00,SMC,BUY,1.5,False,PER_STRATEGY_MAX_OPEN_HIT,0.0,0.0,True,1.5,False,1.5
2026-07-22T13:42:08.264615+00:00,SMC,BUY,1.5,False,PER_STRATEGY_MAX_OPEN_HIT,0.0,0.0,True,1.5,False,1.5
2026-07-22T13:43:08.712677+00:00,SMC,BUY,1.5,False,PER_STRATEGY_MAX_OPEN_HIT,0.0,0.0,True,1.5,False,1.5
2026-07-22T13:44:09.180945+00:00,SMC,BUY,1.5,False,PER_STRATEGY_MAX_OPEN_HIT,0.0,0.0,True,1.5,False,1.5
2026-07-22T13:45:09.674429+00:00,SMC,BUY,1.5,False,PER_STRATEGY_MAX_OPEN_HIT,0.0,0.0,True,1.5,False,1.5
2026-07-22T13:46:10.100607+00:00,SMC,BUY,1.5,False,PER_STRATEGY_MAX_OPEN_HIT,0.0,0.0,True,1.5,False,1.5
2026-07-22T13:47:10.725771+00:00,SMC,BUY,1.35,False,PER_STRATEGY_MAX_OPEN_HIT,0.0,0.0,True,1.35,False,1.35
2026-07-22T13:48:11.183307+00:00,SMC,BUY,1.5,False,PER_STRATEGY_MAX_OPEN_HIT,0.0,0.0,True,1.5,False,1.5
2026-07-22T13:49:11.636414+00:00,SMC,BUY,1.35,False,PER_STRATEGY_MAX_OPEN_HIT,0.0,0.0,True,1.35,False,1.35
2026-07-22T13:50:12.166203+00:00,SMC,BUY,1.35,False,PER_STRATEGY_MAX_OPEN_HIT,0.0,0.0,True,1.35,False,1.35
2026-07-22T13:51:12.603377+00:00,SMC,BUY,1.35,False,PER_STRATEGY_MAX_OPEN_HIT,0.0,0.0,True,1.35,False,1.35
2026-07-22T13:52:13.071393+00:00,SMC,BUY,1.35,False,PER_STRATEGY_MAX_OPEN_HIT,0.0,0.0,True,1.35,False,1.35
2026-07-22T13:53:13.519357+00:00,SMC,BUY,1.35,False,PER_STRATEGY_MAX_OPEN_HIT,0.0,0.0,True,1.35,False,1.35
2026-07-22T13:54:13.955518+00:00,SMC,BUY,1.35,False,PER_STRATEGY_MAX_OPEN_HIT,0.0,0.0,True,1.35,False,1.35
2026-07-22T13:55:14.498347+00:00,SMC,BUY,1.35,False,PER_STRATEGY_MAX_OPEN_HIT,0.0,0.0,True,1.35,False,1.35
2026-07-22T13:56:14.965011+00:00,SMC,BUY,1.35,False,PER_STRATEGY_MAX_OPEN_HIT,0.0,0.0,True,1.35,False,1.35
2026-07-22T13:57:15.466692+00:00,SMC,BUY,1.35,False,PER_STRATEGY_MAX_OPEN_HIT,0.0,0.0,True,1.35,False,1.35
2026-07-22T13:58:15.910255+00:00,SMC,BUY,1.35,False,PER_STRATEGY_MAX_OPEN_HIT,0.0,0.0,True,1.35,False,1.35
2026-07-22T13:59:17.044522+00:00,SMC,BUY,1.35,False,PER_STRATEGY_MAX_OPEN_HIT,0.0,0.0,True,1.35,False,1.35
2026-07-22T14:00:18.192867+00:00,SMC,BUY,1.35,False,PER_STRATEGY_MAX_OPEN_HIT,0.0,0.0,True,1.35,False,1.35
2026-07-22T14:01:19.146907+00:00,SMC,BUY,1.35,False,PER_STRATEGY_MAX_OPEN_HIT,0.0,0.0,True,1.35,False,1.35
2026-07-22T14:02:20.294856+00:00,SMC,BUY,1.35,False,PER_STRATEGY_MAX_OPEN_HIT,0.0,0.0,True,1.35,False,1.35
2026-07-22T14:03:20.745540+00:00,SMC,BUY,1.35,False,PER_STRATEGY_MAX_OPEN_HIT,0.0,0.0,True,1.35,False,1.35
2026-07-22T14:04:21.351517+00:00,SMC,BUY,1.35,False,PER_STRATEGY_MAX_OPEN_HIT,0.0,0.0,True,1.35,False,1.35
2026-07-22T14:05:21.820022+00:00,SMC,BUY,1.35,False,PER_STRATEGY_MAX_OPEN_HIT,0.0,0.0,True,1.35,False,1.35
2026-07-22T14:06:22.254459+00:00,SMC,BUY,1.35,False,PER_STRATEGY_MAX_OPEN_HIT,0.0,0.0,True,1.35,False,1.35
2026-07-22T14:07:22.902980+00:00,SMC,BUY,1.35,False,PER_STRATEGY_MAX_OPEN_HIT,0.0,0.0,True,1.35,False,1.35
2026-07-22T14:08:23.403513+00:00,SMC,BUY,1.35,False,PER_STRATEGY_MAX_OPEN_HIT,0.0,0.0,True,1.35,False,1.35
2026-07-22T14:09:23.853658+00:00,SMC,BUY,1.35,False,PER_STRATEGY_MAX_OPEN_HIT,0.0,0.0,True,1.35,False,1.35
2026-07-22T14:20:26.695581+00:00,SMC,BUY,1.35,True,,0.75,0.07,True,1.35,True,0.6
2026-07-22T14:24:30.469678+00:00,SMC,BUY,1.35,False,PER_STRATEGY_MAX_OPEN_HIT,0.0,0.0,True,1.35,False,1.35
2026-07-22T14:35:33.145159+00:00,SMC,BUY,1.35,False,PER_STRATEGY_MAX_OPEN_HIT,0.0,0.0,True,1.35,False,1.35
2026-07-22T14:36:33.600400+00:00,SMC,BUY,1.35,False,PER_STRATEGY_MAX_OPEN_HIT,0.0,0.0,True,1.35,False,1.35
2026-07-22T14:37:34.125318+00:00,SMC,BUY,1.35,False,PER_STRATEGY_MAX_OPEN_HIT,0.0,0.0,True,1.35,False,1.35
2026-07-22T14:38:34.676678+00:00,SMC,BUY,1.35,False,PER_STRATEGY_MAX_OPEN_HIT,0.0,0.0,True,1.35,False,1.35
2026-07-22T14:39:35.141838+00:00,SMC,BUY,1.35,False,PER_STRATEGY_MAX_OPEN_HIT,0.0,0.0,True,1.35,False,1.35
2026-07-22T14:40:35.815411+00:00,SMC,BUY,1.35,False,PER_STRATEGY_MAX_OPEN_HIT,0.0,0.0,True,1.35,False,1.35
2026-07-22T14:41:36.237646+00:00,SMC,BUY,1.35,False,PER_STRATEGY_MAX_OPEN_HIT,0.0,0.0,True,1.35,False,1.35
2026-07-22T14:42:36.704067+00:00,SMC,BUY,1.35,False,PER_STRATEGY_MAX_OPEN_HIT,0.0,0.0,True,1.35,False,1.35
2026-07-22T14:43:37.173488+00:00,SMC,BUY,1.35,False,PER_STRATEGY_MAX_OPEN_HIT,0.0,0.0,True,1.35,False,1.35
2026-07-22T14:44:37.649249+00:00,SMC,BUY,1.35,False,PER_STRATEGY_MAX_OPEN_HIT,0.0,0.0,True,1.35,False,1.35
2026-07-22T14:45:38.211924+00:00,SMC,BUY,1.35,False,PER_STRATEGY_MAX_OPEN_HIT,0.0,0.0,True,1.35,False,1.35
2026-07-22T14:46:38.674365+00:00,SMC,BUY,1.35,False,PER_STRATEGY_MAX_OPEN_HIT,0.0,0.0,True,1.35,False,1.35
2026-07-22T14:47:39.128062+00:00,SMC,BUY,1.35,False,PER_STRATEGY_MAX_OPEN_HIT,0.0,0.0,True,1.35,False,1.35
2026-07-22T14:48:39.572962+00:00,SMC,BUY,1.35,False,PER_STRATEGY_MAX_OPEN_HIT,0.0,0.0,True,1.35,False,1.35
2026-07-22T14:49:40.098138+00:00,SMC,BUY,1.35,False,PER_STRATEGY_MAX_OPEN_HIT,0.0,0.0,True,1.35,False,1.35
2026-07-22T14:50:40.609492+00:00,SMC,BUY,1.35,False,PER_STRATEGY_MAX_OPEN_HIT,0.0,0.0,True,1.35,False,1.35
2026-07-22T14:51:41.055311+00:00,SMC,BUY,1.35,False,PER_STRATEGY_MAX_OPEN_HIT,0.0,0.0,True,1.35,False,1.35
2026-07-22T14:52:41.517022+00:00,SMC,BUY,1.35,False,PER_STRATEGY_MAX_OPEN_HIT,0.0,0.0,True,1.35,False,1.35
2026-07-22T14:53:42.035091+00:00,SMC,BUY,1.35,False,PER_STRATEGY_MAX_OPEN_HIT,0.0,0.0,True,1.35,False,1.35
2026-07-22T14:54:42.533471+00:00,SMC,BUY,1.35,False,PER_STRATEGY_MAX_OPEN_HIT,0.0,0.0,True,1.35,False,1.35
2026-07-22T15:05:45.411213+00:00,SMC,BUY,1.35,False,PER_STRATEGY_MAX_OPEN_HIT,0.0,0.0,True,1.35,False,1.35
2026-07-22T15:06:45.871375+00:00,SMC,BUY,1.35,False,PER_STRATEGY_MAX_OPEN_HIT,0.0,0.0,True,1.35,False,1.35
2026-07-22T15:07:46.327212+00:00,SMC,BUY,1.35,False,PER_STRATEGY_MAX_OPEN_HIT,0.0,0.0,True,1.35,False,1.35
2026-07-22T15:08:46.818263+00:00,SMC,BUY,1.35,False,PER_STRATEGY_MAX_OPEN_HIT,0.0,0.0,True,1.35,False,1.35
2026-07-22T15:09:47.312670+00:00,SMC,BUY,1.35,False,PER_STRATEGY_MAX_OPEN_HIT,0.0,0.0,True,1.35,False,1.35
2026-07-22T15:10:47.784061+00:00,SMC,BUY,1.35,False,PER_STRATEGY_MAX_OPEN_HIT,0.0,0.0,True,1.35,False,1.35
2026-07-22T15:11:48.220449+00:00,SMC,BUY,1.5,False,PER_STRATEGY_MAX_OPEN_HIT,0.0,0.0,True,1.5,False,1.5
2026-07-22T15:12:48.675947+00:00,SMC,BUY,1.5,False,PER_STRATEGY_MAX_OPEN_HIT,0.0,0.0,True,1.5,False,1.5
2026-07-22T15:13:49.176083+00:00,SMC,BUY,1.5,False,PER_STRATEGY_MAX_OPEN_HIT,0.0,0.0,True,1.5,False,1.5
2026-07-22T15:14:49.592991+00:00,SMC,BUY,1.5,False,PER_STRATEGY_MAX_OPEN_HIT,0.0,0.0,True,1.5,False,1.5
2026-07-22T15:15:50.120932+00:00,SMC,BUY,1.5,False,PER_STRATEGY_MAX_OPEN_HIT,0.0,0.0,True,1.5,False,1.5
2026-07-22T15:16:51.621595+00:00,SMC,BUY,1.5,False,PER_STRATEGY_MAX_OPEN_HIT,0.0,0.0,True,1.5,False,1.5
2026-07-22T15:17:52.056409+00:00,SMC,BUY,1.35,False,PER_STRATEGY_MAX_OPEN_HIT,0.0,0.0,True,1.35,False,1.35
2026-07-22T15:18:52.502858+00:00,SMC,BUY,1.35,False,PER_STRATEGY_MAX_OPEN_HIT,0.0,0.0,True,1.35,False,1.35
2026-07-22T15:19:53.121118+00:00,SMC,BUY,1.35,False,PER_STRATEGY_MAX_OPEN_HIT,0.0,0.0,True,1.35,False,1.35
2026-07-22T15:20:53.626338+00:00,SMC,BUY,1.5,False,PER_STRATEGY_MAX_OPEN_HIT,0.0,0.0,True,1.5,False,1.5
2026-07-22T15:21:54.100966+00:00,SMC,BUY,1.5,False,PER_STRATEGY_MAX_OPEN_HIT,0.0,0.0,True,1.5,False,1.5
2026-07-22T15:22:54.585352+00:00,SMC,BUY,1.5,False,PER_STRATEGY_MAX_OPEN_HIT,0.0,0.0,True,1.5,False,1.5
2026-07-22T15:23:55.095037+00:00,SMC,BUY,1.5,False,PER_STRATEGY_MAX_OPEN_HIT,0.0,0.0,True,1.5,False,1.5
2026-07-22T15:24:55.559982+00:00,SMC,BUY,1.5,False,PER_STRATEGY_MAX_OPEN_HIT,0.0,0.0,True,1.5,False,1.5
2026-07-22T15:25:56.174821+00:00,SMC,BUY,1.5,False,PER_STRATEGY_MAX_OPEN_HIT,0.0,0.0,True,1.5,False,1.5
2026-07-22T15:26:56.631366+00:00,SMC,BUY,1.5,False,PER_STRATEGY_MAX_OPEN_HIT,0.0,0.0,True,1.5,False,1.5
2026-07-22T15:27:57.082593+00:00,SMC,BUY,1.5,False,PER_STRATEGY_MAX_OPEN_HIT,0.0,0.0,True,1.5,False,1.5
2026-07-22T15:28:57.589814+00:00,SMC,BUY,1.5,True,,0.75,0.07,True,1.5,True,0.75
2026-07-22T15:33:01.119687+00:00,SMC,BUY,1.5,False,PER_STRATEGY_MAX_OPEN_HIT,0.0,0.0,True,1.5,False,1.5
2026-07-22T15:34:01.595509+00:00,SMC,BUY,1.5,False,PER_STRATEGY_MAX_OPEN_HIT,0.0,0.0,True,1.5,False,1.5
2026-07-22T15:35:02.065279+00:00,SMC,BUY,1.5,False,PER_STRATEGY_MAX_OPEN_HIT,0.0,0.0,True,1.5,False,1.5
2026-07-22T15:36:02.638146+00:00,SMC,BUY,1.5,False,PER_STRATEGY_MAX_OPEN_HIT,0.0,0.0,True,1.5,False,1.5
2026-07-22T15:37:03.051409+00:00,SMC,BUY,1.5,False,PER_STRATEGY_MAX_OPEN_HIT,0.0,0.0,True,1.5,False,1.5
2026-07-22T15:38:03.650066+00:00,SMC,BUY,1.5,False,PER_STRATEGY_MAX_OPEN_HIT,0.0,0.0,True,1.5,False,1.5
2026-07-22T15:39:04.082010+00:00,SMC,BUY,1.5,False,PER_STRATEGY_MAX_OPEN_HIT,0.0,0.0,True,1.5,False,1.5
2026-07-22T15:40:04.656125+00:00,SMC,BUY,1.5,False,PER_STRATEGY_MAX_OPEN_HIT,0.0,0.0,True,1.5,False,1.5
2026-07-22T15:41:05.201836+00:00,SMC,BUY,1.5,False,PER_STRATEGY_MAX_OPEN_HIT,0.0,0.0,True,1.5,False,1.5
2026-07-22T15:42:06.002479+00:00,SMC,BUY,1.5,True,,0.75,0.07,True,1.5,True,0.75
2026-07-22T15:42:06.075816+00:00,MICRO,BUY,1.35,True,,0.75,0.07,True,1.35,True,0.6
2026-07-22T15:43:06.809075+00:00,SMC,BUY,1.5,True,,0.75,0.07,True,1.5,True,0.75
2026-07-22T15:43:06.844658+00:00,MICRO,BUY,1.35,True,,0.75,0.07,True,1.35,True,0.6
2026-07-22T15:44:07.545727+00:00,SMC,BUY,1.5,True,,0.75,0.07,True,1.5,True,0.75
2026-07-22T15:44:07.587161+00:00,MICRO,BUY,1.35,True,,0.75,0.07,True,1.35,True,0.6
2026-07-22T15:45:08.286160+00:00,SMC,BUY,1.5,True,,0.75,0.07,True,1.5,True,0.75
2026-07-22T15:46:09.027499+00:00,SMC,BUY,1.5,True,,0.75,0.07,True,1.5,True,0.75
2026-07-22T15:47:09.683201+00:00,SMC,BUY,1.5,True,,0.75,0.07,True,1.5,True,0.75
2026-07-22T15:48:11.047547+00:00,SMC,BUY,1.5,True,,0.75,0.07,True,1.5,True,0.75
2026-07-22T16:40:59.617655+00:00,MICRO,BUY,1.35,True,,0.75,0.07,True,1.35,True,0.6
2026-07-22T16:52:08.140397+00:00,MICRO,SELL,1.35,False,PER_STRATEGY_MAX_OPEN_HIT,0.0,0.0,True,1.35,False,1.35
2026-07-22T16:58:12.280717+00:00,MICRO,BUY,1.35,False,PER_STRATEGY_MAX_OPEN_HIT,0.0,0.0,True,1.35,False,1.35
2026-07-22T17:09:19.639002+00:00,MICRO,SELL,1.35,False,PER_STRATEGY_MAX_OPEN_HIT,0.0,0.0,True,1.35,False,1.35
2026-07-22T17:15:23.725653+00:00,SMC,BUY,1.5,True,,0.75,0.07,True,1.5,True,0.75
2026-07-22T17:19:27.889951+00:00,MICRO,SELL,1.35,False,PER_STRATEGY_MAX_OPEN_HIT,0.0,0.0,True,1.35,False,1.35
2026-07-22T17:28:34.327292+00:00,MICRO,BUY,1.35,False,PER_STRATEGY_MAX_OPEN_HIT,0.0,0.0,True,1.35,False,1.35
2026-07-22T17:29:35.094142+00:00,MICRO,BUY,1.35,False,PER_STRATEGY_MAX_OPEN_HIT,0.0,0.0,True,1.35,False,1.35
2026-07-22T17:36:40.349718+00:00,MICRO,SELL,1.35,False,PER_STRATEGY_MAX_OPEN_HIT,0.0,0.0,True,1.35,False,1.35
2026-07-22T17:37:41.036529+00:00,MICRO,SELL,1.35,False,PER_STRATEGY_MAX_OPEN_HIT,0.0,0.0,True,1.35,False,1.35
2026-07-22T17:38:41.748011+00:00,MICRO,SELL,1.35,False,PER_STRATEGY_MAX_OPEN_HIT,0.0,0.0,True,1.35,False,1.35
2026-07-22T17:39:42.470758+00:00,MICRO,SELL,1.35,True,,0.75,0.07,True,1.35,True,0.6
2026-07-22T17:45:48.082893+00:00,MICRO,BUY,1.35,True,,0.75,0.07,True,1.35,True,0.6
2026-07-22T17:47:50.304879+00:00,MICRO,BUY,1.35,False,PER_STRATEGY_MAX_OPEN_HIT,0.0,0.0,True,1.35,False,1.35
2026-07-22T18:01:56.028076+00:00,MICRO,SELL,1.35,False,PER_STRATEGY_MAX_OPEN_HIT,0.0,0.0,True,1.35,False,1.35
2026-07-22T18:02:56.676171+00:00,MICRO,SELL,1.35,False,PER_STRATEGY_MAX_OPEN_HIT,0.0,0.0,True,1.35,False,1.35
2026-07-22T18:03:57.318677+00:00,MICRO,SELL,1.35,False,PER_STRATEGY_MAX_OPEN_HIT,0.0,0.0,True,1.35,False,1.35
2026-07-22T18:04:58.044164+00:00,MICRO,SELL,1.35,False,PER_STRATEGY_MAX_OPEN_HIT,0.0,0.0,True,1.35,False,1.35
2026-07-22T18:10:02.062911+00:00,SMC,BUY,1.35,False,PER_STRATEGY_MAX_OPEN_HIT,0.0,0.0,True,1.35,False,1.35
2026-07-22T18:11:02.563268+00:00,SMC,BUY,1.35,False,PER_STRATEGY_MAX_OPEN_HIT,0.0,0.0,True,1.35,False,1.35
2026-07-22T18:12:03.152609+00:00,SMC,BUY,1.35,False,PER_STRATEGY_MAX_OPEN_HIT,0.0,0.0,True,1.35,False,1.35
2026-07-22T18:13:03.632994+00:00,SMC,BUY,1.35,False,PER_STRATEGY_MAX_OPEN_HIT,0.0,0.0,True,1.35,False,1.35
2026-07-22T18:14:04.122651+00:00,SMC,BUY,1.35,False,PER_STRATEGY_MAX_OPEN_HIT,0.0,0.0,True,1.35,False,1.35
2026-07-22T18:15:04.631579+00:00,SMC,BUY,1.35,False,PER_STRATEGY_MAX_OPEN_HIT,0.0,0.0,True,1.35,False,1.35
2026-07-22T18:23:10.039633+00:00,MICRO,SELL,1.35,False,PER_STRATEGY_MAX_OPEN_HIT,0.0,0.0,True,1.35,False,1.35
2026-07-22T18:29:14.031894+00:00,MICRO,SELL,1.35,False,PER_STRATEGY_MAX_OPEN_HIT,0.0,0.0,True,1.35,False,1.35
2026-07-22T18:31:16.730705+00:00,MICRO,SELL,1.35,False,PER_STRATEGY_MAX_OPEN_HIT,0.0,0.0,True,1.35,False,1.35
2026-07-22T18:32:17.317831+00:00,MICRO,SELL,1.35,False,PER_STRATEGY_MAX_OPEN_HIT,0.0,0.0,True,1.35,False,1.35
2026-07-22T18:34:18.505911+00:00,MICRO,SELL,1.35,False,PER_STRATEGY_MAX_OPEN_HIT,0.0,0.0,True,1.35,False,1.35
2026-07-22T18:37:20.267189+00:00,MICRO,BUY,1.35,False,PER_STRATEGY_MAX_OPEN_HIT,0.0,0.0,True,1.35,False,1.35
2026-07-22T18:38:20.853071+00:00,MICRO,BUY,1.35,False,PER_STRATEGY_MAX_OPEN_HIT,0.0,0.0,True,1.35,False,1.35
2026-07-22T18:46:26.039201+00:00,MICRO,BUY,1.35,False,PER_STRATEGY_MAX_OPEN_HIT,0.0,0.0,True,1.35,False,1.35
2026-07-22T18:47:26.588370+00:00,MICRO,BUY,1.35,False,PER_STRATEGY_MAX_OPEN_HIT,0.0,0.0,True,1.35,False,1.35
2026-07-22T18:48:27.231832+00:00,MICRO,BUY,1.35,False,PER_STRATEGY_MAX_OPEN_HIT,0.0,0.0,True,1.35,False,1.35
2026-07-22T18:51:29.037274+00:00,MICRO,BUY,1.35,False,PER_STRATEGY_MAX_OPEN_HIT,0.0,0.0,True,1.35,False,1.35
2026-07-22T19:05:33.739159+00:00,MICRO,BUY,1.35,False,PER_STRATEGY_MAX_OPEN_HIT,0.0,0.0,True,1.35,False,1.35
2026-07-22T19:06:34.518882+00:00,MICRO,BUY,1.35,False,PER_STRATEGY_MAX_OPEN_HIT,0.0,0.0,True,1.35,False,1.35
2026-07-22T19:07:35.090516+00:00,MICRO,BUY,1.35,False,PER_STRATEGY_MAX_OPEN_HIT,0.0,0.0,True,1.35,False,1.35
2026-07-22T19:08:35.702947+00:00,MICRO,BUY,1.35,False,PER_STRATEGY_MAX_OPEN_HIT,0.0,0.0,True,1.35,False,1.35
2026-07-22T19:14:39.494086+00:00,MICRO,SELL,1.35,False,PER_STRATEGY_MAX_OPEN_HIT,0.0,0.0,True,1.35,False,1.35
2026-07-22T19:15:40.120933+00:00,MICRO,SELL,1.35,False,PER_STRATEGY_MAX_OPEN_HIT,0.0,0.0,True,1.35,False,1.35
2026-07-22T19:16:40.675675+00:00,MICRO,SELL,1.35,False,PER_STRATEGY_MAX_OPEN_HIT,0.0,0.0,True,1.35,False,1.35
2026-07-22T19:17:41.232713+00:00,MICRO,SELL,1.35,False,PER_STRATEGY_MAX_OPEN_HIT,0.0,0.0,True,1.35,False,1.35
2026-07-22T19:18:41.797848+00:00,MICRO,SELL,1.35,False,PER_STRATEGY_MAX_OPEN_HIT,0.0,0.0,True,1.35,False,1.35
2026-07-22T19:19:42.414424+00:00,MICRO,SELL,1.35,False,PER_STRATEGY_MAX_OPEN_HIT,0.0,0.0,True,1.35,False,1.35
2026-07-22T19:21:43.699009+00:00,MICRO,SELL,1.35,True,,0.75,0.07,True,1.35,True,0.6
2026-07-22T19:40:57.139636+00:00,SMC,BUY,1.35,True,,0.75,0.07,True,1.35,True,0.6
2026-07-22T19:41:57.735418+00:00,SMC,BUY,1.35,True,,0.75,0.07,True,1.35,True,0.6
2026-07-22T19:42:58.357555+00:00,SMC,BUY,1.35,True,,0.75,0.07,True,1.35,True,0.6
2026-07-22T19:43:58.965230+00:00,SMC,BUY,1.35,True,,0.75,0.07,True,1.35,True,0.6
2026-07-22T19:44:59.615619+00:00,SMC,BUY,1.35,True,,0.75,0.07,True,1.35,True,0.6
2026-07-22T19:52:03.856021+00:00,MICRO,SELL,1.35,False,PER_STRATEGY_MAX_OPEN_HIT,0.0,0.0,True,1.35,False,1.35
2026-07-22T19:53:04.432971+00:00,MICRO,SELL,1.35,False,PER_STRATEGY_MAX_OPEN_HIT,0.0,0.0,True,1.35,False,1.35
2026-07-22T19:54:04.992416+00:00,MICRO,SELL,1.35,False,PER_STRATEGY_MAX_OPEN_HIT,0.0,0.0,True,1.35,False,1.35
2026-07-22T22:00:12.328383+00:00,MICRO,SELL,1.35,False,PER_STRATEGY_MAX_OPEN_HIT,0.0,0.0,True,1.35,False,1.35
2026-07-22T22:50:39.094008+00:00,SMC,BUY,1.35,True,,0.75,0.07,True,1.35,True,0.6
2026-07-22T23:03:47.436406+00:00,MICRO,SELL,1.35,True,,0.75,0.07,True,1.35,True,0.6
2026-07-22T23:04:48.025303+00:00,MICRO,SELL,1.35,True,,0.75,0.07,True,1.35,True,0.6
2026-07-22T23:13:53.265679+00:00,MICRO,BUY,1.35,True,,0.75,0.07,True,1.35,True,0.6
2026-07-22T23:37:07.457321+00:00,MICRO,BUY,1.35,False,PER_STRATEGY_MAX_OPEN_HIT,0.0,0.0,True,1.35,False,1.35
2026-07-22T23:38:08.271640+00:00,MICRO,BUY,1.35,False,PER_STRATEGY_MAX_OPEN_HIT,0.0,0.0,True,1.35,False,1.35
2026-07-22T23:45:12.734394+00:00,MICRO,BUY,1.35,False,PER_STRATEGY_MAX_OPEN_HIT,0.0,0.0,True,1.35,False,1.35
2026-07-22T23:47:13.552447+00:00,SMC,BUY,1.35,False,PER_STRATEGY_MAX_OPEN_HIT,0.0,0.0,True,1.35,False,1.35
2026-07-22T23:48:13.998502+00:00,SMC,BUY,1.35,False,PER_STRATEGY_MAX_OPEN_HIT,0.0,0.0,True,1.35,False,1.35
2026-07-22T23:49:14.406655+00:00,SMC,BUY,1.35,False,PER_STRATEGY_MAX_OPEN_HIT,0.0,0.0,True,1.35,False,1.35
2026-07-22T23:50:14.828841+00:00,SMC,BUY,1.35,False,PER_STRATEGY_MAX_OPEN_HIT,0.0,0.0,True,1.35,False,1.35
2026-07-22T23:52:15.946959+00:00,SMC,BUY,1.35,False,PER_STRATEGY_MAX_OPEN_HIT,0.0,0.0,True,1.35,False,1.35
2026-07-22T23:53:16.452068+00:00,SMC,BUY,1.35,False,PER_STRATEGY_MAX_OPEN_HIT,0.0,0.0,True,1.35,False,1.35
2026-07-22T23:55:17.432093+00:00,SMC,BUY,1.35,False,PER_STRATEGY_MAX_OPEN_HIT,0.0,0.0,True,1.35,False,1.35
2026-07-22T23:56:18.084741+00:00,SMC,BUY,1.35,True,,0.75,0.07,True,1.35,True,0.6
2026-07-23T00:00:21.004092+00:00,SMC,BUY,1.5,False,PER_STRATEGY_MAX_OPEN_HIT,0.0,0.0,True,1.5,False,1.5
2026-07-23T00:01:21.424950+00:00,SMC,BUY,1.35,False,PER_STRATEGY_MAX_OPEN_HIT,0.0,0.0,True,1.35,False,1.35
2026-07-23T00:02:21.828664+00:00,MICRO,SELL,1.35,False,PER_STRATEGY_MAX_OPEN_HIT,0.0,0.0,True,1.35,False,1.35
2026-07-23T00:03:22.441779+00:00,SMC,BUY,1.35,False,PER_STRATEGY_MAX_OPEN_HIT,0.0,0.0,True,1.35,False,1.35
2026-07-23T00:04:22.837199+00:00,SMC,BUY,1.5,False,PER_STRATEGY_MAX_OPEN_HIT,0.0,0.0,True,1.5,False,1.5
2026-07-23T00:05:23.270899+00:00,SMC,BUY,1.5,False,PER_STRATEGY_MAX_OPEN_HIT,0.0,0.0,True,1.5,False,1.5
2026-07-23T00:10:26.075677+00:00,SMC,BUY,1.5,False,PER_STRATEGY_MAX_OPEN_HIT,0.0,0.0,True,1.5,False,1.5
2026-07-23T00:17:28.015461+00:00,MICRO,BUY,1.35,False,PER_STRATEGY_MAX_OPEN_HIT,0.0,0.0,True,1.35,False,1.35
2026-07-23T00:23:31.664502+00:00,MICRO,BUY,1.35,False,PER_STRATEGY_MAX_OPEN_HIT,0.0,0.0,True,1.35,False,1.35
2026-07-23T00:24:32.398642+00:00,SMC,BUY,1.5,False,PER_STRATEGY_MAX_OPEN_HIT,0.0,0.0,True,1.5,False,1.5
2026-07-23T00:36:40.900445+00:00,MICRO,BUY,1.35,True,,0.75,0.07,True,1.35,True,0.6
2026-07-23T00:45:48.850895+00:00,MICRO,BUY,1.35,False,PER_STRATEGY_MAX_OPEN_HIT,0.0,0.0,True,1.35,False,1.35
2026-07-23T00:59:56.469044+00:00,MICRO,BUY,1.35,False,PER_STRATEGY_MAX_OPEN_HIT,0.0,0.0,True,1.35,False,1.35
2026-07-23T01:00:57.215590+00:00,SMC,BUY,1.5,False,PER_STRATEGY_MAX_OPEN_HIT,0.0,0.0,True,1.5,False,1.5
2026-07-23T01:01:57.736587+00:00,SMC,BUY,1.5,False,PER_STRATEGY_MAX_OPEN_HIT,0.0,0.0,True,1.5,False,1.5
2026-07-23T01:12:05.367942+00:00,SMC,BUY,1.5,False,PER_STRATEGY_MAX_OPEN_HIT,0.0,0.0,True,1.5,False,1.5
2026-07-23T01:13:05.875694+00:00,SMC,BUY,1.5,False,PER_STRATEGY_MAX_OPEN_HIT,0.0,0.0,True,1.5,False,1.5
2026-07-23T01:14:06.413668+00:00,SMC,BUY,1.5,False,PER_STRATEGY_MAX_OPEN_HIT,0.0,0.0,True,1.5,False,1.5
2026-07-23T01:16:08.133990+00:00,SMC,BUY,1.5,False,PER_STRATEGY_MAX_OPEN_HIT,0.0,0.0,True,1.5,False,1.5
2026-07-23T01:17:08.638331+00:00,SMC,BUY,1.5,False,PER_STRATEGY_MAX_OPEN_HIT,0.0,0.0,True,1.5,False,1.5
2026-07-23T01:18:09.095750+00:00,SMC,BUY,1.5,False,PER_STRATEGY_MAX_OPEN_HIT,0.0,0.0,True,1.5,False,1.5
2026-07-23T01:19:09.609828+00:00,SMC,BUY,1.5,False,PER_STRATEGY_MAX_OPEN_HIT,0.0,0.0,True,1.5,False,1.5
2026-07-23T01:20:10.042569+00:00,SMC,BUY,1.5,False,PER_STRATEGY_MAX_OPEN_HIT,0.0,0.0,True,1.5,False,1.5
2026-07-23T01:21:10.554392+00:00,SMC,BUY,1.5,False,PER_STRATEGY_MAX_OPEN_HIT,0.0,0.0,True,1.5,False,1.5
2026-07-23T01:22:11.043298+00:00,SMC,BUY,1.5,False,PER_STRATEGY_MAX_OPEN_HIT,0.0,0.0,True,1.5,False,1.5
2026-07-23T01:23:11.476930+00:00,SMC,BUY,1.5,False,PER_STRATEGY_MAX_OPEN_HIT,0.0,0.0,True,1.5,False,1.5
2026-07-23T01:24:12.049662+00:00,SMC,BUY,1.5,False,PER_STRATEGY_MAX_OPEN_HIT,0.0,0.0,True,1.5,False,1.5
2026-07-23T01:25:12.501049+00:00,SMC,BUY,1.5,False,PER_STRATEGY_MAX_OPEN_HIT,0.0,0.0,True,1.5,False,1.5
2026-07-23T01:26:13.052958+00:00,SMC,BUY,1.5,False,PER_STRATEGY_MAX_OPEN_HIT,0.0,0.0,True,1.5,False,1.5
2026-07-23T01:27:13.548596+00:00,SMC,BUY,1.5,False,PER_STRATEGY_MAX_OPEN_HIT,0.0,0.0,True,1.5,False,1.5
2026-07-23T01:28:14.017508+00:00,SMC,BUY,1.5,False,PER_STRATEGY_MAX_OPEN_HIT,0.0,0.0,True,1.5,False,1.5
2026-07-23T01:29:14.541037+00:00,SMC,BUY,1.5,True,,0.75,0.07,True,1.5,True,0.75
2026-07-23T01:32:17.452462+00:00,MICRO,SELL,1.35,False,PER_STRATEGY_MAX_OPEN_HIT,0.0,0.0,True,1.35,False,1.35
2026-07-23T01:37:20.400561+00:00,MICRO,SELL,1.35,False,PER_STRATEGY_MAX_OPEN_HIT,0.0,0.0,True,1.35,False,1.35
2026-07-23T01:38:21.140701+00:00,MICRO,SELL,1.35,False,PER_STRATEGY_MAX_OPEN_HIT,0.0,0.0,True,1.35,False,1.35
2026-07-23T01:39:21.988345+00:00,MICRO,SELL,1.35,False,PER_STRATEGY_MAX_OPEN_HIT,0.0,0.0,True,1.35,False,1.35
2026-07-23T01:56:32.913035+00:00,MICRO,SELL,1.35,True,,0.75,0.07,True,1.35,True,0.6
2026-07-23T02:04:39.699960+00:00,MICRO,SELL,1.35,False,PER_STRATEGY_MAX_OPEN_HIT,0.0,0.0,True,1.35,False,1.35
2026-07-23T02:12:45.608845+00:00,MICRO,BUY,1.35,False,PER_STRATEGY_MAX_OPEN_HIT,0.0,0.0,True,1.35,False,1.35
2026-07-23T02:13:46.309581+00:00,MICRO,BUY,1.35,False,PER_STRATEGY_MAX_OPEN_HIT,0.0,0.0,True,1.35,False,1.35
2026-07-23T02:14:46.995378+00:00,MICRO,BUY,1.35,False,PER_STRATEGY_MAX_OPEN_HIT,0.0,0.0,True,1.35,False,1.35
2026-07-23T02:25:54.891688+00:00,SMC,BUY,1.5,True,,0.75,0.07,True,1.5,True,0.75
2026-07-23T02:26:55.653029+00:00,SMC,BUY,1.5,True,,0.75,0.07,True,1.5,True,0.75
2026-07-23T02:27:56.360282+00:00,SMC,BUY,1.5,True,,0.75,0.07,True,1.5,True,0.75
2026-07-23T02:28:57.074490+00:00,SMC,BUY,1.5,True,,0.75,0.07,True,1.5,True,0.75
2026-07-23T02:29:57.757807+00:00,SMC,BUY,1.5,True,,0.75,0.07,True,1.5,True,0.75
2026-07-23T02:43:06.852539+00:00,MICRO,BUY,1.35,False,PER_STRATEGY_MAX_OPEN_HIT,0.0,0.0,True,1.35,False,1.35
2026-07-23T02:44:07.539201+00:00,MICRO,BUY,1.35,False,PER_STRATEGY_MAX_OPEN_HIT,0.0,0.0,True,1.35,False,1.35
2026-07-23T02:45:08.251949+00:00,MICRO,BUY,1.35,False,PER_STRATEGY_MAX_OPEN_HIT,0.0,0.0,True,1.35,False,1.35
2026-07-23T02:47:09.649562+00:00,MICRO,BUY,1.35,True,,0.75,0.07,True,1.35,True,0.6
2026-07-23T02:49:11.894669+00:00,MICRO,BUY,1.35,False,PER_STRATEGY_MAX_OPEN_HIT,0.0,0.0,True,1.35,False,1.35
2026-07-23T03:17:16.644985+00:00,SMC,BUY,1.5,True,,0.75,0.07,True,1.5,True,0.75
2026-07-23T03:17:17.299814+00:00,MICRO,BUY,1.35,False,PER_STRATEGY_MAX_OPEN_HIT,0.0,0.0,True,1.35,False,1.35
2026-07-23T03:18:17.973438+00:00,MICRO,BUY,1.35,False,PER_STRATEGY_MAX_OPEN_HIT,0.0,0.0,True,1.35,False,1.35
2026-07-23T03:19:18.723429+00:00,MICRO,BUY,1.35,False,PER_STRATEGY_MAX_OPEN_HIT,0.0,0.0,True,1.35,False,1.35
2026-07-23T03:21:20.916520+00:00,SMC,BUY,1.5,False,PER_STRATEGY_MAX_OPEN_HIT,0.0,0.0,True,1.5,False,1.5
2026-07-23T03:22:21.466445+00:00,SMC,BUY,1.5,False,PER_STRATEGY_MAX_OPEN_HIT,0.0,0.0,True,1.5,False,1.5
2026-07-23T03:23:21.913783+00:00,SMC,BUY,1.5,False,PER_STRATEGY_MAX_OPEN_HIT,0.0,0.0,True,1.5,False,1.5
2026-07-23T03:24:22.430094+00:00,SMC,BUY,1.5,False,PER_STRATEGY_MAX_OPEN_HIT,0.0,0.0,True,1.5,False,1.5
2026-07-23T03:25:22.908974+00:00,SMC,BUY,1.5,False,PER_STRATEGY_MAX_OPEN_HIT,0.0,0.0,True,1.5,False,1.5
2026-07-23T03:26:23.382043+00:00,SMC,BUY,1.5,False,PER_STRATEGY_MAX_OPEN_HIT,0.0,0.0,True,1.5,False,1.5
2026-07-23T03:27:23.950065+00:00,SMC,BUY,1.5,False,PER_STRATEGY_MAX_OPEN_HIT,0.0,0.0,True,1.5,False,1.5
2026-07-23T03:28:24.373353+00:00,SMC,BUY,1.5,False,PER_STRATEGY_MAX_OPEN_HIT,0.0,0.0,True,1.5,False,1.5
2026-07-23T03:29:24.849326+00:00,SMC,BUY,1.5,False,PER_STRATEGY_MAX_OPEN_HIT,0.0,0.0,True,1.5,False,1.5
2026-07-23T03:31:26.048656+00:00,SMC,BUY,1.5,False,PER_STRATEGY_MAX_OPEN_HIT,0.0,0.0,True,1.5,False,1.5
2026-07-23T03:32:26.506209+00:00,SMC,BUY,1.5,False,PER_STRATEGY_MAX_OPEN_HIT,0.0,0.0,True,1.5,False,1.5
2026-07-23T03:33:26.926126+00:00,SMC,BUY,1.5,False,PER_STRATEGY_MAX_OPEN_HIT,0.0,0.0,True,1.5,False,1.5
2026-07-23T03:34:27.353027+00:00,SMC,BUY,1.5,False,PER_STRATEGY_MAX_OPEN_HIT,0.0,0.0,True,1.5,False,1.5
2026-07-23T03:35:27.831248+00:00,SMC,BUY,1.5,False,PER_STRATEGY_MAX_OPEN_HIT,0.0,0.0,True,1.5,False,1.5
2026-07-23T03:36:28.298348+00:00,SMC,BUY,1.5,False,PER_STRATEGY_MAX_OPEN_HIT,0.0,0.0,True,1.5,False,1.5
2026-07-23T03:38:29.488220+00:00,SMC,BUY,1.5,False,PER_STRATEGY_MAX_OPEN_HIT,0.0,0.0,True,1.5,False,1.5
2026-07-23T03:40:30.622691+00:00,SMC,BUY,1.5,False,PER_STRATEGY_MAX_OPEN_HIT,0.0,0.0,True,1.5,False,1.5
2026-07-23T03:41:31.103323+00:00,SMC,BUY,1.5,False,PER_STRATEGY_MAX_OPEN_HIT,0.0,0.0,True,1.5,False,1.5
2026-07-23T06:15:44.240913+00:00,SMC,BUY,1.5,True,,0.75,0.07,True,1.5,True,0.75
2026-07-23T06:17:46.401239+00:00,MICRO,BUY,1.35,False,PER_STRATEGY_MAX_OPEN_HIT,0.0,0.0,True,1.35,False,1.35
2026-07-23T06:19:47.119009+00:00,MICRO,BUY,1.35,False,PER_STRATEGY_MAX_OPEN_HIT,0.0,0.0,True,1.35,False,1.35
2026-07-23T06:25:49.901492+00:00,SMC,BUY,1.5,False,PER_STRATEGY_MAX_OPEN_HIT,0.0,0.0,True,1.5,False,1.5
2026-07-23T06:41:00.367843+00:00,MICRO,SELL,1.35,False,PER_STRATEGY_MAX_OPEN_HIT,0.0,0.0,True,1.35,False,1.35
2026-07-23T06:43:01.761553+00:00,MICRO,SELL,1.35,False,PER_STRATEGY_MAX_OPEN_HIT,0.0,0.0,True,1.35,False,1.35
2026-07-23T06:49:05.994713+00:00,MICRO,BUY,1.35,False,PER_STRATEGY_MAX_OPEN_HIT,0.0,0.0,True,1.35,False,1.35
2026-07-23T06:55:10.159091+00:00,SMC,BUY,1.5,False,PER_STRATEGY_MAX_OPEN_HIT,0.0,0.0,True,1.5,False,1.5
2026-07-23T06:58:11.970998+00:00,MICRO,SELL,1.35,False,PER_STRATEGY_MAX_OPEN_HIT,0.0,0.0,True,1.35,False,1.35
2026-07-23T06:59:12.619290+00:00,MICRO,SELL,1.35,False,PER_STRATEGY_MAX_OPEN_HIT,0.0,0.0,True,1.35,False,1.35
2026-07-23T07:02:14.779658+00:00,MICRO,SELL,1.35,True,,0.75,0.07,True,1.35,True,0.6
2026-07-23T07:03:15.508886+00:00,MICRO,SELL,1.35,True,,0.75,0.07,True,1.35,True,0.6
2026-07-23T07:04:16.238399+00:00,MICRO,SELL,1.35,True,,0.75,0.07,True,1.35,True,0.6
2026-07-23T07:07:18.541804+00:00,MICRO,SELL,1.35,True,,0.75,0.07,True,1.35,True,0.6
2026-07-23T07:09:20.544579+00:00,MICRO,SELL,1.35,False,PER_STRATEGY_MAX_OPEN_HIT,0.0,0.0,True,1.35,False,1.35
2026-07-23T07:10:21.289429+00:00,MICRO,SELL,1.35,False,PER_STRATEGY_MAX_OPEN_HIT,0.0,0.0,True,1.35,False,1.35
2026-07-23T07:11:21.995718+00:00,MICRO,SELL,1.35,False,PER_STRATEGY_MAX_OPEN_HIT,0.0,0.0,True,1.35,False,1.35
2026-07-23T07:12:22.626885+00:00,MICRO,SELL,1.35,False,PER_STRATEGY_MAX_OPEN_HIT,0.0,0.0,True,1.35,False,1.35
2026-07-23T07:13:23.303406+00:00,MICRO,SELL,1.35,False,PER_STRATEGY_MAX_OPEN_HIT,0.0,0.0,True,1.35,False,1.35
2026-07-23T07:14:24.081451+00:00,MICRO,SELL,1.35,False,PER_STRATEGY_MAX_OPEN_HIT,0.0,0.0,True,1.35,False,1.35
2026-07-23T07:17:26.205411+00:00,MICRO,BUY,1.35,False,PER_STRATEGY_MAX_OPEN_HIT,0.0,0.0,True,1.35,False,1.35
2026-07-23T07:27:32.998847+00:00,MICRO,BUY,1.35,False,PER_STRATEGY_MAX_OPEN_HIT,0.0,0.0,True,1.35,False,1.35
2026-07-23T07:30:35.208360+00:00,MICRO,SELL,1.35,False,PER_STRATEGY_MAX_OPEN_HIT,0.0,0.0,True,1.35,False,1.35
2026-07-23T07:31:35.856698+00:00,MICRO,SELL,1.35,False,PER_STRATEGY_MAX_OPEN_HIT,0.0,0.0,True,1.35,False,1.35
2026-07-23T07:32:36.758962+00:00,MICRO,SELL,1.35,True,,0.75,0.07,True,1.35,True,0.6
2026-07-23T07:39:42.443369+00:00,MICRO,SELL,1.35,False,PER_STRATEGY_MAX_OPEN_HIT,0.0,0.0,True,1.35,False,1.35
2026-07-23T07:42:44.581717+00:00,MICRO,SELL,1.35,False,PER_STRATEGY_MAX_OPEN_HIT,0.0,0.0,True,1.35,False,1.35
2026-07-23T07:44:45.978322+00:00,MICRO,SELL,1.35,False,PER_STRATEGY_MAX_OPEN_HIT,0.0,0.0,True,1.35,False,1.35
2026-07-23T07:55:53.867731+00:00,MICRO,BUY,1.35,True,,0.75,0.07,True,1.35,True,0.6
2026-07-27T01:17:38.577560+00:00,SMC,SELL,1.5,True,,0.75,0.07,True,1.5,True,0.75
2026-07-27T01:18:42.850364+00:00,MICRO,SELL,1.35,True,,0.75,0.07,True,1.35,True,0.6
2026-07-27T01:21:46.954543+00:00,SMC,SELL,1.5,False,PER_STRATEGY_MAX_OPEN_HIT,0.0,0.0,True,1.5,False,1.5
2026-07-27T01:22:47.442207+00:00,SMC,SELL,1.5,False,PER_STRATEGY_MAX_OPEN_HIT,0.0,0.0,True,1.5,False,1.5
2026-07-27T01:23:48.334881+00:00,SMC,SELL,1.5,False,PER_STRATEGY_MAX_OPEN_HIT,0.0,0.0,True,1.5,False,1.5
2026-07-27T01:24:49.021337+00:00,SMC,SELL,1.5,False,PER_STRATEGY_MAX_OPEN_HIT,0.0,0.0,True,1.5,False,1.5
2026-07-27T01:25:49.714554+00:00,SMC,SELL,1.5,False,PER_STRATEGY_MAX_OPEN_HIT,0.0,0.0,True,1.5,False,1.5
2026-07-27T01:26:50.464833+00:00,SMC,SELL,1.5,False,PER_STRATEGY_MAX_OPEN_HIT,0.0,0.0,True,1.5,False,1.5
2026-07-27T01:27:51.238575+00:00,SMC,SELL,1.5,False,PER_STRATEGY_MAX_OPEN_HIT,0.0,0.0,True,1.5,False,1.5
2026-07-27T01:28:51.795943+00:00,SMC,SELL,1.5,False,PER_STRATEGY_MAX_OPEN_HIT,0.0,0.0,True,1.5,False,1.5
2026-07-27T01:29:52.411483+00:00,SMC,SELL,1.5,False,PER_STRATEGY_MAX_OPEN_HIT,0.0,0.0,True,1.5,False,1.5
2026-07-27T01:30:53.139222+00:00,SMC,SELL,1.5,False,PER_STRATEGY_MAX_OPEN_HIT,0.0,0.0,True,1.5,False,1.5
2026-07-27T01:31:54.169461+00:00,SMC,SELL,1.5,False,PER_STRATEGY_MAX_OPEN_HIT,0.0,0.0,True,1.5,False,1.5
2026-07-27T01:32:54.673453+00:00,SMC,SELL,1.5,False,PER_STRATEGY_MAX_OPEN_HIT,0.0,0.0,True,1.5,False,1.5
2026-07-27T01:33:55.303815+00:00,SMC,SELL,1.5,False,PER_STRATEGY_MAX_OPEN_HIT,0.0,0.0,True,1.5,False,1.5
2026-07-27T01:34:55.911076+00:00,SMC,SELL,1.5,False,PER_STRATEGY_MAX_OPEN_HIT,0.0,0.0,True,1.5,False,1.5
2026-07-27T01:35:56.473991+00:00,SMC,SELL,1.5,False,PER_STRATEGY_MAX_OPEN_HIT,0.0,0.0,True,1.5,False,1.5
2026-07-27T01:36:57.055299+00:00,SMC,SELL,1.5,False,PER_STRATEGY_MAX_OPEN_HIT,0.0,0.0,True,1.5,False,1.5
2026-07-27T01:37:57.576674+00:00,SMC,SELL,1.5,False,PER_STRATEGY_MAX_OPEN_HIT,0.0,0.0,True,1.5,False,1.5
2026-07-27T01:38:58.077389+00:00,SMC,SELL,1.5,False,PER_STRATEGY_MAX_OPEN_HIT,0.0,0.0,True,1.5,False,1.5
2026-07-27T01:39:58.622650+00:00,SMC,SELL,1.5,False,PER_STRATEGY_MAX_OPEN_HIT,0.0,0.0,True,1.5,False,1.5
2026-07-27T01:40:59.089816+00:00,SMC,SELL,1.5,False,PER_STRATEGY_MAX_OPEN_HIT,0.0,0.0,True,1.5,False,1.5
2026-07-27T01:41:59.823071+00:00,SMC,SELL,1.5,False,PER_STRATEGY_MAX_OPEN_HIT,0.0,0.0,True,1.5,False,1.5
2026-07-27T01:43:00.409822+00:00,SMC,SELL,1.5,False,PER_STRATEGY_MAX_OPEN_HIT,0.0,0.0,True,1.5,False,1.5
2026-07-27T01:44:01.018315+00:00,SMC,SELL,1.5,False,PER_STRATEGY_MAX_OPEN_HIT,0.0,0.0,True,1.5,False,1.5
2026-07-27T01:45:01.565023+00:00,SMC,SELL,1.5,False,PER_STRATEGY_MAX_OPEN_HIT,0.0,0.0,True,1.5,False,1.5
2026-07-27T01:46:02.196210+00:00,SMC,SELL,1.5,False,PER_STRATEGY_MAX_OPEN_HIT,0.0,0.0,True,1.5,False,1.5
2026-07-27T01:47:02.873055+00:00,SMC,SELL,1.5,False,PER_STRATEGY_MAX_OPEN_HIT,0.0,0.0,True,1.5,False,1.5
2026-07-27T01:48:03.458008+00:00,SMC,SELL,1.5,False,PER_STRATEGY_MAX_OPEN_HIT,0.0,0.0,True,1.5,False,1.5
2026-07-27T01:49:03.949399+00:00,SMC,SELL,1.5,False,PER_STRATEGY_MAX_OPEN_HIT,0.0,0.0,True,1.5,False,1.5
2026-07-27T01:50:04.463283+00:00,SMC,SELL,1.5,False,PER_STRATEGY_MAX_OPEN_HIT,0.0,0.0,True,1.5,False,1.5
2026-07-27T01:51:05.053298+00:00,SMC,SELL,1.5,False,PER_STRATEGY_MAX_OPEN_HIT,0.0,0.0,True,1.5,False,1.5
2026-07-27T01:52:05.663021+00:00,SMC,SELL,1.5,False,PER_STRATEGY_MAX_OPEN_HIT,0.0,0.0,True,1.5,False,1.5
2026-07-27T01:53:06.204135+00:00,SMC,SELL,1.5,False,PER_STRATEGY_MAX_OPEN_HIT,0.0,0.0,True,1.5,False,1.5
2026-07-27T01:54:06.778126+00:00,SMC,SELL,1.5,False,PER_STRATEGY_MAX_OPEN_HIT,0.0,0.0,True,1.5,False,1.5
2026-07-27T01:55:07.393913+00:00,SMC,SELL,1.5,False,PER_STRATEGY_MAX_OPEN_HIT,0.0,0.0,True,1.5,False,1.5
2026-07-27T01:56:07.999860+00:00,SMC,SELL,1.65,False,PER_STRATEGY_MAX_OPEN_HIT,0.0,0.0,True,1.65,False,1.65
2026-07-27T01:57:08.603632+00:00,SMC,SELL,1.65,False,PER_STRATEGY_MAX_OPEN_HIT,0.0,0.0,True,1.65,False,1.65
2026-07-27T01:58:09.307999+00:00,SMC,SELL,1.65,False,PER_STRATEGY_MAX_OPEN_HIT,0.0,0.0,True,1.65,False,1.65
2026-07-27T01:59:09.822747+00:00,SMC,SELL,1.5,False,PER_STRATEGY_MAX_OPEN_HIT,0.0,0.0,True,1.5,False,1.5
2026-07-27T02:00:10.435712+00:00,SMC,SELL,1.65,False,PER_STRATEGY_MAX_OPEN_HIT,0.0,0.0,True,1.65,False,1.65
2026-07-27T02:01:10.998977+00:00,SMC,SELL,1.5,False,PER_STRATEGY_MAX_OPEN_HIT,0.0,0.0,True,1.5,False,1.5
2026-07-27T02:02:11.615104+00:00,SMC,SELL,1.5,False,PER_STRATEGY_MAX_OPEN_HIT,0.0,0.0,True,1.5,False,1.5
2026-07-27T02:03:12.134243+00:00,SMC,SELL,1.65,False,PER_STRATEGY_MAX_OPEN_HIT,0.0,0.0,True,1.65,False,1.65
2026-07-27T02:04:12.689625+00:00,SMC,SELL,1.65,False,PER_STRATEGY_MAX_OPEN_HIT,0.0,0.0,True,1.65,False,1.65
2026-07-27T02:05:13.271426+00:00,SMC,SELL,1.5,False,PER_STRATEGY_MAX_OPEN_HIT,0.0,0.0,True,1.5,False,1.5
2026-07-27T02:06:13.880248+00:00,SMC,SELL,1.5,False,PER_STRATEGY_MAX_OPEN_HIT,0.0,0.0,True,1.5,False,1.5
2026-07-27T02:07:14.466557+00:00,SMC,SELL,1.5,False,PER_STRATEGY_MAX_OPEN_HIT,0.0,0.0,True,1.5,False,1.5
2026-07-27T02:08:15.197176+00:00,SMC,SELL,1.5,False,PER_STRATEGY_MAX_OPEN_HIT,0.0,0.0,True,1.5,False,1.5
2026-07-27T02:09:15.681195+00:00,SMC,SELL,1.5,False,PER_STRATEGY_MAX_OPEN_HIT,0.0,0.0,True,1.5,False,1.5
2026-07-27T02:10:16.271861+00:00,SMC,SELL,1.5,False,PER_STRATEGY_MAX_OPEN_HIT,0.0,0.0,True,1.5,False,1.5
2026-07-27T02:11:16.819462+00:00,SMC,SELL,1.5,False,PER_STRATEGY_MAX_OPEN_HIT,0.0,0.0,True,1.5,False,1.5
2026-07-27T02:12:17.390883+00:00,SMC,SELL,1.5,False,PER_STRATEGY_MAX_OPEN_HIT,0.0,0.0,True,1.5,False,1.5
2026-07-27T02:13:17.904808+00:00,SMC,SELL,1.5,False,PER_STRATEGY_MAX_OPEN_HIT,0.0,0.0,True,1.5,False,1.5
2026-07-27T02:14:18.444528+00:00,SMC,SELL,1.5,False,PER_STRATEGY_MAX_OPEN_HIT,0.0,0.0,True,1.5,False,1.5
2026-07-27T02:15:18.970944+00:00,SMC,SELL,1.5,False,PER_STRATEGY_MAX_OPEN_HIT,0.0,0.0,True,1.5,False,1.5
2026-07-27T02:16:19.542285+00:00,SMC,SELL,1.5,False,PER_STRATEGY_MAX_OPEN_HIT,0.0,0.0,True,1.5,False,1.5
2026-07-27T02:17:20.393478+00:00,SMC,SELL,1.5,False,PER_STRATEGY_MAX_OPEN_HIT,0.0,0.0,True,1.5,False,1.5
2026-07-27T02:18:20.967898+00:00,SMC,SELL,1.5,False,PER_STRATEGY_MAX_OPEN_HIT,0.0,0.0,True,1.5,False,1.5
2026-07-27T02:19:21.526037+00:00,SMC,SELL,1.5,False,PER_STRATEGY_MAX_OPEN_HIT,0.0,0.0,True,1.5,False,1.5
2026-07-27T02:21:22.862141+00:00,SMC,SELL,1.5,False,PER_STRATEGY_MAX_OPEN_HIT,0.0,0.0,True,1.5,False,1.5
2026-07-27T02:22:23.520470+00:00,SMC,SELL,1.5,False,PER_STRATEGY_MAX_OPEN_HIT,0.0,0.0,True,1.5,False,1.5
2026-07-27T02:23:24.030004+00:00,SMC,SELL,1.5,False,PER_STRATEGY_MAX_OPEN_HIT,0.0,0.0,True,1.5,False,1.5
2026-07-27T02:24:24.664287+00:00,SMC,SELL,1.5,False,PER_STRATEGY_MAX_OPEN_HIT,0.0,0.0,True,1.5,False,1.5
2026-07-27T02:25:25.273009+00:00,SMC,SELL,1.5,False,PER_STRATEGY_MAX_OPEN_HIT,0.0,0.0,True,1.5,False,1.5
2026-07-27T02:26:25.894816+00:00,SMC,SELL,1.5,False,PER_STRATEGY_MAX_OPEN_HIT,0.0,0.0,True,1.5,False,1.5
2026-07-27T02:27:26.543718+00:00,SMC,SELL,1.5,False,PER_STRATEGY_MAX_OPEN_HIT,0.0,0.0,True,1.5,False,1.5
2026-07-27T02:28:27.120417+00:00,SMC,SELL,1.5,False,PER_STRATEGY_MAX_OPEN_HIT,0.0,0.0,True,1.5,False,1.5
2026-07-27T02:29:27.708470+00:00,SMC,SELL,1.5,False,PER_STRATEGY_MAX_OPEN_HIT,0.0,0.0,True,1.5,False,1.5
2026-07-27T02:41:28.576741+00:00,SMC,SELL,1.5,False,PER_STRATEGY_MAX_OPEN_HIT,0.0,0.0,True,1.5,False,1.5
2026-07-27T02:42:29.135387+00:00,SMC,SELL,1.5,False,PER_STRATEGY_MAX_OPEN_HIT,0.0,0.0,True,1.5,False,1.5
2026-07-27T02:43:29.806030+00:00,SMC,SELL,1.5,False,PER_STRATEGY_MAX_OPEN_HIT,0.0,0.0,True,1.5,False,1.5
2026-07-27T02:44:30.331867+00:00,SMC,SELL,1.5,False,PER_STRATEGY_MAX_OPEN_HIT,0.0,0.0,True,1.5,False,1.5
2026-07-27T02:45:30.823238+00:00,SMC,SELL,1.5,False,PER_STRATEGY_MAX_OPEN_HIT,0.0,0.0,True,1.5,False,1.5
2026-07-27T02:46:31.468637+00:00,SMC,SELL,1.5,False,PER_STRATEGY_MAX_OPEN_HIT,0.0,0.0,True,1.5,False,1.5
2026-07-27T02:47:32.026583+00:00,SMC,SELL,1.5,False,PER_STRATEGY_MAX_OPEN_HIT,0.0,0.0,True,1.5,False,1.5
2026-07-27T02:48:32.585163+00:00,SMC,SELL,1.5,False,PER_STRATEGY_MAX_OPEN_HIT,0.0,0.0,True,1.5,False,1.5
2026-07-27T02:49:33.127462+00:00,SMC,SELL,1.5,False,PER_STRATEGY_MAX_OPEN_HIT,0.0,0.0,True,1.5,False,1.5
2026-07-27T02:50:33.908418+00:00,SMC,SELL,1.5,False,PER_STRATEGY_MAX_OPEN_HIT,0.0,0.0,True,1.5,False,1.5
2026-07-27T02:51:34.782265+00:00,SMC,SELL,1.5,False,PER_STRATEGY_MAX_OPEN_HIT,0.0,0.0,True,1.5,False,1.5
2026-07-27T02:52:35.335592+00:00,SMC,SELL,1.5,False,PER_STRATEGY_MAX_OPEN_HIT,0.0,0.0,True,1.5,False,1.5
2026-07-27T02:53:35.788059+00:00,SMC,SELL,1.5,False,PER_STRATEGY_MAX_OPEN_HIT,0.0,0.0,True,1.5,False,1.5
2026-07-27T02:54:36.323246+00:00,SMC,SELL,1.5,False,PER_STRATEGY_MAX_OPEN_HIT,0.0,0.0,True,1.5,False,1.5
2026-07-27T02:55:36.838011+00:00,SMC,SELL,1.5,False,PER_STRATEGY_MAX_OPEN_HIT,0.0,0.0,True,1.5,False,1.5
2026-07-27T02:56:37.405757+00:00,SMC,SELL,1.5,False,PER_STRATEGY_MAX_OPEN_HIT,0.0,0.0,True,1.5,False,1.5
2026-07-27T02:57:38.450739+00:00,SMC,SELL,1.5,False,PER_STRATEGY_MAX_OPEN_HIT,0.0,0.0,True,1.5,False,1.5
2026-07-27T02:58:38.996225+00:00,SMC,SELL,1.5,False,PER_STRATEGY_MAX_OPEN_HIT,0.0,0.0,True,1.5,False,1.5
2026-07-27T02:59:39.555601+00:00,SMC,SELL,1.5,False,PER_STRATEGY_MAX_OPEN_HIT,0.0,0.0,True,1.5,False,1.5
2026-07-27T03:00:40.153654+00:00,SMC,SELL,1.5,False,PER_STRATEGY_MAX_OPEN_HIT,0.0,0.0,True,1.5,False,1.5
2026-07-27T03:01:40.657902+00:00,SMC,SELL,1.5,False,PER_STRATEGY_MAX_OPEN_HIT,0.0,0.0,True,1.5,False,1.5
2026-07-27T03:02:41.142627+00:00,SMC,SELL,1.5,False,PER_STRATEGY_MAX_OPEN_HIT,0.0,0.0,True,1.5,False,1.5
2026-07-27T03:03:41.803714+00:00,SMC,SELL,1.5,False,PER_STRATEGY_MAX_OPEN_HIT,0.0,0.0,True,1.5,False,1.5
2026-07-27T03:04:42.581491+00:00,SMC,SELL,1.5,False,PER_STRATEGY_MAX_OPEN_HIT,0.0,0.0,True,1.5,False,1.5
2026-07-27T03:05:43.238230+00:00,SMC,SELL,1.5,False,PER_STRATEGY_MAX_OPEN_HIT,0.0,0.0,True,1.5,False,1.5
2026-07-27T03:06:43.817834+00:00,SMC,SELL,1.5,False,PER_STRATEGY_MAX_OPEN_HIT,0.0,0.0,True,1.5,False,1.5
2026-07-27T03:07:44.299240+00:00,SMC,SELL,1.5,False,PER_STRATEGY_MAX_OPEN_HIT,0.0,0.0,True,1.5,False,1.5
2026-07-27T03:08:44.768831+00:00,SMC,SELL,1.5,False,PER_STRATEGY_MAX_OPEN_HIT,0.0,0.0,True,1.5,False,1.5
2026-07-27T03:09:45.383677+00:00,SMC,SELL,1.5,False,PER_STRATEGY_MAX_OPEN_HIT,0.0,0.0,True,1.5,False,1.5
2026-07-27T03:10:46.006764+00:00,SMC,SELL,1.5,False,PER_STRATEGY_MAX_OPEN_HIT,0.0,0.0,True,1.5,False,1.5
2026-07-27T03:11:46.672299+00:00,SMC,SELL,1.5,False,PER_STRATEGY_MAX_OPEN_HIT,0.0,0.0,True,1.5,False,1.5
2026-07-27T03:12:47.181176+00:00,SMC,SELL,1.5,False,PER_STRATEGY_MAX_OPEN_HIT,0.0,0.0,True,1.5,False,1.5
2026-07-27T03:13:47.664496+00:00,SMC,SELL,1.5,False,PER_STRATEGY_MAX_OPEN_HIT,0.0,0.0,True,1.5,False,1.5
2026-07-27T03:14:48.193662+00:00,SMC,SELL,1.5,False,PER_STRATEGY_MAX_OPEN_HIT,0.0,0.0,True,1.5,False,1.5
2026-07-27T03:15:49.222854+00:00,SMC,SELL,1.5,False,PER_STRATEGY_MAX_OPEN_HIT,0.0,0.0,True,1.5,False,1.5
2026-07-27T03:16:49.797353+00:00,SMC,SELL,1.5,False,PER_STRATEGY_MAX_OPEN_HIT,0.0,0.0,True,1.5,False,1.5
2026-07-27T03:17:50.250804+00:00,SMC,SELL,1.5,False,PER_STRATEGY_MAX_OPEN_HIT,0.0,0.0,True,1.5,False,1.5
2026-07-27T03:18:50.722815+00:00,SMC,SELL,1.5,False,PER_STRATEGY_MAX_OPEN_HIT,0.0,0.0,True,1.5,False,1.5
2026-07-27T03:19:51.207742+00:00,SMC,SELL,1.5,False,PER_STRATEGY_MAX_OPEN_HIT,0.0,0.0,True,1.5,False,1.5
2026-07-27T03:20:51.909975+00:00,SMC,SELL,1.5,False,PER_STRATEGY_MAX_OPEN_HIT,0.0,0.0,True,1.5,False,1.5
2026-07-27T03:21:53.082227+00:00,SMC,SELL,1.5,False,PER_STRATEGY_MAX_OPEN_HIT,0.0,0.0,True,1.5,False,1.5
2026-07-27T03:22:54.586461+00:00,SMC,SELL,1.5,False,PER_STRATEGY_MAX_OPEN_HIT,0.0,0.0,True,1.5,False,1.5
2026-07-27T03:23:55.156178+00:00,SMC,SELL,1.5,False,PER_STRATEGY_MAX_OPEN_HIT,0.0,0.0,True,1.5,False,1.5
2026-07-27T03:24:55.733720+00:00,SMC,SELL,1.5,False,PER_STRATEGY_MAX_OPEN_HIT,0.0,0.0,True,1.5,False,1.5
2026-07-27T03:25:56.388549+00:00,SMC,SELL,1.5,False,PER_STRATEGY_MAX_OPEN_HIT,0.0,0.0,True,1.5,False,1.5
2026-07-27T03:26:57.119273+00:00,SMC,SELL,1.5,False,PER_STRATEGY_MAX_OPEN_HIT,0.0,0.0,True,1.5,False,1.5
2026-07-27T03:27:57.599305+00:00,SMC,SELL,1.5,False,PER_STRATEGY_MAX_OPEN_HIT,0.0,0.0,True,1.5,False,1.5
2026-07-27T03:28:59.417414+00:00,SMC,SELL,1.5,True,,0.75,0.07,True,1.5,True,0.75
2026-07-27T03:29:00.545825+00:00,MICRO,SELL,1.35,True,,0.75,0.07,True,1.35,True,0.6
2026-07-27T03:33:05.837994+00:00,SMC,SELL,1.5,False,PER_STRATEGY_MAX_OPEN_HIT,0.0,0.0,True,1.5,False,1.5
2026-07-27T03:34:06.376021+00:00,SMC,SELL,1.5,False,PER_STRATEGY_MAX_OPEN_HIT,0.0,0.0,True,1.5,False,1.5
2026-07-27T03:35:07.076909+00:00,SMC,SELL,1.5,False,PER_STRATEGY_MAX_OPEN_HIT,0.0,0.0,True,1.5,False,1.5
2026-07-27T03:36:07.640526+00:00,SMC,SELL,1.5,False,PER_STRATEGY_MAX_OPEN_HIT,0.0,0.0,True,1.5,False,1.5
2026-07-27T03:37:08.217073+00:00,SMC,SELL,1.5,False,PER_STRATEGY_MAX_OPEN_HIT,0.0,0.0,True,1.5,False,1.5
2026-07-27T03:38:08.760906+00:00,SMC,SELL,1.5,False,PER_STRATEGY_MAX_OPEN_HIT,0.0,0.0,True,1.5,False,1.5
2026-07-27T03:39:09.355208+00:00,SMC,SELL,1.5,False,PER_STRATEGY_MAX_OPEN_HIT,0.0,0.0,True,1.5,False,1.5
2026-07-27T03:40:09.846677+00:00,SMC,SELL,1.5,False,PER_STRATEGY_MAX_OPEN_HIT,0.0,0.0,True,1.5,False,1.5
2026-07-27T03:41:10.558596+00:00,SMC,SELL,1.5,False,PER_STRATEGY_MAX_OPEN_HIT,0.0,0.0,True,1.5,False,1.5
2026-07-27T03:42:11.132896+00:00,SMC,SELL,1.5,False,PER_STRATEGY_MAX_OPEN_HIT,0.0,0.0,True,1.5,False,1.5
2026-07-27T03:43:11.624959+00:00,SMC,SELL,1.5,False,PER_STRATEGY_MAX_OPEN_HIT,0.0,0.0,True,1.5,False,1.5
2026-07-27T03:44:12.170396+00:00,SMC,SELL,1.5,False,PER_STRATEGY_MAX_OPEN_HIT,0.0,0.0,True,1.5,False,1.5
2026-07-27T03:45:12.691094+00:00,SMC,SELL,1.5,False,PER_STRATEGY_MAX_OPEN_HIT,0.0,0.0,True,1.5,False,1.5
2026-07-27T03:46:13.191992+00:00,SMC,SELL,1.5,False,PER_STRATEGY_MAX_OPEN_HIT,0.0,0.0,True,1.5,False,1.5
2026-07-27T03:47:13.754499+00:00,SMC,SELL,1.5,False,PER_STRATEGY_MAX_OPEN_HIT,0.0,0.0,True,1.5,False,1.5
2026-07-27T03:48:14.352497+00:00,SMC,SELL,1.5,False,PER_STRATEGY_MAX_OPEN_HIT,0.0,0.0,True,1.5,False,1.5
2026-07-27T03:49:14.927698+00:00,SMC,SELL,1.5,False,PER_STRATEGY_MAX_OPEN_HIT,0.0,0.0,True,1.5,False,1.5
2026-07-27T03:50:15.441263+00:00,SMC,SELL,1.5,False,PER_STRATEGY_MAX_OPEN_HIT,0.0,0.0,True,1.5,False,1.5
2026-07-27T03:51:15.957708+00:00,SMC,SELL,1.5,False,PER_STRATEGY_MAX_OPEN_HIT,0.0,0.0,True,1.5,False,1.5
2026-07-27T03:52:16.522181+00:00,SMC,SELL,1.5,False,PER_STRATEGY_MAX_OPEN_HIT,0.0,0.0,True,1.5,False,1.5
2026-07-27T03:53:17.024197+00:00,SMC,SELL,1.5,False,PER_STRATEGY_MAX_OPEN_HIT,0.0,0.0,True,1.5,False,1.5
2026-07-27T03:54:17.620241+00:00,SMC,SELL,1.5,False,PER_STRATEGY_MAX_OPEN_HIT,0.0,0.0,True,1.5,False,1.5
2026-07-27T03:55:18.339440+00:00,SMC,SELL,1.5,False,PER_STRATEGY_MAX_OPEN_HIT,0.0,0.0,True,1.5,False,1.5
2026-07-27T03:56:18.875109+00:00,SMC,SELL,1.5,False,PER_STRATEGY_MAX_OPEN_HIT,0.0,0.0,True,1.5,False,1.5
2026-07-27T03:57:19.466580+00:00,SMC,SELL,1.5,False,PER_STRATEGY_MAX_OPEN_HIT,0.0,0.0,True,1.5,False,1.5
2026-07-27T03:58:19.963941+00:00,SMC,SELL,1.5,False,PER_STRATEGY_MAX_OPEN_HIT,0.0,0.0,True,1.5,False,1.5
2026-07-27T03:59:20.527624+00:00,SMC,SELL,1.5,False,PER_STRATEGY_MAX_OPEN_HIT,0.0,0.0,True,1.5,False,1.5
2026-07-27T04:00:21.158467+00:00,SMC,SELL,1.5,False,PER_STRATEGY_MAX_OPEN_HIT,0.0,0.0,True,1.5,False,1.5
2026-07-27T04:01:21.692313+00:00,SMC,SELL,1.5,False,PER_STRATEGY_MAX_OPEN_HIT,0.0,0.0,True,1.5,False,1.5
2026-07-27T04:02:22.258312+00:00,SMC,SELL,1.5,False,PER_STRATEGY_MAX_OPEN_HIT,0.0,0.0,True,1.5,False,1.5
2026-07-27T04:03:22.738003+00:00,SMC,SELL,1.5,False,PER_STRATEGY_MAX_OPEN_HIT,0.0,0.0,True,1.5,False,1.5
2026-07-27T04:04:23.227560+00:00,SMC,SELL,1.5,False,PER_STRATEGY_MAX_OPEN_HIT,0.0,0.0,True,1.5,False,1.5
2026-07-27T04:05:23.792384+00:00,SMC,SELL,1.5,False,PER_STRATEGY_MAX_OPEN_HIT,0.0,0.0,True,1.5,False,1.5
2026-07-27T04:06:24.650653+00:00,SMC,SELL,1.5,False,PER_STRATEGY_MAX_OPEN_HIT,0.0,0.0,True,1.5,False,1.5
2026-07-27T04:07:25.205429+00:00,SMC,SELL,1.5,False,PER_STRATEGY_MAX_OPEN_HIT,0.0,0.0,True,1.5,False,1.5
2026-07-27T04:08:25.749677+00:00,SMC,SELL,1.5,False,PER_STRATEGY_MAX_OPEN_HIT,0.0,0.0,True,1.5,False,1.5
2026-07-27T04:09:26.368074+00:00,SMC,SELL,1.5,False,PER_STRATEGY_MAX_OPEN_HIT,0.0,0.0,True,1.5,False,1.5
2026-07-27T04:10:27.025990+00:00,SMC,SELL,1.5,False,PER_STRATEGY_MAX_OPEN_HIT,0.0,0.0,True,1.5,False,1.5
2026-07-27T04:11:27.578287+00:00,SMC,SELL,1.5,False,PER_STRATEGY_MAX_OPEN_HIT,0.0,0.0,True,1.5,False,1.5
2026-07-27T04:12:28.197507+00:00,SMC,SELL,1.5,False,PER_STRATEGY_MAX_OPEN_HIT,0.0,0.0,True,1.5,False,1.5
2026-07-27T04:13:28.655420+00:00,SMC,SELL,1.5,False,PER_STRATEGY_MAX_OPEN_HIT,0.0,0.0,True,1.5,False,1.5
2026-07-27T04:14:29.208243+00:00,SMC,SELL,1.5,False,PER_STRATEGY_MAX_OPEN_HIT,0.0,0.0,True,1.5,False,1.5
2026-07-27T04:15:29.729650+00:00,SMC,SELL,1.5,False,PER_STRATEGY_MAX_OPEN_HIT,0.0,0.0,True,1.5,False,1.5
2026-07-27T04:16:30.412971+00:00,SMC,SELL,1.5,False,PER_STRATEGY_MAX_OPEN_HIT,0.0,0.0,True,1.5,False,1.5
2026-07-27T04:17:30.916476+00:00,SMC,SELL,1.5,False,PER_STRATEGY_MAX_OPEN_HIT,0.0,0.0,True,1.5,False,1.5
2026-07-27T04:18:31.399622+00:00,SMC,SELL,1.5,False,PER_STRATEGY_MAX_OPEN_HIT,0.0,0.0,True,1.5,False,1.5
2026-07-27T04:19:31.934194+00:00,SMC,SELL,1.5,False,PER_STRATEGY_MAX_OPEN_HIT,0.0,0.0,True,1.5,False,1.5
2026-07-27T04:20:32.536494+00:00,SMC,SELL,1.5,False,PER_STRATEGY_MAX_OPEN_HIT,0.0,0.0,True,1.5,False,1.5
2026-07-27T04:21:33.082770+00:00,SMC,SELL,1.5,False,PER_STRATEGY_MAX_OPEN_HIT,0.0,0.0,True,1.5,False,1.5
2026-07-27T04:22:33.609969+00:00,SMC,SELL,1.5,False,PER_STRATEGY_MAX_OPEN_HIT,0.0,0.0,True,1.5,False,1.5
2026-07-27T04:23:34.093193+00:00,SMC,SELL,1.5,False,PER_STRATEGY_MAX_OPEN_HIT,0.0,0.0,True,1.5,False,1.5
2026-07-27T04:24:34.741262+00:00,SMC,SELL,1.5,False,PER_STRATEGY_MAX_OPEN_HIT,0.0,0.0,True,1.5,False,1.5
2026-07-27T04:27:37.024430+00:00,SMC,SELL,1.5,False,PER_STRATEGY_MAX_OPEN_HIT,0.0,0.0,True,1.5,False,1.5
2026-07-27T04:28:37.522337+00:00,SMC,SELL,1.5,False,PER_STRATEGY_MAX_OPEN_HIT,0.0,0.0,True,1.5,False,1.5
2026-07-27T04:29:38.047612+00:00,SMC,SELL,1.5,False,PER_STRATEGY_MAX_OPEN_HIT,0.0,0.0,True,1.5,False,1.5
2026-07-27T04:30:38.524976+00:00,SMC,SELL,1.5,False,PER_STRATEGY_MAX_OPEN_HIT,0.0,0.0,True,1.5,False,1.5
2026-07-27T04:31:39.049950+00:00,SMC,SELL,1.5,False,PER_STRATEGY_MAX_OPEN_HIT,0.0,0.0,True,1.5,False,1.5
2026-07-27T04:32:39.598174+00:00,SMC,SELL,1.5,False,PER_STRATEGY_MAX_OPEN_HIT,0.0,0.0,True,1.5,False,1.5
2026-07-27T04:33:40.056883+00:00,SMC,SELL,1.5,False,PER_STRATEGY_MAX_OPEN_HIT,0.0,0.0,True,1.5,False,1.5
2026-07-27T04:34:40.483926+00:00,SMC,SELL,1.5,False,PER_STRATEGY_MAX_OPEN_HIT,0.0,0.0,True,1.5,False,1.5
2026-07-27T04:35:40.884077+00:00,SMC,SELL,1.5,False,PER_STRATEGY_MAX_OPEN_HIT,0.0,0.0,True,1.5,False,1.5
2026-07-27T04:36:41.337958+00:00,SMC,SELL,1.5,False,PER_STRATEGY_MAX_OPEN_HIT,0.0,0.0,True,1.5,False,1.5
2026-07-27T04:37:41.841598+00:00,SMC,SELL,1.5,False,PER_STRATEGY_MAX_OPEN_HIT,0.0,0.0,True,1.5,False,1.5
2026-07-27T04:38:42.217146+00:00,SMC,SELL,1.5,False,PER_STRATEGY_MAX_OPEN_HIT,0.0,0.0,True,1.5,False,1.5
2026-07-27T04:39:42.684425+00:00,SMC,SELL,1.5,False,PER_STRATEGY_MAX_OPEN_HIT,0.0,0.0,True,1.5,False,1.5
2026-07-27T04:40:43.179210+00:00,SMC,SELL,1.5,False,PER_STRATEGY_MAX_OPEN_HIT,0.0,0.0,True,1.5,False,1.5
2026-07-27T04:41:43.620735+00:00,SMC,SELL,1.5,False,PER_STRATEGY_MAX_OPEN_HIT,0.0,0.0,True,1.5,False,1.5
2026-07-27T04:42:44.038448+00:00,SMC,SELL,1.5,False,PER_STRATEGY_MAX_OPEN_HIT,0.0,0.0,True,1.5,False,1.5
2026-07-27T04:43:44.416480+00:00,SMC,SELL,1.5,False,PER_STRATEGY_MAX_OPEN_HIT,0.0,0.0,True,1.5,False,1.5
2026-07-27T04:44:44.871257+00:00,SMC,SELL,1.5,False,PER_STRATEGY_MAX_OPEN_HIT,0.0,0.0,True,1.5,False,1.5
2026-07-27T04:45:45.313380+00:00,SMC,SELL,1.5,False,PER_STRATEGY_MAX_OPEN_HIT,0.0,0.0,True,1.5,False,1.5
2026-07-27T04:46:45.783159+00:00,SMC,SELL,1.5,False,PER_STRATEGY_MAX_OPEN_HIT,0.0,0.0,True,1.5,False,1.5
2026-07-27T04:47:46.405290+00:00,SMC,SELL,1.5,False,PER_STRATEGY_MAX_OPEN_HIT,0.0,0.0,True,1.5,False,1.5
2026-07-27T04:48:47.163180+00:00,SMC,SELL,1.5,False,PER_STRATEGY_MAX_OPEN_HIT,0.0,0.0,True,1.5,False,1.5
2026-07-27T04:49:47.640358+00:00,SMC,SELL,1.5,False,PER_STRATEGY_MAX_OPEN_HIT,0.0,0.0,True,1.5,False,1.5
2026-07-27T04:50:48.119026+00:00,SMC,SELL,1.5,False,PER_STRATEGY_MAX_OPEN_HIT,0.0,0.0,True,1.5,False,1.5
2026-07-27T04:51:48.565080+00:00,SMC,SELL,1.5,False,PER_STRATEGY_MAX_OPEN_HIT,0.0,0.0,True,1.5,False,1.5
2026-07-27T04:52:49.067930+00:00,SMC,SELL,1.5,False,PER_STRATEGY_MAX_OPEN_HIT,0.0,0.0,True,1.5,False,1.5
2026-07-27T04:53:49.469974+00:00,SMC,SELL,1.5,False,PER_STRATEGY_MAX_OPEN_HIT,0.0,0.0,True,1.5,False,1.5
2026-07-27T04:54:49.908312+00:00,SMC,SELL,1.5,False,PER_STRATEGY_MAX_OPEN_HIT,0.0,0.0,True,1.5,False,1.5
2026-07-27T04:55:50.438390+00:00,SMC,SELL,1.5,False,PER_STRATEGY_MAX_OPEN_HIT,0.0,0.0,True,1.5,False,1.5
2026-07-27T04:56:50.992067+00:00,SMC,SELL,1.5,False,PER_STRATEGY_MAX_OPEN_HIT,0.0,0.0,True,1.5,False,1.5
2026-07-27T04:57:51.520139+00:00,SMC,SELL,1.5,False,PER_STRATEGY_MAX_OPEN_HIT,0.0,0.0,True,1.5,False,1.5
2026-07-27T04:58:52.005495+00:00,SMC,SELL,1.5,False,PER_STRATEGY_MAX_OPEN_HIT,0.0,0.0,True,1.5,False,1.5
2026-07-27T04:59:52.447139+00:00,SMC,SELL,1.5,False,PER_STRATEGY_MAX_OPEN_HIT,0.0,0.0,True,1.5,False,1.5
2026-07-27T05:00:52.892397+00:00,SMC,SELL,1.5,False,PER_STRATEGY_MAX_OPEN_HIT,0.0,0.0,True,1.5,False,1.5
2026-07-27T05:01:53.394942+00:00,SMC,SELL,1.35,False,PER_STRATEGY_MAX_OPEN_HIT,0.0,0.0,True,1.35,False,1.35
2026-07-27T05:02:53.922306+00:00,SMC,SELL,1.5,False,PER_STRATEGY_MAX_OPEN_HIT,0.0,0.0,True,1.5,False,1.5
2026-07-27T05:03:54.333824+00:00,SMC,SELL,1.5,False,PER_STRATEGY_MAX_OPEN_HIT,0.0,0.0,True,1.5,False,1.5
2026-07-27T05:04:54.757792+00:00,SMC,SELL,1.5,False,PER_STRATEGY_MAX_OPEN_HIT,0.0,0.0,True,1.5,False,1.5
2026-07-27T05:05:55.359102+00:00,SMC,SELL,1.35,False,PER_STRATEGY_MAX_OPEN_HIT,0.0,0.0,True,1.35,False,1.35
2026-07-27T05:06:55.924831+00:00,SMC,SELL,1.5,False,PER_STRATEGY_MAX_OPEN_HIT,0.0,0.0,True,1.5,False,1.5
2026-07-27T05:07:56.428456+00:00,SMC,SELL,1.5,False,PER_STRATEGY_MAX_OPEN_HIT,0.0,0.0,True,1.5,False,1.5
2026-07-27T05:12:59.186443+00:00,SMC,SELL,1.5,False,PER_STRATEGY_MAX_OPEN_HIT,0.0,0.0,True,1.5,False,1.5
2026-07-27T05:16:00.646309+00:00,SMC,SELL,1.5,False,PER_STRATEGY_MAX_OPEN_HIT,0.0,0.0,True,1.5,False,1.5
2026-07-27T05:17:01.073863+00:00,SMC,SELL,1.5,False,PER_STRATEGY_MAX_OPEN_HIT,0.0,0.0,True,1.5,False,1.5
2026-07-27T05:18:01.517052+00:00,SMC,SELL,1.5,False,PER_STRATEGY_MAX_OPEN_HIT,0.0,0.0,True,1.5,False,1.5
2026-07-27T05:19:02.031004+00:00,SMC,SELL,1.5,False,PER_STRATEGY_MAX_OPEN_HIT,0.0,0.0,True,1.5,False,1.5
2026-07-27T05:20:02.475396+00:00,SMC,SELL,1.5,False,PER_STRATEGY_MAX_OPEN_HIT,0.0,0.0,True,1.5,False,1.5
2026-07-27T05:21:02.952223+00:00,SMC,SELL,1.5,False,PER_STRATEGY_MAX_OPEN_HIT,0.0,0.0,True,1.5,False,1.5
2026-07-27T05:22:03.511265+00:00,SMC,SELL,1.5,False,PER_STRATEGY_MAX_OPEN_HIT,0.0,0.0,True,1.5,False,1.5
2026-07-27T05:23:03.978838+00:00,SMC,SELL,1.35,False,PER_STRATEGY_MAX_OPEN_HIT,0.0,0.0,True,1.35,False,1.35
2026-07-27T05:24:04.404420+00:00,SMC,SELL,1.35,False,PER_STRATEGY_MAX_OPEN_HIT,0.0,0.0,True,1.35,False,1.35
2026-07-27T05:25:04.822694+00:00,SMC,SELL,1.35,False,PER_STRATEGY_MAX_OPEN_HIT,0.0,0.0,True,1.35,False,1.35
2026-07-27T05:26:05.256129+00:00,SMC,SELL,1.5,False,PER_STRATEGY_MAX_OPEN_HIT,0.0,0.0,True,1.5,False,1.5
2026-07-27T05:27:05.728586+00:00,SMC,SELL,1.35,False,PER_STRATEGY_MAX_OPEN_HIT,0.0,0.0,True,1.35,False,1.35
2026-07-27T05:28:06.189797+00:00,SMC,SELL,1.35,False,PER_STRATEGY_MAX_OPEN_HIT,0.0,0.0,True,1.35,False,1.35
2026-07-27T05:29:06.607919+00:00,SMC,SELL,1.5,False,PER_STRATEGY_MAX_OPEN_HIT,0.0,0.0,True,1.5,False,1.5
2026-07-27T05:31:07.080517+00:00,SMC,SELL,1.5,False,PER_STRATEGY_MAX_OPEN_HIT,0.0,0.0,True,1.5,False,1.5
2026-07-27T05:32:07.528500+00:00,SMC,SELL,1.5,False,PER_STRATEGY_MAX_OPEN_HIT,0.0,0.0,True,1.5,False,1.5
2026-07-27T05:33:08.049231+00:00,SMC,SELL,1.5,False,PER_STRATEGY_MAX_OPEN_HIT,0.0,0.0,True,1.5,False,1.5
2026-07-27T05:34:08.498680+00:00,SMC,SELL,1.5,False,PER_STRATEGY_MAX_OPEN_HIT,0.0,0.0,True,1.5,False,1.5
2026-07-27T05:35:09.004328+00:00,SMC,SELL,1.5,False,PER_STRATEGY_MAX_OPEN_HIT,0.0,0.0,True,1.5,False,1.5
2026-07-27T05:36:09.436544+00:00,SMC,SELL,1.5,False,PER_STRATEGY_MAX_OPEN_HIT,0.0,0.0,True,1.5,False,1.5
2026-07-27T05:37:09.924431+00:00,SMC,SELL,1.5,False,PER_STRATEGY_MAX_OPEN_HIT,0.0,0.0,True,1.5,False,1.5
2026-07-27T05:38:10.422538+00:00,SMC,SELL,1.5,False,PER_STRATEGY_MAX_OPEN_HIT,0.0,0.0,True,1.5,False,1.5
2026-07-27T05:39:10.817499+00:00,SMC,SELL,1.5,False,PER_STRATEGY_MAX_OPEN_HIT,0.0,0.0,True,1.5,False,1.5
2026-07-27T05:40:11.237035+00:00,SMC,SELL,1.5,False,PER_STRATEGY_MAX_OPEN_HIT,0.0,0.0,True,1.5,False,1.5
2026-07-27T05:41:11.660585+00:00,SMC,SELL,1.5,False,PER_STRATEGY_MAX_OPEN_HIT,0.0,0.0,True,1.5,False,1.5
2026-07-27T05:42:12.102575+00:00,SMC,SELL,1.35,False,PER_STRATEGY_MAX_OPEN_HIT,0.0,0.0,True,1.35,False,1.35
2026-07-27T05:43:12.570420+00:00,SMC,SELL,1.35,False,PER_STRATEGY_MAX_OPEN_HIT,0.0,0.0,True,1.35,False,1.35
2026-07-27T05:44:13.017391+00:00,SMC,SELL,1.5,False,PER_STRATEGY_MAX_OPEN_HIT,0.0,0.0,True,1.5,False,1.5
2026-07-27T05:46:13.958390+00:00,SMC,SELL,1.35,False,PER_STRATEGY_MAX_OPEN_HIT,0.0,0.0,True,1.35,False,1.35
2026-07-27T05:47:14.505032+00:00,SMC,SELL,1.35,False,PER_STRATEGY_MAX_OPEN_HIT,0.0,0.0,True,1.35,False,1.35
2026-07-27T05:48:14.970613+00:00,SMC,SELL,1.35,False,PER_STRATEGY_MAX_OPEN_HIT,0.0,0.0,True,1.35,False,1.35
2026-07-27T05:49:15.445570+00:00,SMC,SELL,1.5,False,PER_STRATEGY_MAX_OPEN_HIT,0.0,0.0,True,1.5,False,1.5
2026-07-27T05:50:15.968278+00:00,SMC,SELL,1.35,False,PER_STRATEGY_MAX_OPEN_HIT,0.0,0.0,True,1.35,False,1.35
2026-07-27T05:51:16.464117+00:00,SMC,SELL,1.35,False,PER_STRATEGY_MAX_OPEN_HIT,0.0,0.0,True,1.35,False,1.35
2026-07-27T05:52:16.925302+00:00,SMC,SELL,1.35,False,PER_STRATEGY_MAX_OPEN_HIT,0.0,0.0,True,1.35,False,1.35
2026-07-27T05:53:17.412580+00:00,SMC,SELL,1.35,False,PER_STRATEGY_MAX_OPEN_HIT,0.0,0.0,True,1.35,False,1.35
2026-07-27T05:54:17.861740+00:00,SMC,SELL,1.35,False,PER_STRATEGY_MAX_OPEN_HIT,0.0,0.0,True,1.35,False,1.35
2026-07-27T05:55:18.336623+00:00,SMC,SELL,1.5,False,PER_STRATEGY_MAX_OPEN_HIT,0.0,0.0,True,1.5,False,1.5
2026-07-27T05:56:18.798978+00:00,SMC,SELL,1.5,False,PER_STRATEGY_MAX_OPEN_HIT,0.0,0.0,True,1.5,False,1.5
2026-07-27T05:57:19.228933+00:00,SMC,SELL,1.5,False,PER_STRATEGY_MAX_OPEN_HIT,0.0,0.0,True,1.5,False,1.5
2026-07-27T05:58:19.728854+00:00,SMC,SELL,1.5,False,PER_STRATEGY_MAX_OPEN_HIT,0.0,0.0,True,1.5,False,1.5
2026-07-27T05:59:20.151103+00:00,SMC,SELL,1.5,False,PER_STRATEGY_MAX_OPEN_HIT,0.0,0.0,True,1.5,False,1.5
2026-07-27T06:00:20.634293+00:00,SMC,SELL,1.5,False,PER_STRATEGY_MAX_OPEN_HIT,0.0,0.0,True,1.5,False,1.5
2026-07-27T06:01:21.272973+00:00,SMC,SELL,1.5,False,PER_STRATEGY_MAX_OPEN_HIT,0.0,0.0,True,1.5,False,1.5
2026-07-27T06:02:21.736372+00:00,SMC,SELL,1.5,False,PER_STRATEGY_MAX_OPEN_HIT,0.0,0.0,True,1.5,False,1.5
2026-07-27T06:03:22.248838+00:00,SMC,SELL,1.5,False,PER_STRATEGY_MAX_OPEN_HIT,0.0,0.0,True,1.5,False,1.5
2026-07-27T06:04:22.751296+00:00,SMC,SELL,1.5,False,PER_STRATEGY_MAX_OPEN_HIT,0.0,0.0,True,1.5,False,1.5
2026-07-27T06:05:23.205940+00:00,SMC,SELL,1.5,False,PER_STRATEGY_MAX_OPEN_HIT,0.0,0.0,True,1.5,False,1.5
2026-07-27T06:06:23.641504+00:00,SMC,SELL,1.5,False,PER_STRATEGY_MAX_OPEN_HIT,0.0,0.0,True,1.5,False,1.5
2026-07-27T06:07:24.267118+00:00,SMC,SELL,1.5,False,PER_STRATEGY_MAX_OPEN_HIT,0.0,0.0,True,1.5,False,1.5
2026-07-27T06:08:24.753654+00:00,SMC,SELL,1.5,False,PER_STRATEGY_MAX_OPEN_HIT,0.0,0.0,True,1.5,False,1.5
2026-07-27T06:09:25.228679+00:00,SMC,SELL,1.5,False,PER_STRATEGY_MAX_OPEN_HIT,0.0,0.0,True,1.5,False,1.5
2026-07-27T06:10:25.713606+00:00,SMC,SELL,1.5,False,PER_STRATEGY_MAX_OPEN_HIT,0.0,0.0,True,1.5,False,1.5
2026-07-27T06:13:27.867119+00:00,SMC,SELL,1.5,True,,0.75,0.07,True,1.5,True,0.75
2026-07-27T06:17:30.747600+00:00,SMC,SELL,1.5,False,PER_STRATEGY_MAX_OPEN_HIT,0.0,0.0,True,1.5,False,1.5
2026-07-27T06:18:31.255093+00:00,SMC,SELL,1.5,False,PER_STRATEGY_MAX_OPEN_HIT,0.0,0.0,True,1.5,False,1.5
2026-07-27T06:19:31.708305+00:00,SMC,SELL,1.5,False,PER_STRATEGY_MAX_OPEN_HIT,0.0,0.0,True,1.5,False,1.5
2026-07-27T06:20:32.178855+00:00,SMC,SELL,1.35,False,PER_STRATEGY_MAX_OPEN_HIT,0.0,0.0,True,1.35,False,1.35
2026-07-27T06:21:32.664145+00:00,SMC,SELL,1.35,False,PER_STRATEGY_MAX_OPEN_HIT,0.0,0.0,True,1.35,False,1.35
2026-07-27T06:22:33.092100+00:00,SMC,SELL,1.5,False,PER_STRATEGY_MAX_OPEN_HIT,0.0,0.0,True,1.5,False,1.5
2026-07-27T06:23:33.576173+00:00,SMC,SELL,1.65,False,PER_STRATEGY_MAX_OPEN_HIT,0.0,0.0,True,1.65,False,1.65
2026-07-27T06:24:34.051817+00:00,SMC,SELL,1.5,False,PER_STRATEGY_MAX_OPEN_HIT,0.0,0.0,True,1.5,False,1.5
2026-07-27T06:55:49.434783+00:00,SMC,SELL,1.5,False,PER_STRATEGY_MAX_OPEN_HIT,0.0,0.0,True,1.5,False,1.5
2026-07-27T06:59:51.522153+00:00,SMC,SELL,1.5,False,PER_STRATEGY_MAX_OPEN_HIT,0.0,0.0,True,1.5,False,1.5
2026-07-27T07:06:55.235587+00:00,SMC,SELL,1.35,False,PER_STRATEGY_MAX_OPEN_HIT,0.0,0.0,True,1.35,False,1.35
2026-07-27T07:07:55.680468+00:00,SMC,SELL,1.35,False,PER_STRATEGY_MAX_OPEN_HIT,0.0,0.0,True,1.35,False,1.35
2026-07-27T07:08:56.192475+00:00,SMC,SELL,1.35,False,PER_STRATEGY_MAX_OPEN_HIT,0.0,0.0,True,1.35,False,1.35
2026-07-27T07:09:56.600659+00:00,SMC,SELL,1.35,False,PER_STRATEGY_MAX_OPEN_HIT,0.0,0.0,True,1.35,False,1.35
2026-07-27T07:39:11.947725+00:00,SMC,SELL,1.35,True,,0.75,0.07,True,1.35,True,0.6
2026-07-27T07:39:12.709292+00:00,MICRO,SELL,1.35,True,,0.75,0.07,True,1.35,True,0.6
2026-07-27T07:41:14.381412+00:00,MICRO,SELL,1.35,False,PER_STRATEGY_MAX_OPEN_HIT,0.0,0.0,True,1.35,False,1.35
2026-07-27T07:42:14.945479+00:00,MICRO,SELL,1.35,False,PER_STRATEGY_MAX_OPEN_HIT,0.0,0.0,True,1.35,False,1.35
2026-07-27T07:43:15.414033+00:00,SMC,SELL,1.35,False,PER_STRATEGY_MAX_OPEN_HIT,0.0,0.0,True,1.35,False,1.35
2026-07-27T07:44:15.871947+00:00,SMC,SELL,1.35,False,PER_STRATEGY_MAX_OPEN_HIT,0.0,0.0,True,1.35,False,1.35
2026-07-27T07:45:16.261811+00:00,SMC,SELL,1.35,False,PER_STRATEGY_MAX_OPEN_HIT,0.0,0.0,True,1.35,False,1.35
2026-07-27T07:46:16.680306+00:00,SMC,SELL,1.35,False,PER_STRATEGY_MAX_OPEN_HIT,0.0,0.0,True,1.35,False,1.35
2026-07-27T07:47:17.112373+00:00,SMC,SELL,1.35,False,PER_STRATEGY_MAX_OPEN_HIT,0.0,0.0,True,1.35,False,1.35
2026-07-27T07:48:17.521121+00:00,SMC,SELL,1.35,False,PER_STRATEGY_MAX_OPEN_HIT,0.0,0.0,True,1.35,False,1.35
2026-07-27T07:49:17.961472+00:00,SMC,SELL,1.35,False,PER_STRATEGY_MAX_OPEN_HIT,0.0,0.0,True,1.35,False,1.35
2026-07-27T07:56:19.019216+00:00,SMC,SELL,1.5,False,PER_STRATEGY_MAX_OPEN_HIT,0.0,0.0,True,1.5,False,1.5
2026-07-27T07:57:19.532144+00:00,SMC,SELL,1.5,False,PER_STRATEGY_MAX_OPEN_HIT,0.0,0.0,True,1.5,False,1.5
2026-07-27T07:58:20.038549+00:00,SMC,SELL,1.35,False,PER_STRATEGY_MAX_OPEN_HIT,0.0,0.0,True,1.35,False,1.35
2026-07-27T07:59:20.492056+00:00,SMC,SELL,1.35,False,PER_STRATEGY_MAX_OPEN_HIT,0.0,0.0,True,1.35,False,1.35
2026-07-27T10:01:21.465641+00:00,SMC,SELL,1.5,False,PER_STRATEGY_MAX_OPEN_HIT,0.0,0.0,True,1.5,False,1.5
2026-07-27T10:02:21.933862+00:00,SMC,SELL,1.5,False,PER_STRATEGY_MAX_OPEN_HIT,0.0,0.0,True,1.5,False,1.5
2026-07-27T10:04:22.377169+00:00,SMC,SELL,1.5,False,PER_STRATEGY_MAX_OPEN_HIT,0.0,0.0,True,1.5,False,1.5
2026-07-27T10:05:22.812957+00:00,SMC,SELL,1.5,False,PER_STRATEGY_MAX_OPEN_HIT,0.0,0.0,True,1.5,False,1.5
2026-07-27T10:06:23.241585+00:00,SMC,SELL,1.5,False,PER_STRATEGY_MAX_OPEN_HIT,0.0,0.0,True,1.5,False,1.5
2026-07-27T10:07:23.755149+00:00,SMC,SELL,1.5,False,PER_STRATEGY_MAX_OPEN_HIT,0.0,0.0,True,1.5,False,1.5
2026-07-27T10:08:24.211569+00:00,SMC,SELL,1.5,False,PER_STRATEGY_MAX_OPEN_HIT,0.0,0.0,True,1.5,False,1.5
2026-07-27T10:09:24.620814+00:00,SMC,SELL,1.5,False,PER_STRATEGY_MAX_OPEN_HIT,0.0,0.0,True,1.5,False,1.5
2026-07-27T10:10:25.038675+00:00,SMC,SELL,1.5,False,PER_STRATEGY_MAX_OPEN_HIT,0.0,0.0,True,1.5,False,1.5
2026-07-27T10:11:25.630292+00:00,SMC,SELL,1.5,False,PER_STRATEGY_MAX_OPEN_HIT,0.0,0.0,True,1.5,False,1.5
2026-07-27T10:12:26.242520+00:00,SMC,SELL,1.5,False,PER_STRATEGY_MAX_OPEN_HIT,0.0,0.0,True,1.5,False,1.5
2026-07-27T10:13:26.814420+00:00,SMC,SELL,1.5,False,PER_STRATEGY_MAX_OPEN_HIT,0.0,0.0,True,1.5,False,1.5
2026-07-27T10:14:27.289120+00:00,SMC,SELL,1.5,False,PER_STRATEGY_MAX_OPEN_HIT,0.0,0.0,True,1.5,False,1.5
2026-07-27T10:15:27.874616+00:00,SMC,SELL,1.5,False,PER_STRATEGY_MAX_OPEN_HIT,0.0,0.0,True,1.5,False,1.5
2026-07-27T10:16:28.651149+00:00,SMC,SELL,1.5,False,PER_STRATEGY_MAX_OPEN_HIT,0.0,0.0,True,1.5,False,1.5
2026-07-27T10:17:29.124428+00:00,SMC,SELL,1.5,False,PER_STRATEGY_MAX_OPEN_HIT,0.0,0.0,True,1.5,False,1.5
2026-07-27T10:18:29.568546+00:00,SMC,SELL,1.5,False,PER_STRATEGY_MAX_OPEN_HIT,0.0,0.0,True,1.5,False,1.5
2026-07-27T10:19:30.168608+00:00,SMC,SELL,1.5,False,PER_STRATEGY_MAX_OPEN_HIT,0.0,0.0,True,1.5,False,1.5
2026-07-27T10:23:34.138434+00:00,SMC,SELL,1.5,False,PER_STRATEGY_MAX_OPEN_HIT,0.0,0.0,True,1.5,False,1.5
2026-07-27T10:24:34.572915+00:00,SMC,SELL,1.5,False,PER_STRATEGY_MAX_OPEN_HIT,0.0,0.0,True,1.5,False,1.5
2026-07-27T10:31:35.127549+00:00,SMC,SELL,1.5,False,PER_STRATEGY_MAX_OPEN_HIT,0.0,0.0,True,1.5,False,1.5
2026-07-27T10:32:35.526284+00:00,SMC,SELL,1.5,True,,0.75,0.07,True,1.5,True,0.75
2026-07-27T10:32:36.250198+00:00,MICRO,BUY,1.35,True,,0.75,0.07,True,1.35,True,0.6
2026-07-27T10:33:36.838389+00:00,MICRO,BUY,1.35,True,,0.75,0.07,True,1.35,True,0.6
2026-07-27T10:34:37.475180+00:00,MICRO,BUY,1.35,True,,0.75,0.07,True,1.35,True,0.6
2026-07-27T10:36:38.586659+00:00,SMC,SELL,1.5,False,PER_STRATEGY_MAX_OPEN_HIT,0.0,0.0,True,1.5,False,1.5
2026-07-27T10:37:39.038412+00:00,SMC,SELL,1.5,False,PER_STRATEGY_MAX_OPEN_HIT,0.0,0.0,True,1.5,False,1.5
2026-07-27T10:38:39.495350+00:00,SMC,SELL,1.5,False,PER_STRATEGY_MAX_OPEN_HIT,0.0,0.0,True,1.5,False,1.5
2026-07-27T10:39:39.890426+00:00,SMC,SELL,1.5,False,PER_STRATEGY_MAX_OPEN_HIT,0.0,0.0,True,1.5,False,1.5
2026-07-27T10:40:40.339674+00:00,SMC,SELL,1.5,False,PER_STRATEGY_MAX_OPEN_HIT,0.0,0.0,True,1.5,False,1.5
2026-07-27T10:41:40.788733+00:00,SMC,SELL,1.5,False,PER_STRATEGY_MAX_OPEN_HIT,0.0,0.0,True,1.5,False,1.5
2026-07-27T10:42:41.221475+00:00,SMC,SELL,1.5,False,PER_STRATEGY_MAX_OPEN_HIT,0.0,0.0,True,1.5,False,1.5
2026-07-27T10:44:42.255326+00:00,SMC,SELL,1.5,False,PER_STRATEGY_MAX_OPEN_HIT,0.0,0.0,True,1.5,False,1.5
2026-07-27T10:52:46.434019+00:00,SMC,SELL,1.5,False,PER_STRATEGY_MAX_OPEN_HIT,0.0,0.0,True,1.5,False,1.5
2026-07-27T10:57:49.224806+00:00,SMC,SELL,1.5,False,PER_STRATEGY_MAX_OPEN_HIT,0.0,0.0,True,1.5,False,1.5
2026-07-27T10:58:49.645558+00:00,SMC,SELL,1.5,False,PER_STRATEGY_MAX_OPEN_HIT,0.0,0.0,True,1.5,False,1.5
2026-07-27T10:59:50.104840+00:00,SMC,SELL,1.5,False,PER_STRATEGY_MAX_OPEN_HIT,0.0,0.0,True,1.5,False,1.5
2026-07-27T11:00:50.740798+00:00,SMC,SELL,1.5,False,PER_STRATEGY_MAX_OPEN_HIT,0.0,0.0,True,1.5,False,1.5
2026-07-27T11:02:51.742166+00:00,SMC,SELL,1.5,False,PER_STRATEGY_MAX_OPEN_HIT,0.0,0.0,True,1.5,False,1.5
2026-07-27T11:03:52.279038+00:00,SMC,SELL,1.65,False,PER_STRATEGY_MAX_OPEN_HIT,0.0,0.0,True,1.65,False,1.65
2026-07-27T11:04:52.745205+00:00,SMC,SELL,1.5,False,PER_STRATEGY_MAX_OPEN_HIT,0.0,0.0,True,1.5,False,1.5
2026-07-27T11:05:53.164764+00:00,SMC,SELL,1.5,False,PER_STRATEGY_MAX_OPEN_HIT,0.0,0.0,True,1.5,False,1.5
2026-07-27T11:06:53.607663+00:00,SMC,SELL,1.5,False,PER_STRATEGY_MAX_OPEN_HIT,0.0,0.0,True,1.5,False,1.5
2026-07-27T11:07:54.017198+00:00,SMC,SELL,1.5,False,PER_STRATEGY_MAX_OPEN_HIT,0.0,0.0,True,1.5,False,1.5
2026-07-27T11:14:57.755312+00:00,SMC,SELL,1.65,False,PER_STRATEGY_MAX_OPEN_HIT,0.0,0.0,True,1.65,False,1.65
2026-07-27T11:16:58.788505+00:00,SMC,SELL,1.65,False,PER_STRATEGY_MAX_OPEN_HIT,0.0,0.0,True,1.65,False,1.65
2026-07-27T11:18:59.850413+00:00,SMC,SELL,1.5,False,PER_STRATEGY_MAX_OPEN_HIT,0.0,0.0,True,1.5,False,1.5
2026-07-27T11:20:00.342830+00:00,SMC,SELL,1.65,False,PER_STRATEGY_MAX_OPEN_HIT,0.0,0.0,True,1.65,False,1.65
2026-07-27T11:21:00.814354+00:00,SMC,SELL,1.5,False,PER_STRATEGY_MAX_OPEN_HIT,0.0,0.0,True,1.5,False,1.5
2026-07-27T11:22:01.393560+00:00,SMC,SELL,1.5,False,PER_STRATEGY_MAX_OPEN_HIT,0.0,0.0,True,1.5,False,1.5
2026-07-27T11:23:01.826558+00:00,SMC,SELL,1.5,False,PER_STRATEGY_MAX_OPEN_HIT,0.0,0.0,True,1.5,False,1.5
2026-07-27T11:24:02.297426+00:00,SMC,SELL,1.5,False,PER_STRATEGY_MAX_OPEN_HIT,0.0,0.0,True,1.5,False,1.5
2026-07-27T11:25:02.745542+00:00,SMC,SELL,1.5,False,PER_STRATEGY_MAX_OPEN_HIT,0.0,0.0,True,1.5,False,1.5
2026-07-27T11:26:03.179472+00:00,SMC,SELL,1.5,False,PER_STRATEGY_MAX_OPEN_HIT,0.0,0.0,True,1.5,False,1.5
2026-07-27T11:27:03.639617+00:00,SMC,SELL,1.5,False,PER_STRATEGY_MAX_OPEN_HIT,0.0,0.0,True,1.5,False,1.5
2026-07-27T11:28:04.084526+00:00,SMC,SELL,1.5,False,PER_STRATEGY_MAX_OPEN_HIT,0.0,0.0,True,1.5,False,1.5
2026-07-27T11:29:04.709128+00:00,SMC,SELL,1.5,False,PER_STRATEGY_MAX_OPEN_HIT,0.0,0.0,True,1.5,False,1.5
2026-07-27T11:30:05.152393+00:00,SMC,SELL,1.5,False,PER_STRATEGY_MAX_OPEN_HIT,0.0,0.0,True,1.5,False,1.5
2026-07-27T11:31:05.607086+00:00,SMC,SELL,1.5,False,PER_STRATEGY_MAX_OPEN_HIT,0.0,0.0,True,1.5,False,1.5
2026-07-27T11:32:06.120740+00:00,SMC,SELL,1.5,False,PER_STRATEGY_MAX_OPEN_HIT,0.0,0.0,True,1.5,False,1.5
2026-07-27T11:33:06.531621+00:00,SMC,SELL,1.5,False,PER_STRATEGY_MAX_OPEN_HIT,0.0,0.0,True,1.5,False,1.5
2026-07-27T11:34:07.073419+00:00,SMC,SELL,1.5,False,PER_STRATEGY_MAX_OPEN_HIT,0.0,0.0,True,1.5,False,1.5
2026-07-27T11:35:07.517801+00:00,SMC,SELL,1.5,False,PER_STRATEGY_MAX_OPEN_HIT,0.0,0.0,True,1.5,False,1.5
2026-07-27T11:36:07.993645+00:00,SMC,SELL,1.5,False,PER_STRATEGY_MAX_OPEN_HIT,0.0,0.0,True,1.5,False,1.5
2026-07-27T11:37:08.451992+00:00,SMC,SELL,1.5,False,PER_STRATEGY_MAX_OPEN_HIT,0.0,0.0,True,1.5,False,1.5
2026-07-27T11:38:08.986515+00:00,SMC,SELL,1.5,False,PER_STRATEGY_MAX_OPEN_HIT,0.0,0.0,True,1.5,False,1.5
2026-07-27T11:39:09.427740+00:00,SMC,SELL,1.5,False,PER_STRATEGY_MAX_OPEN_HIT,0.0,0.0,True,1.5,False,1.5
2026-07-27T11:41:10.471875+00:00,SMC,SELL,1.5,False,PER_STRATEGY_MAX_OPEN_HIT,0.0,0.0,True,1.5,False,1.5
2026-07-27T11:42:10.956401+00:00,SMC,SELL,1.5,False,PER_STRATEGY_MAX_OPEN_HIT,0.0,0.0,True,1.5,False,1.5
2026-07-27T11:44:11.371975+00:00,SMC,SELL,1.5,False,PER_STRATEGY_MAX_OPEN_HIT,0.0,0.0,True,1.5,False,1.5
2026-07-27T11:51:11.961660+00:00,SMC,SELL,1.5,False,PER_STRATEGY_MAX_OPEN_HIT,0.0,0.0,True,1.5,False,1.5
2026-07-27T11:55:12.509217+00:00,SMC,SELL,1.5,False,PER_STRATEGY_MAX_OPEN_HIT,0.0,0.0,True,1.5,False,1.5
2026-07-27T11:58:13.121672+00:00,SMC,SELL,1.5,False,PER_STRATEGY_MAX_OPEN_HIT,0.0,0.0,True,1.5,False,1.5
2026-07-27T12:01:13.518202+00:00,SMC,SELL,1.5,False,PER_STRATEGY_MAX_OPEN_HIT,0.0,0.0,True,1.5,False,1.5
2026-07-27T12:02:13.978155+00:00,SMC,SELL,1.5,False,PER_STRATEGY_MAX_OPEN_HIT,0.0,0.0,True,1.5,False,1.5
2026-07-27T12:03:14.446106+00:00,SMC,SELL,1.5,False,PER_STRATEGY_MAX_OPEN_HIT,0.0,0.0,True,1.5,False,1.5
2026-07-27T12:04:14.942650+00:00,SMC,SELL,1.5,False,PER_STRATEGY_MAX_OPEN_HIT,0.0,0.0,True,1.5,False,1.5
2026-07-27T12:11:15.942647+00:00,SMC,SELL,1.5,False,PER_STRATEGY_MAX_OPEN_HIT,0.0,0.0,True,1.5,False,1.5
2026-07-27T12:12:16.409330+00:00,SMC,SELL,1.5,False,PER_STRATEGY_MAX_OPEN_HIT,0.0,0.0,True,1.5,False,1.5
2026-07-27T12:13:16.864665+00:00,SMC,SELL,1.5,False,PER_STRATEGY_MAX_OPEN_HIT,0.0,0.0,True,1.5,False,1.5
2026-07-27T12:14:17.344723+00:00,SMC,SELL,1.5,False,PER_STRATEGY_MAX_OPEN_HIT,0.0,0.0,True,1.5,False,1.5
2026-07-27T12:15:17.834662+00:00,SMC,SELL,1.5,False,PER_STRATEGY_MAX_OPEN_HIT,0.0,0.0,True,1.5,False,1.5
2026-07-27T12:16:18.228006+00:00,SMC,SELL,1.5,False,PER_STRATEGY_MAX_OPEN_HIT,0.0,0.0,True,1.5,False,1.5
2026-07-27T12:17:18.825633+00:00,SMC,SELL,1.5,False,PER_STRATEGY_MAX_OPEN_HIT,0.0,0.0,True,1.5,False,1.5
2026-07-27T12:18:19.257709+00:00,SMC,SELL,1.5,False,PER_STRATEGY_MAX_OPEN_HIT,0.0,0.0,True,1.5,False,1.5
2026-07-27T12:19:19.767666+00:00,SMC,SELL,1.5,False,PER_STRATEGY_MAX_OPEN_HIT,0.0,0.0,True,1.5,False,1.5
2026-07-27T12:20:20.419644+00:00,SMC,SELL,1.5,True,,0.75,0.07,True,1.5,True,0.75
2026-07-27T12:22:22.355597+00:00,MICRO,SELL,1.35,True,,0.75,0.07,True,1.35,True,0.6
2026-07-27T12:24:24.224374+00:00,SMC,SELL,1.5,False,PER_STRATEGY_MAX_OPEN_HIT,0.0,0.0,True,1.5,False,1.5
2026-07-27T12:35:27.603120+00:00,SMC,SELL,1.5,False,PER_STRATEGY_MAX_OPEN_HIT,0.0,0.0,True,1.5,False,1.5
2026-07-27T12:36:28.113068+00:00,SMC,SELL,1.5,False,PER_STRATEGY_MAX_OPEN_HIT,0.0,0.0,True,1.5,False,1.5
2026-07-27T12:37:28.590786+00:00,SMC,SELL,1.5,False,PER_STRATEGY_MAX_OPEN_HIT,0.0,0.0,True,1.5,False,1.5
2026-07-27T12:38:29.092686+00:00,SMC,SELL,1.5,False,PER_STRATEGY_MAX_OPEN_HIT,0.0,0.0,True,1.5,False,1.5
2026-07-27T12:39:29.546824+00:00,SMC,SELL,1.5,False,PER_STRATEGY_MAX_OPEN_HIT,0.0,0.0,True,1.5,False,1.5
2026-07-27T12:42:31.231384+00:00,SMC,SELL,1.5,False,PER_STRATEGY_MAX_OPEN_HIT,0.0,0.0,True,1.5,False,1.5
2026-07-27T12:43:31.685740+00:00,SMC,SELL,1.5,False,PER_STRATEGY_MAX_OPEN_HIT,0.0,0.0,True,1.5,False,1.5
2026-07-27T12:44:32.269637+00:00,SMC,SELL,1.5,False,PER_STRATEGY_MAX_OPEN_HIT,0.0,0.0,True,1.5,False,1.5
2026-07-27T12:45:32.967878+00:00,SMC,SELL,1.5,False,PER_STRATEGY_MAX_OPEN_HIT,0.0,0.0,True,1.5,False,1.5
2026-07-27T12:46:33.455682+00:00,SMC,SELL,1.5,False,PER_STRATEGY_MAX_OPEN_HIT,0.0,0.0,True,1.5,False,1.5
2026-07-27T12:47:34.074499+00:00,SMC,SELL,1.5,False,PER_STRATEGY_MAX_OPEN_HIT,0.0,0.0,True,1.5,False,1.5
2026-07-27T12:48:34.584552+00:00,SMC,SELL,1.5,False,PER_STRATEGY_MAX_OPEN_HIT,0.0,0.0,True,1.5,False,1.5
2026-07-27T12:49:35.412145+00:00,SMC,SELL,1.5,False,PER_STRATEGY_MAX_OPEN_HIT,0.0,0.0,True,1.5,False,1.5
2026-07-27T12:50:36.492499+00:00,SMC,SELL,1.5,False,PER_STRATEGY_MAX_OPEN_HIT,0.0,0.0,True,1.5,False,1.5
2026-07-27T12:51:37.456905+00:00,SMC,SELL,1.5,False,PER_STRATEGY_MAX_OPEN_HIT,0.0,0.0,True,1.5,False,1.5
2026-07-27T12:52:38.328716+00:00,SMC,SELL,1.5,False,PER_STRATEGY_MAX_OPEN_HIT,0.0,0.0,True,1.5,False,1.5
2026-07-27T12:53:40.116798+00:00,SMC,SELL,1.5,False,PER_STRATEGY_MAX_OPEN_HIT,0.0,0.0,True,1.5,False,1.5
2026-07-27T12:54:41.084960+00:00,SMC,SELL,1.5,False,PER_STRATEGY_MAX_OPEN_HIT,0.0,0.0,True,1.5,False,1.5
2026-07-27T13:05:46.964687+00:00,SMC,SELL,1.5,False,PER_STRATEGY_MAX_OPEN_HIT,0.0,0.0,True,1.5,False,1.5
2026-07-27T13:06:48.140836+00:00,SMC,SELL,1.5,False,PER_STRATEGY_MAX_OPEN_HIT,0.0,0.0,True,1.5,False,1.5
2026-07-27T13:07:49.072012+00:00,SMC,SELL,1.5,False,PER_STRATEGY_MAX_OPEN_HIT,0.0,0.0,True,1.5,False,1.5
2026-07-27T13:08:49.731033+00:00,SMC,SELL,1.5,False,PER_STRATEGY_MAX_OPEN_HIT,0.0,0.0,True,1.5,False,1.5
2026-07-27T13:09:50.859256+00:00,SMC,SELL,1.5,False,PER_STRATEGY_MAX_OPEN_HIT,0.0,0.0,True,1.5,False,1.5
2026-07-27T13:10:51.728819+00:00,SMC,SELL,1.5,False,PER_STRATEGY_MAX_OPEN_HIT,0.0,0.0,True,1.5,False,1.5
2026-07-27T13:11:52.316779+00:00,SMC,SELL,1.5,False,PER_STRATEGY_MAX_OPEN_HIT,0.0,0.0,True,1.5,False,1.5
2026-07-27T13:12:53.071557+00:00,SMC,SELL,1.5,False,PER_STRATEGY_MAX_OPEN_HIT,0.0,0.0,True,1.5,False,1.5
2026-07-27T13:13:53.911973+00:00,SMC,SELL,1.5,False,PER_STRATEGY_MAX_OPEN_HIT,0.0,0.0,True,1.5,False,1.5
2026-07-27T13:14:54.407348+00:00,SMC,SELL,1.5,False,PER_STRATEGY_MAX_OPEN_HIT,0.0,0.0,True,1.5,False,1.5
2026-07-27T13:15:55.377094+00:00,SMC,SELL,1.5,False,PER_STRATEGY_MAX_OPEN_HIT,0.0,0.0,True,1.5,False,1.5
2026-07-27T13:16:55.799787+00:00,SMC,SELL,1.5,False,PER_STRATEGY_MAX_OPEN_HIT,0.0,0.0,True,1.5,False,1.5
2026-07-27T13:17:56.341450+00:00,SMC,SELL,1.5,False,PER_STRATEGY_MAX_OPEN_HIT,0.0,0.0,True,1.5,False,1.5
2026-07-27T13:18:57.857384+00:00,SMC,SELL,1.5,False,PER_STRATEGY_MAX_OPEN_HIT,0.0,0.0,True,1.5,False,1.5
2026-07-27T13:19:59.253152+00:00,SMC,SELL,1.5,False,PER_STRATEGY_MAX_OPEN_HIT,0.0,0.0,True,1.5,False,1.5
2026-07-27T13:21:01.126002+00:00,SMC,SELL,1.5,False,PER_STRATEGY_MAX_OPEN_HIT,0.0,0.0,True,1.5,False,1.5
2026-07-27T13:22:02.497541+00:00,SMC,SELL,1.5,False,PER_STRATEGY_MAX_OPEN_HIT,0.0,0.0,True,1.5,False,1.5
2026-07-27T13:23:03.953662+00:00,SMC,SELL,1.5,False,PER_STRATEGY_MAX_OPEN_HIT,0.0,0.0,True,1.5,False,1.5
2026-07-27T13:24:04.463840+00:00,SMC,SELL,1.5,False,PER_STRATEGY_MAX_OPEN_HIT,0.0,0.0,True,1.5,False,1.5
2026-07-27T13:36:25.058672+00:00,SMC,SELL,1.5,False,PER_STRATEGY_MAX_OPEN_HIT,0.0,0.0,True,1.5,False,1.5
2026-07-27T13:37:25.435955+00:00,SMC,SELL,1.5,False,PER_STRATEGY_MAX_OPEN_HIT,0.0,0.0,True,1.5,False,1.5
2026-07-27T13:38:25.839488+00:00,SMC,SELL,1.5,False,PER_STRATEGY_MAX_OPEN_HIT,0.0,0.0,True,1.5,False,1.5
2026-07-27T13:39:26.347460+00:00,SMC,SELL,1.5,False,PER_STRATEGY_MAX_OPEN_HIT,0.0,0.0,True,1.5,False,1.5
2026-07-27T13:40:26.863307+00:00,SMC,SELL,1.35,False,PER_STRATEGY_MAX_OPEN_HIT,0.0,0.0,True,1.35,False,1.35
2026-07-27T13:41:27.391944+00:00,SMC,SELL,1.35,False,PER_STRATEGY_MAX_OPEN_HIT,0.0,0.0,True,1.35,False,1.35
2026-07-27T13:42:27.836989+00:00,SMC,SELL,1.35,False,PER_STRATEGY_MAX_OPEN_HIT,0.0,0.0,True,1.35,False,1.35
2026-07-27T13:43:28.327203+00:00,SMC,SELL,1.5,False,PER_STRATEGY_MAX_OPEN_HIT,0.0,0.0,True,1.5,False,1.5
2026-07-27T13:44:28.749562+00:00,SMC,SELL,1.5,False,PER_STRATEGY_MAX_OPEN_HIT,0.0,0.0,True,1.5,False,1.5
2026-07-27T13:45:29.208994+00:00,SMC,SELL,1.5,False,PER_STRATEGY_MAX_OPEN_HIT,0.0,0.0,True,1.5,False,1.5
2026-07-27T13:46:29.661386+00:00,SMC,SELL,1.5,False,PER_STRATEGY_MAX_OPEN_HIT,0.0,0.0,True,1.5,False,1.5
2026-07-27T13:47:30.093080+00:00,SMC,SELL,1.5,False,PER_STRATEGY_MAX_OPEN_HIT,0.0,0.0,True,1.5,False,1.5
2026-07-27T13:51:30.709062+00:00,SMC,SELL,1.5,False,PER_STRATEGY_MAX_OPEN_HIT,0.0,0.0,True,1.5,False,1.5
2026-07-27T13:52:31.137821+00:00,SMC,SELL,1.5,False,PER_STRATEGY_MAX_OPEN_HIT,0.0,0.0,True,1.5,False,1.5
2026-07-27T13:53:31.586098+00:00,SMC,SELL,1.5,False,PER_STRATEGY_MAX_OPEN_HIT,0.0,0.0,True,1.5,False,1.5
2026-07-27T13:54:32.028395+00:00,SMC,SELL,1.5,False,PER_STRATEGY_MAX_OPEN_HIT,0.0,0.0,True,1.5,False,1.5
2026-07-27T13:55:32.487288+00:00,SMC,SELL,1.35,False,PER_STRATEGY_MAX_OPEN_HIT,0.0,0.0,True,1.35,False,1.35
2026-07-27T13:56:32.966691+00:00,SMC,SELL,1.5,False,PER_STRATEGY_MAX_OPEN_HIT,0.0,0.0,True,1.5,False,1.5
2026-07-27T13:57:33.417978+00:00,SMC,SELL,1.5,False,PER_STRATEGY_MAX_OPEN_HIT,0.0,0.0,True,1.5,False,1.5
2026-07-27T13:58:40.648297+00:00,SMC,SELL,1.5,False,PER_STRATEGY_MAX_OPEN_HIT,0.0,0.0,True,1.5,False,1.5
2026-07-27T13:59:41.119057+00:00,SMC,SELL,1.5,False,PER_STRATEGY_MAX_OPEN_HIT,0.0,0.0,True,1.5,False,1.5
2026-07-27T14:00:43.229448+00:00,SMC,SELL,1.5,False,PER_STRATEGY_MAX_OPEN_HIT,0.0,0.0,True,1.5,False,1.5
2026-07-27T14:01:43.719047+00:00,SMC,SELL,1.5,False,PER_STRATEGY_MAX_OPEN_HIT,0.0,0.0,True,1.5,False,1.5
2026-07-27T14:02:44.277236+00:00,SMC,SELL,1.5,False,PER_STRATEGY_MAX_OPEN_HIT,0.0,0.0,True,1.5,False,1.5
2026-07-27T14:03:44.740220+00:00,SMC,SELL,1.5,False,PER_STRATEGY_MAX_OPEN_HIT,0.0,0.0,True,1.5,False,1.5
2026-07-27T14:04:45.158192+00:00,SMC,SELL,1.5,False,PER_STRATEGY_MAX_OPEN_HIT,0.0,0.0,True,1.5,False,1.5
2026-07-27T14:20:51.986286+00:00,SMC,SELL,1.5,False,PER_STRATEGY_MAX_OPEN_HIT,0.0,0.0,True,1.5,False,1.5
2026-07-27T14:21:52.458104+00:00,SMC,SELL,1.35,False,PER_STRATEGY_MAX_OPEN_HIT,0.0,0.0,True,1.35,False,1.35
2026-07-27T14:22:52.968356+00:00,SMC,SELL,1.5,False,PER_STRATEGY_MAX_OPEN_HIT,0.0,0.0,True,1.5,False,1.5
2026-07-27T14:23:53.515660+00:00,SMC,SELL,1.5,False,PER_STRATEGY_MAX_OPEN_HIT,0.0,0.0,True,1.5,False,1.5
2026-07-27T14:24:53.985899+00:00,SMC,SELL,1.35,False,PER_STRATEGY_MAX_OPEN_HIT,0.0,0.0,True,1.35,False,1.35
2026-07-27T14:35:56.830543+00:00,SMC,SELL,1.5,False,PER_STRATEGY_MAX_OPEN_HIT,0.0,0.0,True,1.5,False,1.5
2026-07-27T14:36:57.277497+00:00,SMC,SELL,1.5,False,PER_STRATEGY_MAX_OPEN_HIT,0.0,0.0,True,1.5,False,1.5
2026-07-27T14:37:57.830220+00:00,SMC,SELL,1.5,False,PER_STRATEGY_MAX_OPEN_HIT,0.0,0.0,True,1.5,False,1.5
2026-07-27T14:38:58.306309+00:00,SMC,SELL,1.5,False,PER_STRATEGY_MAX_OPEN_HIT,0.0,0.0,True,1.5,False,1.5
2026-07-27T14:39:58.768426+00:00,SMC,SELL,1.35,False,PER_STRATEGY_MAX_OPEN_HIT,0.0,0.0,True,1.35,False,1.35
2026-07-27T14:40:59.349566+00:00,SMC,SELL,1.5,False,PER_STRATEGY_MAX_OPEN_HIT,0.0,0.0,True,1.5,False,1.5
2026-07-27T14:41:59.795484+00:00,SMC,SELL,1.5,False,PER_STRATEGY_MAX_OPEN_HIT,0.0,0.0,True,1.5,False,1.5
2026-07-27T14:43:00.277772+00:00,SMC,SELL,1.5,False,PER_STRATEGY_MAX_OPEN_HIT,0.0,0.0,True,1.5,False,1.5
2026-07-27T14:44:00.747001+00:00,SMC,SELL,1.5,False,PER_STRATEGY_MAX_OPEN_HIT,0.0,0.0,True,1.5,False,1.5
2026-07-27T14:45:01.180717+00:00,SMC,SELL,1.5,False,PER_STRATEGY_MAX_OPEN_HIT,0.0,0.0,True,1.5,False,1.5
2026-07-27T14:46:01.651485+00:00,SMC,SELL,1.35,False,PER_STRATEGY_MAX_OPEN_HIT,0.0,0.0,True,1.35,False,1.35
2026-07-27T14:47:02.206147+00:00,SMC,SELL,1.5,False,PER_STRATEGY_MAX_OPEN_HIT,0.0,0.0,True,1.5,False,1.5
2026-07-27T14:48:02.649130+00:00,SMC,SELL,1.5,True,,0.75,0.07,True,1.5,True,0.75
2026-07-27T14:48:03.953024+00:00,MICRO,BUY,1.35,True,,0.75,0.07,True,1.35,True,0.6
2026-07-27T14:52:06.542432+00:00,SMC,SELL,1.35,False,PER_STRATEGY_MAX_OPEN_HIT,0.0,0.0,True,1.35,False,1.35
2026-07-27T14:53:07.004693+00:00,SMC,SELL,1.35,False,PER_STRATEGY_MAX_OPEN_HIT,0.0,0.0,True,1.35,False,1.35
2026-07-27T14:54:07.467947+00:00,SMC,SELL,1.5,False,PER_STRATEGY_MAX_OPEN_HIT,0.0,0.0,True,1.5,False,1.5
2026-07-27T15:10:13.442017+00:00,SMC,SELL,1.5,False,PER_STRATEGY_MAX_OPEN_HIT,0.0,0.0,True,1.5,False,1.5
2026-07-27T15:11:13.925745+00:00,SMC,SELL,1.5,False,PER_STRATEGY_MAX_OPEN_HIT,0.0,0.0,True,1.5,False,1.5
2026-07-27T15:12:14.405983+00:00,SMC,SELL,1.5,False,PER_STRATEGY_MAX_OPEN_HIT,0.0,0.0,True,1.5,False,1.5
2026-07-27T15:13:14.890616+00:00,SMC,SELL,1.5,False,PER_STRATEGY_MAX_OPEN_HIT,0.0,0.0,True,1.5,False,1.5
2026-07-27T15:24:15.591899+00:00,SMC,SELL,1.5,True,,0.75,0.07,True,1.5,True,0.75
2026-07-27T15:28:18.774243+00:00,SMC,SELL,1.5,False,PER_STRATEGY_MAX_OPEN_HIT,0.0,0.0,True,1.5,False,1.5
2026-07-27T15:29:19.249777+00:00,SMC,SELL,1.5,False,PER_STRATEGY_MAX_OPEN_HIT,0.0,0.0,True,1.5,False,1.5
2026-07-27T15:30:19.766890+00:00,SMC,SELL,1.5,False,PER_STRATEGY_MAX_OPEN_HIT,0.0,0.0,True,1.5,False,1.5
2026-07-27T15:33:20.316302+00:00,SMC,SELL,1.35,False,PER_STRATEGY_MAX_OPEN_HIT,0.0,0.0,True,1.35,False,1.35
2026-07-27T15:34:21.028157+00:00,SMC,SELL,1.5,False,PER_STRATEGY_MAX_OPEN_HIT,0.0,0.0,True,1.5,False,1.5
2026-07-27T15:35:21.499537+00:00,SMC,SELL,1.5,False,PER_STRATEGY_MAX_OPEN_HIT,0.0,0.0,True,1.5,False,1.5
2026-07-27T15:36:21.974799+00:00,SMC,SELL,1.5,False,PER_STRATEGY_MAX_OPEN_HIT,0.0,0.0,True,1.5,False,1.5
2026-07-27T15:37:22.439809+00:00,SMC,SELL,1.5,False,PER_STRATEGY_MAX_OPEN_HIT,0.0,0.0,True,1.5,False,1.5
2026-07-27T15:38:22.969401+00:00,SMC,SELL,1.5,False,PER_STRATEGY_MAX_OPEN_HIT,0.0,0.0,True,1.5,False,1.5
2026-07-27T15:39:23.469163+00:00,SMC,SELL,1.5,False,PER_STRATEGY_MAX_OPEN_HIT,0.0,0.0,True,1.5,False,1.5
2026-07-27T15:40:23.950946+00:00,SMC,SELL,1.5,False,PER_STRATEGY_MAX_OPEN_HIT,0.0,0.0,True,1.5,False,1.5
2026-07-27T15:41:24.484073+00:00,SMC,SELL,1.5,False,PER_STRATEGY_MAX_OPEN_HIT,0.0,0.0,True,1.5,False,1.5
2026-07-27T15:42:24.961865+00:00,SMC,SELL,1.5,False,PER_STRATEGY_MAX_OPEN_HIT,0.0,0.0,True,1.5,False,1.5
2026-07-27T15:43:25.455236+00:00,SMC,SELL,1.5,False,PER_STRATEGY_MAX_OPEN_HIT,0.0,0.0,True,1.5,False,1.5
2026-07-27T15:46:26.031865+00:00,SMC,SELL,1.5,False,PER_STRATEGY_MAX_OPEN_HIT,0.0,0.0,True,1.5,False,1.5
2026-07-27T15:47:26.452740+00:00,SMC,SELL,1.5,False,PER_STRATEGY_MAX_OPEN_HIT,0.0,0.0,True,1.5,False,1.5
2026-07-27T15:48:26.894423+00:00,SMC,SELL,1.5,False,PER_STRATEGY_MAX_OPEN_HIT,0.0,0.0,True,1.5,False,1.5
2026-07-27T15:49:27.367472+00:00,SMC,SELL,1.5,False,PER_STRATEGY_MAX_OPEN_HIT,0.0,0.0,True,1.5,False,1.5
2026-07-27T15:57:28.052152+00:00,SMC,SELL,1.5,False,PER_STRATEGY_MAX_OPEN_HIT,0.0,0.0,True,1.5,False,1.5
2026-07-27T16:04:30.781776+00:00,SMC,SELL,1.5,False,PER_STRATEGY_MAX_OPEN_HIT,0.0,0.0,True,1.5,False,1.5
2026-07-27T16:06:31.787672+00:00,SMC,SELL,1.5,False,PER_STRATEGY_MAX_OPEN_HIT,0.0,0.0,True,1.5,False,1.5
2026-07-27T16:49:52.729205+00:00,SMC,SELL,1.5,True,,0.75,0.07,True,1.5,True,0.75
2026-07-27T16:49:53.312552+00:00,MICRO,SELL,1.35,True,,0.75,0.07,True,1.35,True,0.6
2026-07-27T16:52:55.392195+00:00,MICRO,SELL,1.35,False,PER_STRATEGY_MAX_OPEN_HIT,0.0,0.0,True,1.35,False,1.35
2026-07-27T16:53:55.848720+00:00,SMC,SELL,1.5,False,PER_STRATEGY_MAX_OPEN_HIT,0.0,0.0,True,1.5,False,1.5
2026-07-27T16:54:56.258961+00:00,SMC,SELL,1.5,False,PER_STRATEGY_MAX_OPEN_HIT,0.0,0.0,True,1.5,False,1.5
2026-07-27T16:56:56.698330+00:00,SMC,SELL,1.5,False,PER_STRATEGY_MAX_OPEN_HIT,0.0,0.0,True,1.5,False,1.5
2026-07-27T16:57:57.129929+00:00,SMC,SELL,1.5,False,PER_STRATEGY_MAX_OPEN_HIT,0.0,0.0,True,1.5,False,1.5
2026-07-27T16:58:57.510382+00:00,SMC,SELL,1.5,False,PER_STRATEGY_MAX_OPEN_HIT,0.0,0.0,True,1.5,False,1.5
2026-07-27T16:59:57.929672+00:00,SMC,SELL,1.5,False,PER_STRATEGY_MAX_OPEN_HIT,0.0,0.0,True,1.5,False,1.5
2026-07-27T17:02:58.712340+00:00,SMC,SELL,1.35,False,PER_STRATEGY_MAX_OPEN_HIT,0.0,0.0,True,1.35,False,1.35
2026-07-27T17:03:59.214243+00:00,SMC,SELL,1.35,False,PER_STRATEGY_MAX_OPEN_HIT,0.0,0.0,True,1.35,False,1.35
2026-07-27T17:04:59.612937+00:00,SMC,SELL,1.35,False,PER_STRATEGY_MAX_OPEN_HIT,0.0,0.0,True,1.35,False,1.35
2026-07-27T17:06:00.013988+00:00,SMC,SELL,1.35,False,PER_STRATEGY_MAX_OPEN_HIT,0.0,0.0,True,1.35,False,1.35
2026-07-27T17:07:01.025876+00:00,SMC,SELL,1.35,False,PER_STRATEGY_MAX_OPEN_HIT,0.0,0.0,True,1.35,False,1.35
2026-07-27T17:08:01.623851+00:00,SMC,SELL,1.35,False,PER_STRATEGY_MAX_OPEN_HIT,0.0,0.0,True,1.35,False,1.35
2026-07-27T17:09:02.391866+00:00,SMC,SELL,1.35,False,PER_STRATEGY_MAX_OPEN_HIT,0.0,0.0,True,1.35,False,1.35
2026-07-27T17:10:02.801577+00:00,SMC,SELL,1.35,False,PER_STRATEGY_MAX_OPEN_HIT,0.0,0.0,True,1.35,False,1.35
2026-07-27T17:11:03.180532+00:00,SMC,SELL,1.35,False,PER_STRATEGY_MAX_OPEN_HIT,0.0,0.0,True,1.35,False,1.35
2026-07-27T17:12:03.682171+00:00,SMC,SELL,1.35,False,PER_STRATEGY_MAX_OPEN_HIT,0.0,0.0,True,1.35,False,1.35
2026-07-27T17:13:04.103809+00:00,SMC,SELL,1.35,False,PER_STRATEGY_MAX_OPEN_HIT,0.0,0.0,True,1.35,False,1.35
2026-07-27T17:14:04.480299+00:00,SMC,SELL,1.35,False,PER_STRATEGY_MAX_OPEN_HIT,0.0,0.0,True,1.35,False,1.35
2026-07-27T17:15:04.880875+00:00,SMC,SELL,1.35,False,PER_STRATEGY_MAX_OPEN_HIT,0.0,0.0,True,1.35,False,1.35
2026-07-27T17:16:05.309383+00:00,SMC,SELL,1.35,False,PER_STRATEGY_MAX_OPEN_HIT,0.0,0.0,True,1.35,False,1.35
2026-07-27T17:17:05.728140+00:00,SMC,SELL,1.35,False,PER_STRATEGY_MAX_OPEN_HIT,0.0,0.0,True,1.35,False,1.35
2026-07-27T17:18:06.173063+00:00,SMC,SELL,1.35,False,PER_STRATEGY_MAX_OPEN_HIT,0.0,0.0,True,1.35,False,1.35
2026-07-27T17:19:06.558976+00:00,SMC,SELL,1.35,False,PER_STRATEGY_MAX_OPEN_HIT,0.0,0.0,True,1.35,False,1.35
2026-07-27T17:21:07.447174+00:00,SMC,SELL,1.35,False,PER_STRATEGY_MAX_OPEN_HIT,0.0,0.0,True,1.35,False,1.35
2026-07-27T17:22:07.879406+00:00,SMC,SELL,1.35,False,PER_STRATEGY_MAX_OPEN_HIT,0.0,0.0,True,1.35,False,1.35
2026-07-27T17:23:08.310534+00:00,SMC,SELL,1.35,False,PER_STRATEGY_MAX_OPEN_HIT,0.0,0.0,True,1.35,False,1.35
2026-07-27T17:24:08.690900+00:00,SMC,SELL,1.35,False,PER_STRATEGY_MAX_OPEN_HIT,0.0,0.0,True,1.35,False,1.35
2026-07-27T17:25:09.093634+00:00,SMC,SELL,1.35,False,PER_STRATEGY_MAX_OPEN_HIT,0.0,0.0,True,1.35,False,1.35
2026-07-27T17:26:09.482147+00:00,SMC,SELL,1.35,False,PER_STRATEGY_MAX_OPEN_HIT,0.0,0.0,True,1.35,False,1.35
2026-07-27T17:27:09.893155+00:00,SMC,SELL,1.35,False,PER_STRATEGY_MAX_OPEN_HIT,0.0,0.0,True,1.35,False,1.35
2026-07-27T17:28:10.329703+00:00,SMC,SELL,1.35,False,PER_STRATEGY_MAX_OPEN_HIT,0.0,0.0,True,1.35,False,1.35
2026-07-27T17:29:10.702154+00:00,SMC,SELL,1.35,False,PER_STRATEGY_MAX_OPEN_HIT,0.0,0.0,True,1.35,False,1.35
2026-07-27T17:30:11.094572+00:00,SMC,SELL,1.35,False,PER_STRATEGY_MAX_OPEN_HIT,0.0,0.0,True,1.35,False,1.35
2026-07-27T17:31:11.479719+00:00,SMC,SELL,1.35,False,PER_STRATEGY_MAX_OPEN_HIT,0.0,0.0,True,1.35,False,1.35
2026-07-27T17:32:11.885401+00:00,SMC,SELL,1.35,False,PER_STRATEGY_MAX_OPEN_HIT,0.0,0.0,True,1.35,False,1.35
2026-07-27T17:33:12.332883+00:00,SMC,SELL,1.35,False,PER_STRATEGY_MAX_OPEN_HIT,0.0,0.0,True,1.35,False,1.35
2026-07-27T17:34:12.722713+00:00,SMC,SELL,1.35,False,PER_STRATEGY_MAX_OPEN_HIT,0.0,0.0,True,1.35,False,1.35
2026-07-27T17:35:13.133636+00:00,SMC,SELL,1.35,False,PER_STRATEGY_MAX_OPEN_HIT,0.0,0.0,True,1.35,False,1.35
2026-07-27T17:36:13.533598+00:00,SMC,SELL,1.35,False,PER_STRATEGY_MAX_OPEN_HIT,0.0,0.0,True,1.35,False,1.35
2026-07-27T17:37:13.928156+00:00,SMC,SELL,1.35,False,PER_STRATEGY_MAX_OPEN_HIT,0.0,0.0,True,1.35,False,1.35
2026-07-27T17:38:14.363939+00:00,SMC,SELL,1.35,False,PER_STRATEGY_MAX_OPEN_HIT,0.0,0.0,True,1.35,False,1.35
2026-07-27T17:39:14.737322+00:00,SMC,SELL,1.35,False,PER_STRATEGY_MAX_OPEN_HIT,0.0,0.0,True,1.35,False,1.35
2026-07-27T17:40:15.121707+00:00,SMC,SELL,1.35,False,PER_STRATEGY_MAX_OPEN_HIT,0.0,0.0,True,1.35,False,1.35
2026-07-27T17:41:15.511333+00:00,SMC,SELL,1.35,False,PER_STRATEGY_MAX_OPEN_HIT,0.0,0.0,True,1.35,False,1.35
2026-07-27T17:42:15.918586+00:00,SMC,SELL,1.35,False,PER_STRATEGY_MAX_OPEN_HIT,0.0,0.0,True,1.35,False,1.35
2026-07-27T17:43:16.362237+00:00,SMC,SELL,1.35,False,PER_STRATEGY_MAX_OPEN_HIT,0.0,0.0,True,1.35,False,1.35
2026-07-27T17:44:16.752377+00:00,SMC,SELL,1.35,False,PER_STRATEGY_MAX_OPEN_HIT,0.0,0.0,True,1.35,False,1.35
2026-07-27T17:45:17.184735+00:00,SMC,SELL,1.35,False,PER_STRATEGY_MAX_OPEN_HIT,0.0,0.0,True,1.35,False,1.35
2026-07-27T17:46:17.588428+00:00,SMC,SELL,1.35,False,PER_STRATEGY_MAX_OPEN_HIT,0.0,0.0,True,1.35,False,1.35
2026-07-27T17:47:17.985463+00:00,SMC,SELL,1.35,False,PER_STRATEGY_MAX_OPEN_HIT,0.0,0.0,True,1.35,False,1.35
2026-07-27T17:48:18.406087+00:00,SMC,SELL,1.35,False,PER_STRATEGY_MAX_OPEN_HIT,0.0,0.0,True,1.35,False,1.35
2026-07-27T17:49:18.782139+00:00,SMC,SELL,1.35,False,PER_STRATEGY_MAX_OPEN_HIT,0.0,0.0,True,1.35,False,1.35
2026-07-27T17:50:19.179183+00:00,SMC,SELL,1.35,False,PER_STRATEGY_MAX_OPEN_HIT,0.0,0.0,True,1.35,False,1.35
2026-07-27T17:51:19.574523+00:00,SMC,SELL,1.35,False,PER_STRATEGY_MAX_OPEN_HIT,0.0,0.0,True,1.35,False,1.35
2026-07-27T17:52:19.965536+00:00,SMC,SELL,1.35,False,PER_STRATEGY_MAX_OPEN_HIT,0.0,0.0,True,1.35,False,1.35
2026-07-27T17:53:20.389848+00:00,SMC,SELL,1.35,False,PER_STRATEGY_MAX_OPEN_HIT,0.0,0.0,True,1.35,False,1.35
2026-07-27T17:54:20.775942+00:00,SMC,SELL,1.35,False,PER_STRATEGY_MAX_OPEN_HIT,0.0,0.0,True,1.35,False,1.35
2026-07-27T17:55:21.168921+00:00,SMC,SELL,1.35,False,PER_STRATEGY_MAX_OPEN_HIT,0.0,0.0,True,1.35,False,1.35
2026-07-27T17:56:21.566150+00:00,SMC,SELL,1.35,False,PER_STRATEGY_MAX_OPEN_HIT,0.0,0.0,True,1.35,False,1.35
2026-07-27T17:57:21.962165+00:00,SMC,SELL,1.35,False,PER_STRATEGY_MAX_OPEN_HIT,0.0,0.0,True,1.35,False,1.35
2026-07-27T17:58:22.406139+00:00,SMC,SELL,1.35,False,PER_STRATEGY_MAX_OPEN_HIT,0.0,0.0,True,1.35,False,1.35
2026-07-27T17:59:22.806097+00:00,SMC,SELL,1.35,False,PER_STRATEGY_MAX_OPEN_HIT,0.0,0.0,True,1.35,False,1.35
2026-07-27T18:02:24.739558+00:00,SMC,SELL,1.35,False,PER_STRATEGY_MAX_OPEN_HIT,0.0,0.0,True,1.35,False,1.35
2026-07-27T18:03:25.194514+00:00,SMC,SELL,1.35,False,PER_STRATEGY_MAX_OPEN_HIT,0.0,0.0,True,1.35,False,1.35
2026-07-27T18:04:25.561923+00:00,SMC,SELL,1.35,True,,0.75,0.07,True,1.35,True,0.6
2026-07-27T18:04:26.131724+00:00,MICRO,BUY,1.35,True,,0.75,0.07,True,1.35,True,0.6
2026-07-27T18:08:28.170519+00:00,SMC,SELL,1.35,False,PER_STRATEGY_MAX_OPEN_HIT,0.0,0.0,True,1.35,False,1.35
2026-07-27T18:09:28.550990+00:00,SMC,SELL,1.35,False,PER_STRATEGY_MAX_OPEN_HIT,0.0,0.0,True,1.35,False,1.35
2026-07-27T18:12:29.872835+00:00,SMC,SELL,1.35,False,PER_STRATEGY_MAX_OPEN_HIT,0.0,0.0,True,1.35,False,1.35
2026-07-27T18:13:30.314410+00:00,SMC,SELL,1.35,False,PER_STRATEGY_MAX_OPEN_HIT,0.0,0.0,True,1.35,False,1.35
2026-07-27T18:14:30.683756+00:00,SMC,SELL,1.35,False,PER_STRATEGY_MAX_OPEN_HIT,0.0,0.0,True,1.35,False,1.35
2026-07-27T18:15:31.097000+00:00,SMC,SELL,1.35,False,PER_STRATEGY_MAX_OPEN_HIT,0.0,0.0,True,1.35,False,1.35
2026-07-27T18:16:31.492135+00:00,SMC,SELL,1.35,False,PER_STRATEGY_MAX_OPEN_HIT,0.0,0.0,True,1.35,False,1.35
2026-07-27T18:17:31.908227+00:00,SMC,SELL,1.35,False,PER_STRATEGY_MAX_OPEN_HIT,0.0,0.0,True,1.35,False,1.35
2026-07-27T18:18:32.345092+00:00,SMC,SELL,1.35,False,PER_STRATEGY_MAX_OPEN_HIT,0.0,0.0,True,1.35,False,1.35
2026-07-27T18:19:32.741132+00:00,SMC,SELL,1.35,False,PER_STRATEGY_MAX_OPEN_HIT,0.0,0.0,True,1.35,False,1.35
2026-07-27T18:20:33.145572+00:00,SMC,SELL,1.35,False,PER_STRATEGY_MAX_OPEN_HIT,0.0,0.0,True,1.35,False,1.35
2026-07-27T18:21:33.570461+00:00,SMC,SELL,1.35,False,PER_STRATEGY_MAX_OPEN_HIT,0.0,0.0,True,1.35,False,1.35
2026-07-27T18:22:33.985312+00:00,SMC,SELL,1.35,False,PER_STRATEGY_MAX_OPEN_HIT,0.0,0.0,True,1.35,False,1.35
2026-07-27T18:23:34.453088+00:00,SMC,SELL,1.35,False,PER_STRATEGY_MAX_OPEN_HIT,0.0,0.0,True,1.35,False,1.35
2026-07-27T18:24:34.848008+00:00,SMC,SELL,1.35,False,PER_STRATEGY_MAX_OPEN_HIT,0.0,0.0,True,1.35,False,1.35
2026-07-27T18:25:35.262032+00:00,SMC,SELL,1.35,False,PER_STRATEGY_MAX_OPEN_HIT,0.0,0.0,True,1.35,False,1.35
2026-07-27T18:26:35.668782+00:00,SMC,SELL,1.35,False,PER_STRATEGY_MAX_OPEN_HIT,0.0,0.0,True,1.35,False,1.35
2026-07-27T18:27:36.106372+00:00,SMC,SELL,1.35,False,PER_STRATEGY_MAX_OPEN_HIT,0.0,0.0,True,1.35,False,1.35
2026-07-27T18:28:36.532063+00:00,SMC,SELL,1.35,False,PER_STRATEGY_MAX_OPEN_HIT,0.0,0.0,True,1.35,False,1.35
2026-07-27T18:29:36.925727+00:00,SMC,SELL,1.35,False,PER_STRATEGY_MAX_OPEN_HIT,0.0,0.0,True,1.35,False,1.35
2026-07-27T18:30:37.343638+00:00,SMC,SELL,1.35,False,PER_STRATEGY_MAX_OPEN_HIT,0.0,0.0,True,1.35,False,1.35
2026-07-27T18:31:37.758072+00:00,SMC,SELL,1.35,False,PER_STRATEGY_MAX_OPEN_HIT,0.0,0.0,True,1.35,False,1.35
2026-07-27T18:32:38.192699+00:00,SMC,SELL,1.35,False,PER_STRATEGY_MAX_OPEN_HIT,0.0,0.0,True,1.35,False,1.35
2026-07-27T18:33:38.633730+00:00,SMC,SELL,1.35,False,PER_STRATEGY_MAX_OPEN_HIT,0.0,0.0,True,1.35,False,1.35
2026-07-27T18:34:39.027575+00:00,SMC,SELL,1.35,False,PER_STRATEGY_MAX_OPEN_HIT,0.0,0.0,True,1.35,False,1.35
2026-07-27T18:35:39.430144+00:00,SMC,SELL,1.35,False,PER_STRATEGY_MAX_OPEN_HIT,0.0,0.0,True,1.35,False,1.35
2026-07-27T18:36:39.839708+00:00,SMC,SELL,1.35,False,PER_STRATEGY_MAX_OPEN_HIT,0.0,0.0,True,1.35,False,1.35
2026-07-27T18:37:40.263566+00:00,SMC,SELL,1.35,False,PER_STRATEGY_MAX_OPEN_HIT,0.0,0.0,True,1.35,False,1.35
2026-07-27T18:38:40.693948+00:00,SMC,SELL,1.35,False,PER_STRATEGY_MAX_OPEN_HIT,0.0,0.0,True,1.35,False,1.35
2026-07-27T18:39:41.091774+00:00,SMC,SELL,1.35,False,PER_STRATEGY_MAX_OPEN_HIT,0.0,0.0,True,1.35,False,1.35
2026-07-27T18:40:41.511739+00:00,SMC,SELL,1.35,False,PER_STRATEGY_MAX_OPEN_HIT,0.0,0.0,True,1.35,False,1.35
2026-07-27T18:41:41.904199+00:00,SMC,SELL,1.35,False,PER_STRATEGY_MAX_OPEN_HIT,0.0,0.0,True,1.35,False,1.35
2026-07-27T18:42:42.313915+00:00,SMC,SELL,1.35,False,PER_STRATEGY_MAX_OPEN_HIT,0.0,0.0,True,1.35,False,1.35
2026-07-27T18:43:42.769764+00:00,SMC,SELL,1.35,False,PER_STRATEGY_MAX_OPEN_HIT,0.0,0.0,True,1.35,False,1.35
2026-07-27T18:44:43.142769+00:00,SMC,SELL,1.35,False,PER_STRATEGY_MAX_OPEN_HIT,0.0,0.0,True,1.35,False,1.35
2026-07-27T18:45:43.570770+00:00,SMC,SELL,1.35,False,PER_STRATEGY_MAX_OPEN_HIT,0.0,0.0,True,1.35,False,1.35
2026-07-27T18:46:43.977782+00:00,SMC,SELL,1.35,False,PER_STRATEGY_MAX_OPEN_HIT,0.0,0.0,True,1.35,False,1.35
2026-07-27T18:47:44.398467+00:00,SMC,SELL,1.35,False,PER_STRATEGY_MAX_OPEN_HIT,0.0,0.0,True,1.35,False,1.35
2026-07-27T18:48:44.834725+00:00,SMC,SELL,1.35,False,PER_STRATEGY_MAX_OPEN_HIT,0.0,0.0,True,1.35,False,1.35
2026-07-27T18:49:45.227916+00:00,SMC,SELL,1.35,False,PER_STRATEGY_MAX_OPEN_HIT,0.0,0.0,True,1.35,False,1.35
2026-07-27T18:50:45.639809+00:00,SMC,SELL,1.35,False,PER_STRATEGY_MAX_OPEN_HIT,0.0,0.0,True,1.35,False,1.35
2026-07-27T18:51:46.051204+00:00,SMC,SELL,1.35,False,PER_STRATEGY_MAX_OPEN_HIT,0.0,0.0,True,1.35,False,1.35
2026-07-27T18:52:46.480243+00:00,SMC,SELL,1.35,False,PER_STRATEGY_MAX_OPEN_HIT,0.0,0.0,True,1.35,False,1.35
2026-07-27T18:53:47.216353+00:00,SMC,SELL,1.35,False,PER_STRATEGY_MAX_OPEN_HIT,0.0,0.0,True,1.35,False,1.35
2026-07-27T18:54:47.603160+00:00,SMC,SELL,1.35,False,PER_STRATEGY_MAX_OPEN_HIT,0.0,0.0,True,1.35,False,1.35
2026-07-27T19:05:50.536284+00:00,SMC,SELL,1.35,False,PER_STRATEGY_MAX_OPEN_HIT,0.0,0.0,True,1.35,False,1.35
2026-07-27T19:06:51.102064+00:00,SMC,SELL,1.35,False,PER_STRATEGY_MAX_OPEN_HIT,0.0,0.0,True,1.35,False,1.35
2026-07-27T19:07:51.557404+00:00,SMC,SELL,1.35,False,PER_STRATEGY_MAX_OPEN_HIT,0.0,0.0,True,1.35,False,1.35
2026-07-27T19:50:15.188608+00:00,SMC,SELL,1.35,False,PER_STRATEGY_MAX_OPEN_HIT,0.0,0.0,True,1.35,False,1.35
2026-07-27T19:51:15.573615+00:00,SMC,SELL,1.35,False,PER_STRATEGY_MAX_OPEN_HIT,0.0,0.0,True,1.35,False,1.35
2026-07-27T19:52:15.982419+00:00,SMC,SELL,1.35,False,PER_STRATEGY_MAX_OPEN_HIT,0.0,0.0,True,1.35,False,1.35
2026-07-27T19:53:16.383830+00:00,SMC,SELL,1.35,False,PER_STRATEGY_MAX_OPEN_HIT,0.0,0.0,True,1.35,False,1.35
2026-07-27T19:54:16.780079+00:00,SMC,SELL,1.35,False,PER_STRATEGY_MAX_OPEN_HIT,0.0,0.0,True,1.35,False,1.35
2026-07-27T19:55:17.198052+00:00,SMC,SELL,1.35,False,PER_STRATEGY_MAX_OPEN_HIT,0.0,0.0,True,1.35,False,1.35
2026-07-27T19:56:17.636885+00:00,SMC,SELL,1.35,False,PER_STRATEGY_MAX_OPEN_HIT,0.0,0.0,True,1.35,False,1.35
2026-07-27T19:57:18.028848+00:00,SMC,SELL,1.35,False,PER_STRATEGY_MAX_OPEN_HIT,0.0,0.0,True,1.35,False,1.35
2026-07-27T19:58:18.457130+00:00,SMC,SELL,1.35,False,PER_STRATEGY_MAX_OPEN_HIT,0.0,0.0,True,1.35,False,1.35
2026-07-27T19:59:18.848190+00:00,SMC,SELL,1.35,False,PER_STRATEGY_MAX_OPEN_HIT,0.0,0.0,True,1.35,False,1.35
2026-07-27T20:00:19.262609+00:00,SMC,SELL,1.35,False,PER_STRATEGY_MAX_OPEN_HIT,0.0,0.0,True,1.35,False,1.35
2026-07-27T20:01:19.700918+00:00,SMC,SELL,1.35,False,PER_STRATEGY_MAX_OPEN_HIT,0.0,0.0,True,1.35,False,1.35
2026-07-27T20:02:20.083114+00:00,SMC,SELL,1.35,False,PER_STRATEGY_MAX_OPEN_HIT,0.0,0.0,True,1.35,False,1.35
2026-07-27T20:03:20.524627+00:00,SMC,SELL,1.35,False,PER_STRATEGY_MAX_OPEN_HIT,0.0,0.0,True,1.35,False,1.35
2026-07-27T20:04:20.938545+00:00,SMC,SELL,1.35,False,PER_STRATEGY_MAX_OPEN_HIT,0.0,0.0,True,1.35,False,1.35
2026-07-27T20:05:21.378546+00:00,SMC,SELL,1.35,False,PER_STRATEGY_MAX_OPEN_HIT,0.0,0.0,True,1.35,False,1.35
2026-07-27T20:06:21.830541+00:00,SMC,SELL,1.35,False,PER_STRATEGY_MAX_OPEN_HIT,0.0,0.0,True,1.35,False,1.35
2026-07-27T20:07:22.231636+00:00,SMC,SELL,1.35,False,PER_STRATEGY_MAX_OPEN_HIT,0.0,0.0,True,1.35,False,1.35
2026-07-27T20:08:22.646976+00:00,SMC,SELL,1.35,False,PER_STRATEGY_MAX_OPEN_HIT,0.0,0.0,True,1.35,False,1.35
2026-07-27T20:09:23.090217+00:00,SMC,SELL,1.35,False,PER_STRATEGY_MAX_OPEN_HIT,0.0,0.0,True,1.35,False,1.35
2026-07-27T20:10:23.528854+00:00,SMC,SELL,1.35,False,PER_STRATEGY_MAX_OPEN_HIT,0.0,0.0,True,1.35,False,1.35
2026-07-27T20:11:23.959417+00:00,SMC,SELL,1.35,False,PER_STRATEGY_MAX_OPEN_HIT,0.0,0.0,True,1.35,False,1.35
2026-07-27T20:12:24.367345+00:00,SMC,SELL,1.35,False,PER_STRATEGY_MAX_OPEN_HIT,0.0,0.0,True,1.35,False,1.35
2026-07-27T20:13:24.790929+00:00,SMC,SELL,1.35,False,PER_STRATEGY_MAX_OPEN_HIT,0.0,0.0,True,1.35,False,1.35
2026-07-27T20:14:25.232475+00:00,SMC,SELL,1.35,False,PER_STRATEGY_MAX_OPEN_HIT,0.0,0.0,True,1.35,False,1.35
2026-07-27T20:15:25.621678+00:00,SMC,SELL,1.35,False,PER_STRATEGY_MAX_OPEN_HIT,0.0,0.0,True,1.35,False,1.35
2026-07-27T20:16:26.060366+00:00,SMC,SELL,1.35,False,PER_STRATEGY_MAX_OPEN_HIT,0.0,0.0,True,1.35,False,1.35
2026-07-27T20:17:26.442985+00:00,SMC,SELL,1.35,False,PER_STRATEGY_MAX_OPEN_HIT,0.0,0.0,True,1.35,False,1.35
2026-07-27T20:18:26.820636+00:00,SMC,SELL,1.35,False,PER_STRATEGY_MAX_OPEN_HIT,0.0,0.0,True,1.35,False,1.35
2026-07-27T20:19:27.244753+00:00,SMC,SELL,1.35,False,PER_STRATEGY_MAX_OPEN_HIT,0.0,0.0,True,1.35,False,1.35
2026-07-27T20:20:27.644257+00:00,SMC,SELL,1.35,False,PER_STRATEGY_MAX_OPEN_HIT,0.0,0.0,True,1.35,False,1.35
2026-07-27T20:21:28.082726+00:00,SMC,SELL,1.35,False,PER_STRATEGY_MAX_OPEN_HIT,0.0,0.0,True,1.35,False,1.35
2026-07-27T20:22:28.446941+00:00,SMC,SELL,1.35,False,PER_STRATEGY_MAX_OPEN_HIT,0.0,0.0,True,1.35,False,1.35
2026-07-27T20:23:28.861067+00:00,SMC,SELL,1.35,False,PER_STRATEGY_MAX_OPEN_HIT,0.0,0.0,True,1.35,False,1.35
2026-07-27T20:24:29.274373+00:00,SMC,SELL,1.35,False,PER_STRATEGY_MAX_OPEN_HIT,0.0,0.0,True,1.35,False,1.35
2026-07-27T20:35:31.928751+00:00,SMC,SELL,1.35,False,PER_STRATEGY_MAX_OPEN_HIT,0.0,0.0,True,1.35,False,1.35
2026-07-27T20:36:32.332473+00:00,SMC,SELL,1.35,False,PER_STRATEGY_MAX_OPEN_HIT,0.0,0.0,True,1.35,False,1.35
2026-07-27T20:37:32.727602+00:00,SMC,SELL,1.35,False,PER_STRATEGY_MAX_OPEN_HIT,0.0,0.0,True,1.35,False,1.35
2026-07-27T20:38:33.123200+00:00,SMC,SELL,1.35,False,PER_STRATEGY_MAX_OPEN_HIT,0.0,0.0,True,1.35,False,1.35
2026-07-27T20:39:33.525051+00:00,SMC,SELL,1.35,False,PER_STRATEGY_MAX_OPEN_HIT,0.0,0.0,True,1.35,False,1.35
2026-07-27T20:40:33.983615+00:00,SMC,SELL,1.35,False,PER_STRATEGY_MAX_OPEN_HIT,0.0,0.0,True,1.35,False,1.35
2026-07-27T20:41:34.385452+00:00,SMC,SELL,1.35,False,PER_STRATEGY_MAX_OPEN_HIT,0.0,0.0,True,1.35,False,1.35
2026-07-27T20:42:34.821223+00:00,SMC,SELL,1.35,False,PER_STRATEGY_MAX_OPEN_HIT,0.0,0.0,True,1.35,False,1.35
2026-07-27T20:43:35.234521+00:00,SMC,SELL,1.35,False,PER_STRATEGY_MAX_OPEN_HIT,0.0,0.0,True,1.35,False,1.35
2026-07-27T20:44:35.932667+00:00,SMC,SELL,1.35,False,PER_STRATEGY_MAX_OPEN_HIT,0.0,0.0,True,1.35,False,1.35
2026-07-27T20:45:36.355652+00:00,SMC,SELL,1.35,False,PER_STRATEGY_MAX_OPEN_HIT,0.0,0.0,True,1.35,False,1.35
2026-07-27T20:46:36.727649+00:00,SMC,SELL,1.35,False,PER_STRATEGY_MAX_OPEN_HIT,0.0,0.0,True,1.35,False,1.35
2026-07-27T20:47:37.132606+00:00,SMC,SELL,1.35,False,PER_STRATEGY_MAX_OPEN_HIT,0.0,0.0,True,1.35,False,1.35
2026-07-27T20:48:37.554960+00:00,SMC,SELL,1.35,False,PER_STRATEGY_MAX_OPEN_HIT,0.0,0.0,True,1.35,False,1.35
2026-07-27T20:49:37.964070+00:00,SMC,SELL,1.35,False,PER_STRATEGY_MAX_OPEN_HIT,0.0,0.0,True,1.35,False,1.35
2026-07-27T20:50:38.386335+00:00,SMC,SELL,1.35,False,PER_STRATEGY_MAX_OPEN_HIT,0.0,0.0,True,1.35,False,1.35
2026-07-27T20:51:38.784714+00:00,SMC,SELL,1.35,False,PER_STRATEGY_MAX_OPEN_HIT,0.0,0.0,True,1.35,False,1.35
2026-07-27T20:52:39.198292+00:00,SMC,SELL,1.35,False,PER_STRATEGY_MAX_OPEN_HIT,0.0,0.0,True,1.35,False,1.35
2026-07-27T20:53:39.607322+00:00,SMC,SELL,1.35,False,PER_STRATEGY_MAX_OPEN_HIT,0.0,0.0,True,1.35,False,1.35
2026-07-27T20:54:40.011483+00:00,SMC,SELL,1.35,False,PER_STRATEGY_MAX_OPEN_HIT,0.0,0.0,True,1.35,False,1.35
2026-07-27T20:55:40.441411+00:00,SMC,SELL,1.35,False,PER_STRATEGY_MAX_OPEN_HIT,0.0,0.0,True,1.35,False,1.35
2026-07-27T20:56:40.813777+00:00,SMC,SELL,1.35,False,PER_STRATEGY_MAX_OPEN_HIT,0.0,0.0,True,1.35,False,1.35
2026-07-27T20:57:41.228252+00:00,SMC,SELL,1.35,False,PER_STRATEGY_MAX_OPEN_HIT,0.0,0.0,True,1.35,False,1.35
2026-07-27T20:58:41.643006+00:00,SMC,SELL,1.35,False,PER_STRATEGY_MAX_OPEN_HIT,0.0,0.0,True,1.35,False,1.35
2026-07-27T20:59:42.054750+00:00,SMC,SELL,1.35,False,PER_STRATEGY_MAX_OPEN_HIT,0.0,0.0,True,1.35,False,1.35
2026-07-27T21:00:42.496285+00:00,SMC,SELL,1.35,False,PER_STRATEGY_MAX_OPEN_HIT,0.0,0.0,True,1.35,False,1.35
2026-07-27T21:01:42.860360+00:00,SMC,SELL,1.35,False,PER_STRATEGY_MAX_OPEN_HIT,0.0,0.0,True,1.35,False,1.35
2026-07-27T21:02:43.261046+00:00,SMC,SELL,1.35,False,PER_STRATEGY_MAX_OPEN_HIT,0.0,0.0,True,1.35,False,1.35
2026-07-27T21:03:43.667922+00:00,SMC,SELL,1.35,False,PER_STRATEGY_MAX_OPEN_HIT,0.0,0.0,True,1.35,False,1.35
2026-07-27T21:04:44.103857+00:00,SMC,SELL,1.35,False,PER_STRATEGY_MAX_OPEN_HIT,0.0,0.0,True,1.35,False,1.35
2026-07-27T21:05:44.559802+00:00,SMC,SELL,1.35,False,PER_STRATEGY_MAX_OPEN_HIT,0.0,0.0,True,1.35,False,1.35
2026-07-27T21:06:44.949913+00:00,SMC,SELL,1.35,False,PER_STRATEGY_MAX_OPEN_HIT,0.0,0.0,True,1.35,False,1.35
2026-07-27T21:07:45.365805+00:00,SMC,SELL,1.35,False,PER_STRATEGY_MAX_OPEN_HIT,0.0,0.0,True,1.35,False,1.35
2026-07-27T21:08:45.788862+00:00,SMC,SELL,1.35,False,PER_STRATEGY_MAX_OPEN_HIT,0.0,0.0,True,1.35,False,1.35
2026-07-27T21:09:46.191907+00:00,SMC,SELL,1.35,False,PER_STRATEGY_MAX_OPEN_HIT,0.0,0.0,True,1.35,False,1.35
2026-07-27T21:10:46.621483+00:00,SMC,SELL,1.35,False,PER_STRATEGY_MAX_OPEN_HIT,0.0,0.0,True,1.35,False,1.35
2026-07-27T21:11:47.009646+00:00,SMC,SELL,1.35,False,PER_STRATEGY_MAX_OPEN_HIT,0.0,0.0,True,1.35,False,1.35
2026-07-27T21:12:47.419277+00:00,SMC,SELL,1.35,False,PER_STRATEGY_MAX_OPEN_HIT,0.0,0.0,True,1.35,False,1.35
2026-07-27T21:13:47.817789+00:00,SMC,SELL,1.35,False,PER_STRATEGY_MAX_OPEN_HIT,0.0,0.0,True,1.35,False,1.35
2026-07-27T21:14:48.239798+00:00,SMC,SELL,1.35,False,PER_STRATEGY_MAX_OPEN_HIT,0.0,0.0,True,1.35,False,1.35
2026-07-27T21:15:48.667169+00:00,SMC,SELL,1.35,False,PER_STRATEGY_MAX_OPEN_HIT,0.0,0.0,True,1.35,False,1.35
2026-07-27T21:16:49.061623+00:00,SMC,SELL,1.35,False,PER_STRATEGY_MAX_OPEN_HIT,0.0,0.0,True,1.35,False,1.35
2026-07-27T21:17:49.442075+00:00,SMC,SELL,1.35,False,PER_STRATEGY_MAX_OPEN_HIT,0.0,0.0,True,1.35,False,1.35
2026-07-27T21:18:49.847269+00:00,SMC,SELL,1.35,False,PER_STRATEGY_MAX_OPEN_HIT,0.0,0.0,True,1.35,False,1.35
2026-07-27T21:19:50.256295+00:00,SMC,SELL,1.35,False,PER_STRATEGY_MAX_OPEN_HIT,0.0,0.0,True,1.35,False,1.35
2026-07-27T21:20:50.691050+00:00,SMC,SELL,1.35,False,PER_STRATEGY_MAX_OPEN_HIT,0.0,0.0,True,1.35,False,1.35
2026-07-27T21:21:51.060212+00:00,SMC,SELL,1.35,False,PER_STRATEGY_MAX_OPEN_HIT,0.0,0.0,True,1.35,False,1.35
2026-07-27T21:22:51.467006+00:00,SMC,SELL,1.35,False,PER_STRATEGY_MAX_OPEN_HIT,0.0,0.0,True,1.35,False,1.35
2026-07-27T21:23:51.890791+00:00,SMC,SELL,1.35,False,PER_STRATEGY_MAX_OPEN_HIT,0.0,0.0,True,1.35,False,1.35
2026-07-27T21:24:52.335110+00:00,SMC,SELL,1.35,False,PER_STRATEGY_MAX_OPEN_HIT,0.0,0.0,True,1.35,False,1.35
2026-07-27T21:25:52.783620+00:00,SMC,SELL,1.35,False,PER_STRATEGY_MAX_OPEN_HIT,0.0,0.0,True,1.35,False,1.35
2026-07-27T21:26:53.148577+00:00,SMC,SELL,1.35,False,PER_STRATEGY_MAX_OPEN_HIT,0.0,0.0,True,1.35,False,1.35
2026-07-27T21:27:53.550410+00:00,SMC,SELL,1.35,False,PER_STRATEGY_MAX_OPEN_HIT,0.0,0.0,True,1.35,False,1.35
2026-07-27T21:28:53.956892+00:00,SMC,SELL,1.35,False,PER_STRATEGY_MAX_OPEN_HIT,0.0,0.0,True,1.35,False,1.35
2026-07-27T21:29:54.388453+00:00,SMC,SELL,1.35,False,PER_STRATEGY_MAX_OPEN_HIT,0.0,0.0,True,1.35,False,1.35
2026-07-27T21:30:54.836317+00:00,SMC,SELL,1.35,False,PER_STRATEGY_MAX_OPEN_HIT,0.0,0.0,True,1.35,False,1.35
2026-07-27T21:31:55.230360+00:00,SMC,SELL,1.35,False,PER_STRATEGY_MAX_OPEN_HIT,0.0,0.0,True,1.35,False,1.35
2026-07-27T21:32:55.635602+00:00,SMC,SELL,1.35,False,PER_STRATEGY_MAX_OPEN_HIT,0.0,0.0,True,1.35,False,1.35
2026-07-27T21:33:56.078259+00:00,SMC,SELL,1.35,False,PER_STRATEGY_MAX_OPEN_HIT,0.0,0.0,True,1.35,False,1.35
2026-07-27T21:34:56.481909+00:00,SMC,SELL,1.35,False,PER_STRATEGY_MAX_OPEN_HIT,0.0,0.0,True,1.35,False,1.35
2026-07-27T21:35:56.910180+00:00,SMC,SELL,1.35,False,PER_STRATEGY_MAX_OPEN_HIT,0.0,0.0,True,1.35,False,1.35
2026-07-27T21:36:57.289165+00:00,SMC,SELL,1.35,False,PER_STRATEGY_MAX_OPEN_HIT,0.0,0.0,True,1.35,False,1.35
2026-07-27T21:37:57.776537+00:00,SMC,SELL,1.35,False,PER_STRATEGY_MAX_OPEN_HIT,0.0,0.0,True,1.35,False,1.35
2026-07-27T21:38:58.171664+00:00,SMC,SELL,1.35,False,PER_STRATEGY_MAX_OPEN_HIT,0.0,0.0,True,1.35,False,1.35
2026-07-27T21:39:58.579645+00:00,SMC,SELL,1.35,False,PER_STRATEGY_MAX_OPEN_HIT,0.0,0.0,True,1.35,False,1.35
2026-07-27T21:40:59.006305+00:00,SMC,SELL,1.35,False,PER_STRATEGY_MAX_OPEN_HIT,0.0,0.0,True,1.35,False,1.35
2026-07-27T21:41:59.398925+00:00,SMC,SELL,1.35,False,PER_STRATEGY_MAX_OPEN_HIT,0.0,0.0,True,1.35,False,1.35
2026-07-27T21:42:59.827858+00:00,SMC,SELL,1.35,False,PER_STRATEGY_MAX_OPEN_HIT,0.0,0.0,True,1.35,False,1.35
2026-07-27T21:44:00.264271+00:00,SMC,SELL,1.35,False,PER_STRATEGY_MAX_OPEN_HIT,0.0,0.0,True,1.35,False,1.35
2026-07-27T21:45:00.669010+00:00,SMC,SELL,1.35,False,PER_STRATEGY_MAX_OPEN_HIT,0.0,0.0,True,1.35,False,1.35
2026-07-27T21:46:01.102649+00:00,SMC,SELL,1.35,False,PER_STRATEGY_MAX_OPEN_HIT,0.0,0.0,True,1.35,False,1.35
2026-07-27T21:47:01.491367+00:00,SMC,SELL,1.35,False,PER_STRATEGY_MAX_OPEN_HIT,0.0,0.0,True,1.35,False,1.35
2026-07-27T21:48:01.886301+00:00,SMC,SELL,1.35,False,PER_STRATEGY_MAX_OPEN_HIT,0.0,0.0,True,1.35,False,1.35
2026-07-27T21:49:02.281345+00:00,SMC,SELL,1.35,False,PER_STRATEGY_MAX_OPEN_HIT,0.0,0.0,True,1.35,False,1.35
2026-07-27T21:50:02.671701+00:00,SMC,SELL,1.35,False,PER_STRATEGY_MAX_OPEN_HIT,0.0,0.0,True,1.35,False,1.35
2026-07-27T21:51:03.096488+00:00,SMC,SELL,1.35,False,PER_STRATEGY_MAX_OPEN_HIT,0.0,0.0,True,1.35,False,1.35
2026-07-27T21:52:03.488274+00:00,SMC,SELL,1.35,False,PER_STRATEGY_MAX_OPEN_HIT,0.0,0.0,True,1.35,False,1.35
2026-07-27T21:53:03.893187+00:00,SMC,SELL,1.35,False,PER_STRATEGY_MAX_OPEN_HIT,0.0,0.0,True,1.35,False,1.35
2026-07-27T21:54:04.301932+00:00,SMC,SELL,1.35,False,PER_STRATEGY_MAX_OPEN_HIT,0.0,0.0,True,1.35,False,1.35
2026-07-27T21:55:04.690991+00:00,SMC,SELL,1.35,False,PER_STRATEGY_MAX_OPEN_HIT,0.0,0.0,True,1.35,False,1.35
2026-07-27T21:56:05.126243+00:00,SMC,SELL,1.35,False,PER_STRATEGY_MAX_OPEN_HIT,0.0,0.0,True,1.35,False,1.35
2026-07-27T21:57:05.507056+00:00,SMC,SELL,1.35,False,PER_STRATEGY_MAX_OPEN_HIT,0.0,0.0,True,1.35,False,1.35
2026-07-27T21:58:05.929035+00:00,SMC,SELL,1.35,False,PER_STRATEGY_MAX_OPEN_HIT,0.0,0.0,True,1.35,False,1.35
2026-07-27T21:59:06.338537+00:00,SMC,SELL,1.35,False,PER_STRATEGY_MAX_OPEN_HIT,0.0,0.0,True,1.35,False,1.35
2026-07-27T22:00:06.930839+00:00,SMC,SELL,1.35,True,,0.75,0.07,True,1.35,True,0.6
2026-07-27T22:06:09.014549+00:00,SMC,SELL,1.5,False,PER_STRATEGY_MAX_OPEN_HIT,0.0,0.0,True,1.5,False,1.5
2026-07-27T22:07:09.375616+00:00,SMC,SELL,1.5,False,PER_STRATEGY_MAX_OPEN_HIT,0.0,0.0,True,1.5,False,1.5
2026-07-27T22:08:09.773788+00:00,SMC,SELL,1.5,False,PER_STRATEGY_MAX_OPEN_HIT,0.0,0.0,True,1.5,False,1.5
2026-07-27T22:09:10.193099+00:00,SMC,SELL,1.5,False,PER_STRATEGY_MAX_OPEN_HIT,0.0,0.0,True,1.5,False,1.5
2026-07-27T22:10:10.605553+00:00,SMC,SELL,1.35,False,PER_STRATEGY_MAX_OPEN_HIT,0.0,0.0,True,1.35,False,1.35
2026-07-27T22:11:11.044035+00:00,SMC,SELL,1.5,False,PER_STRATEGY_MAX_OPEN_HIT,0.0,0.0,True,1.5,False,1.5
2026-07-27T22:12:11.409213+00:00,SMC,SELL,1.5,False,PER_STRATEGY_MAX_OPEN_HIT,0.0,0.0,True,1.5,False,1.5
2026-07-27T22:13:11.793660+00:00,SMC,SELL,1.5,False,PER_STRATEGY_MAX_OPEN_HIT,0.0,0.0,True,1.5,False,1.5
2026-07-27T22:14:12.189808+00:00,SMC,SELL,1.5,False,PER_STRATEGY_MAX_OPEN_HIT,0.0,0.0,True,1.5,False,1.5
2026-07-27T22:23:12.810572+00:00,SMC,SELL,1.35,False,PER_STRATEGY_MAX_OPEN_HIT,0.0,0.0,True,1.35,False,1.35
2026-07-27T22:24:13.196065+00:00,SMC,SELL,1.35,False,PER_STRATEGY_MAX_OPEN_HIT,0.0,0.0,True,1.35,False,1.35
2026-07-27T22:25:13.593989+00:00,SMC,SELL,1.35,False,PER_STRATEGY_MAX_OPEN_HIT,0.0,0.0,True,1.35,False,1.35
2026-07-27T22:26:13.988432+00:00,SMC,SELL,1.35,False,PER_STRATEGY_MAX_OPEN_HIT,0.0,0.0,True,1.35,False,1.35
2026-07-27T22:27:14.383260+00:00,SMC,SELL,1.35,False,PER_STRATEGY_MAX_OPEN_HIT,0.0,0.0,True,1.35,False,1.35
2026-07-27T22:28:14.820490+00:00,SMC,SELL,1.35,False,PER_STRATEGY_MAX_OPEN_HIT,0.0,0.0,True,1.35,False,1.35
2026-07-27T22:29:15.209335+00:00,SMC,SELL,1.35,False,PER_STRATEGY_MAX_OPEN_HIT,0.0,0.0,True,1.35,False,1.35
2026-07-27T22:30:15.626515+00:00,SMC,SELL,1.35,False,PER_STRATEGY_MAX_OPEN_HIT,0.0,0.0,True,1.35,False,1.35
2026-07-27T22:31:16.026545+00:00,SMC,SELL,1.35,False,PER_STRATEGY_MAX_OPEN_HIT,0.0,0.0,True,1.35,False,1.35
2026-07-27T22:32:16.421444+00:00,SMC,SELL,1.35,False,PER_STRATEGY_MAX_OPEN_HIT,0.0,0.0,True,1.35,False,1.35
2026-07-27T22:33:16.837677+00:00,SMC,SELL,1.35,False,PER_STRATEGY_MAX_OPEN_HIT,0.0,0.0,True,1.35,False,1.35
2026-07-27T22:34:17.224927+00:00,SMC,SELL,1.35,False,PER_STRATEGY_MAX_OPEN_HIT,0.0,0.0,True,1.35,False,1.35
2026-07-27T22:35:17.641627+00:00,SMC,SELL,1.35,False,PER_STRATEGY_MAX_OPEN_HIT,0.0,0.0,True,1.35,False,1.35
2026-07-27T22:36:18.064590+00:00,SMC,SELL,1.35,False,PER_STRATEGY_MAX_OPEN_HIT,0.0,0.0,True,1.35,False,1.35
2026-07-27T22:37:18.472745+00:00,SMC,SELL,1.35,False,PER_STRATEGY_MAX_OPEN_HIT,0.0,0.0,True,1.35,False,1.35
2026-07-27T22:38:19.029069+00:00,SMC,SELL,1.35,False,PER_STRATEGY_MAX_OPEN_HIT,0.0,0.0,True,1.35,False,1.35
2026-07-27T22:39:19.438469+00:00,SMC,SELL,1.35,False,PER_STRATEGY_MAX_OPEN_HIT,0.0,0.0,True,1.35,False,1.35
2026-07-27T22:40:19.860483+00:00,SMC,SELL,1.35,False,PER_STRATEGY_MAX_OPEN_HIT,0.0,0.0,True,1.35,False,1.35
2026-07-27T22:41:20.274137+00:00,SMC,SELL,1.35,False,PER_STRATEGY_MAX_OPEN_HIT,0.0,0.0,True,1.35,False,1.35
2026-07-27T22:42:20.672329+00:00,SMC,SELL,1.35,False,PER_STRATEGY_MAX_OPEN_HIT,0.0,0.0,True,1.35,False,1.35
2026-07-27T22:43:21.115901+00:00,SMC,SELL,1.35,False,PER_STRATEGY_MAX_OPEN_HIT,0.0,0.0,True,1.35,False,1.35
2026-07-27T22:45:21.517804+00:00,SMC,SELL,1.35,False,PER_STRATEGY_MAX_OPEN_HIT,0.0,0.0,True,1.35,False,1.35
2026-07-27T22:46:21.922131+00:00,SMC,SELL,1.35,False,PER_STRATEGY_MAX_OPEN_HIT,0.0,0.0,True,1.35,False,1.35
2026-07-27T22:47:22.327880+00:00,SMC,SELL,1.35,False,PER_STRATEGY_MAX_OPEN_HIT,0.0,0.0,True,1.35,False,1.35
2026-07-27T22:48:22.751027+00:00,SMC,SELL,1.35,False,PER_STRATEGY_MAX_OPEN_HIT,0.0,0.0,True,1.35,False,1.35
2026-07-27T22:49:23.187254+00:00,SMC,SELL,1.35,False,PER_STRATEGY_MAX_OPEN_HIT,0.0,0.0,True,1.35,False,1.35
2026-07-27T22:50:23.601570+00:00,SMC,SELL,1.35,False,PER_STRATEGY_MAX_OPEN_HIT,0.0,0.0,True,1.35,False,1.35
2026-07-27T22:51:24.010186+00:00,SMC,SELL,1.35,False,PER_STRATEGY_MAX_OPEN_HIT,0.0,0.0,True,1.35,False,1.35
2026-07-27T22:52:24.407356+00:00,SMC,SELL,1.35,False,PER_STRATEGY_MAX_OPEN_HIT,0.0,0.0,True,1.35,False,1.35
2026-07-27T22:53:24.837269+00:00,SMC,SELL,1.35,False,PER_STRATEGY_MAX_OPEN_HIT,0.0,0.0,True,1.35,False,1.35
2026-07-27T22:54:25.240301+00:00,SMC,SELL,1.35,False,PER_STRATEGY_MAX_OPEN_HIT,0.0,0.0,True,1.35,False,1.35
2026-07-27T22:55:25.658778+00:00,SMC,SELL,1.35,False,PER_STRATEGY_MAX_OPEN_HIT,0.0,0.0,True,1.35,False,1.35
2026-07-27T22:56:26.046768+00:00,SMC,SELL,1.35,False,PER_STRATEGY_MAX_OPEN_HIT,0.0,0.0,True,1.35,False,1.35
2026-07-27T22:57:26.404863+00:00,SMC,SELL,1.35,False,PER_STRATEGY_MAX_OPEN_HIT,0.0,0.0,True,1.35,False,1.35
2026-07-27T22:58:26.851351+00:00,SMC,SELL,1.35,False,PER_STRATEGY_MAX_OPEN_HIT,0.0,0.0,True,1.35,False,1.35
2026-07-27T22:59:27.238824+00:00,SMC,SELL,1.35,False,PER_STRATEGY_MAX_OPEN_HIT,0.0,0.0,True,1.35,False,1.35
2026-07-27T23:00:27.665497+00:00,SMC,SELL,1.35,False,PER_STRATEGY_MAX_OPEN_HIT,0.0,0.0,True,1.35,False,1.35
2026-07-27T23:01:28.041129+00:00,SMC,SELL,1.35,False,PER_STRATEGY_MAX_OPEN_HIT,0.0,0.0,True,1.35,False,1.35
2026-07-27T23:02:28.429035+00:00,SMC,SELL,1.35,False,PER_STRATEGY_MAX_OPEN_HIT,0.0,0.0,True,1.35,False,1.35
2026-07-27T23:03:28.865620+00:00,SMC,SELL,1.35,False,PER_STRATEGY_MAX_OPEN_HIT,0.0,0.0,True,1.35,False,1.35
2026-07-27T23:04:29.257280+00:00,SMC,SELL,1.35,False,PER_STRATEGY_MAX_OPEN_HIT,0.0,0.0,True,1.35,False,1.35
2026-07-27T23:05:29.691437+00:00,SMC,SELL,1.35,False,PER_STRATEGY_MAX_OPEN_HIT,0.0,0.0,True,1.35,False,1.35
2026-07-27T23:06:30.076147+00:00,SMC,SELL,1.35,False,PER_STRATEGY_MAX_OPEN_HIT,0.0,0.0,True,1.35,False,1.35
2026-07-27T23:07:30.485367+00:00,SMC,SELL,1.35,False,PER_STRATEGY_MAX_OPEN_HIT,0.0,0.0,True,1.35,False,1.35
2026-07-27T23:08:30.909488+00:00,SMC,SELL,1.35,False,PER_STRATEGY_MAX_OPEN_HIT,0.0,0.0,True,1.35,False,1.35
2026-07-27T23:09:31.296254+00:00,SMC,SELL,1.35,False,PER_STRATEGY_MAX_OPEN_HIT,0.0,0.0,True,1.35,False,1.35
2026-07-27T23:10:31.714173+00:00,SMC,SELL,1.35,False,PER_STRATEGY_MAX_OPEN_HIT,0.0,0.0,True,1.35,False,1.35
2026-07-27T23:11:32.128723+00:00,SMC,SELL,1.35,False,PER_STRATEGY_MAX_OPEN_HIT,0.0,0.0,True,1.35,False,1.35
2026-07-27T23:12:32.544599+00:00,SMC,SELL,1.35,False,PER_STRATEGY_MAX_OPEN_HIT,0.0,0.0,True,1.35,False,1.35
2026-07-27T23:13:32.982866+00:00,SMC,SELL,1.35,False,PER_STRATEGY_MAX_OPEN_HIT,0.0,0.0,True,1.35,False,1.35
2026-07-27T23:14:33.371865+00:00,SMC,SELL,1.35,False,PER_STRATEGY_MAX_OPEN_HIT,0.0,0.0,True,1.35,False,1.35
2026-07-27T23:15:33.783494+00:00,SMC,SELL,1.35,False,PER_STRATEGY_MAX_OPEN_HIT,0.0,0.0,True,1.35,False,1.35
2026-07-27T23:16:34.188309+00:00,SMC,SELL,1.35,False,PER_STRATEGY_MAX_OPEN_HIT,0.0,0.0,True,1.35,False,1.35
2026-07-27T23:17:34.587563+00:00,SMC,SELL,1.35,False,PER_STRATEGY_MAX_OPEN_HIT,0.0,0.0,True,1.35,False,1.35
2026-07-27T23:18:35.043661+00:00,SMC,SELL,1.35,False,PER_STRATEGY_MAX_OPEN_HIT,0.0,0.0,True,1.35,False,1.35
2026-07-27T23:19:35.411739+00:00,SMC,SELL,1.35,False,PER_STRATEGY_MAX_OPEN_HIT,0.0,0.0,True,1.35,False,1.35
2026-07-27T23:20:35.807666+00:00,SMC,SELL,1.35,False,PER_STRATEGY_MAX_OPEN_HIT,0.0,0.0,True,1.35,False,1.35
2026-07-27T23:21:36.196703+00:00,SMC,SELL,1.35,False,PER_STRATEGY_MAX_OPEN_HIT,0.0,0.0,True,1.35,False,1.35
2026-07-27T23:22:36.603431+00:00,SMC,SELL,1.35,False,PER_STRATEGY_MAX_OPEN_HIT,0.0,0.0,True,1.35,False,1.35
2026-07-27T23:23:37.010994+00:00,SMC,SELL,1.35,False,PER_STRATEGY_MAX_OPEN_HIT,0.0,0.0,True,1.35,False,1.35
2026-07-27T23:24:37.497134+00:00,SMC,SELL,1.35,False,PER_STRATEGY_MAX_OPEN_HIT,0.0,0.0,True,1.35,False,1.35
2026-07-27T23:25:37.914741+00:00,SMC,SELL,1.35,False,PER_STRATEGY_MAX_OPEN_HIT,0.0,0.0,True,1.35,False,1.35
2026-07-27T23:26:38.322002+00:00,SMC,SELL,1.35,False,PER_STRATEGY_MAX_OPEN_HIT,0.0,0.0,True,1.35,False,1.35
2026-07-27T23:27:38.720980+00:00,SMC,SELL,1.35,False,PER_STRATEGY_MAX_OPEN_HIT,0.0,0.0,True,1.35,False,1.35
2026-07-27T23:28:39.210410+00:00,SMC,SELL,1.35,False,PER_STRATEGY_MAX_OPEN_HIT,0.0,0.0,True,1.35,False,1.35
2026-07-27T23:29:39.608103+00:00,SMC,SELL,1.35,False,PER_STRATEGY_MAX_OPEN_HIT,0.0,0.0,True,1.35,False,1.35
2026-07-27T23:30:40.019386+00:00,SMC,SELL,1.35,False,PER_STRATEGY_MAX_OPEN_HIT,0.0,0.0,True,1.35,False,1.35
2026-07-27T23:31:40.445433+00:00,SMC,SELL,1.35,False,PER_STRATEGY_MAX_OPEN_HIT,0.0,0.0,True,1.35,False,1.35
2026-07-27T23:32:40.850587+00:00,SMC,SELL,1.35,False,PER_STRATEGY_MAX_OPEN_HIT,0.0,0.0,True,1.35,False,1.35
2026-07-27T23:33:41.295347+00:00,SMC,SELL,1.35,False,PER_STRATEGY_MAX_OPEN_HIT,0.0,0.0,True,1.35,False,1.35
2026-07-27T23:34:41.642094+00:00,SMC,SELL,1.35,False,PER_STRATEGY_MAX_OPEN_HIT,0.0,0.0,True,1.35,False,1.35
2026-07-27T23:37:42.971459+00:00,SMC,SELL,1.35,False,PER_STRATEGY_MAX_OPEN_HIT,0.0,0.0,True,1.35,False,1.35
2026-07-27T23:38:43.433911+00:00,SMC,SELL,1.35,False,PER_STRATEGY_MAX_OPEN_HIT,0.0,0.0,True,1.35,False,1.35
2026-07-27T23:39:43.833577+00:00,SMC,SELL,1.35,False,PER_STRATEGY_MAX_OPEN_HIT,0.0,0.0,True,1.35,False,1.35
2026-07-27T23:40:44.254338+00:00,SMC,SELL,1.35,False,PER_STRATEGY_MAX_OPEN_HIT,0.0,0.0,True,1.35,False,1.35
2026-07-27T23:41:44.816932+00:00,SMC,SELL,1.35,False,PER_STRATEGY_MAX_OPEN_HIT,0.0,0.0,True,1.35,False,1.35
2026-07-27T23:42:45.334497+00:00,SMC,SELL,1.35,False,PER_STRATEGY_MAX_OPEN_HIT,0.0,0.0,True,1.35,False,1.35
2026-07-27T23:43:45.809350+00:00,SMC,SELL,1.35,False,PER_STRATEGY_MAX_OPEN_HIT,0.0,0.0,True,1.35,False,1.35
2026-07-27T23:44:46.695529+00:00,SMC,SELL,1.35,False,PER_STRATEGY_MAX_OPEN_HIT,0.0,0.0,True,1.35,False,1.35
2026-07-27T23:45:47.120560+00:00,SMC,SELL,1.35,False,PER_STRATEGY_MAX_OPEN_HIT,0.0,0.0,True,1.35,False,1.35
2026-07-27T23:46:47.655617+00:00,SMC,SELL,1.35,False,PER_STRATEGY_MAX_OPEN_HIT,0.0,0.0,True,1.35,False,1.35
2026-07-27T23:47:48.113247+00:00,SMC,SELL,1.35,False,PER_STRATEGY_MAX_OPEN_HIT,0.0,0.0,True,1.35,False,1.35
2026-07-27T23:48:48.546788+00:00,SMC,SELL,1.35,False,PER_STRATEGY_MAX_OPEN_HIT,0.0,0.0,True,1.35,False,1.35
2026-07-27T23:49:48.910562+00:00,SMC,SELL,1.35,False,PER_STRATEGY_MAX_OPEN_HIT,0.0,0.0,True,1.35,False,1.35
2026-07-27T23:50:49.303150+00:00,SMC,SELL,1.35,False,PER_STRATEGY_MAX_OPEN_HIT,0.0,0.0,True,1.35,False,1.35
2026-07-27T23:51:49.659463+00:00,SMC,SELL,1.35,False,PER_STRATEGY_MAX_OPEN_HIT,0.0,0.0,True,1.35,False,1.35
2026-07-27T23:52:50.175224+00:00,SMC,SELL,1.35,False,PER_STRATEGY_MAX_OPEN_HIT,0.0,0.0,True,1.35,False,1.35
2026-07-27T23:53:50.618877+00:00,SMC,SELL,1.35,False,PER_STRATEGY_MAX_OPEN_HIT,0.0,0.0,True,1.35,False,1.35
2026-07-27T23:54:51.044192+00:00,SMC,SELL,1.35,False,PER_STRATEGY_MAX_OPEN_HIT,0.0,0.0,True,1.35,False,1.35
2026-07-27T23:55:51.469570+00:00,SMC,SELL,1.35,False,PER_STRATEGY_MAX_OPEN_HIT,0.0,0.0,True,1.35,False,1.35
2026-07-27T23:56:51.935060+00:00,SMC,SELL,1.35,False,PER_STRATEGY_MAX_OPEN_HIT,0.0,0.0,True,1.35,False,1.35
2026-07-27T23:57:52.331743+00:00,SMC,SELL,1.35,False,PER_STRATEGY_MAX_OPEN_HIT,0.0,0.0,True,1.35,False,1.35
2026-07-27T23:58:52.768715+00:00,SMC,SELL,1.35,False,PER_STRATEGY_MAX_OPEN_HIT,0.0,0.0,True,1.35,False,1.35
2026-07-27T23:59:53.159064+00:00,SMC,SELL,1.35,False,PER_STRATEGY_MAX_OPEN_HIT,0.0,0.0,True,1.35,False,1.35
2026-07-28T00:00:53.575238+00:00,SMC,SELL,1.5,False,PER_STRATEGY_MAX_OPEN_HIT,0.0,0.0,True,1.5,False,1.5
2026-07-28T00:01:53.978812+00:00,SMC,SELL,1.5,False,PER_STRATEGY_MAX_OPEN_HIT,0.0,0.0,True,1.5,False,1.5
2026-07-28T00:02:54.369309+00:00,SMC,SELL,1.5,False,PER_STRATEGY_MAX_OPEN_HIT,0.0,0.0,True,1.5,False,1.5
2026-07-28T00:03:54.813787+00:00,SMC,SELL,1.5,False,PER_STRATEGY_MAX_OPEN_HIT,0.0,0.0,True,1.5,False,1.5
2026-07-28T00:04:55.322540+00:00,SMC,SELL,1.5,False,PER_STRATEGY_MAX_OPEN_HIT,0.0,0.0,True,1.5,False,1.5
2026-07-28T00:05:56.397594+00:00,SMC,SELL,1.5,True,,0.75,0.07,True,1.5,True,0.75
2026-07-28T00:05:56.994274+00:00,MICRO,SELL,1.35,True,,0.75,0.07,True,1.35,True,0.6
2026-07-28T00:09:59.700754+00:00,SMC,SELL,1.5,False,PER_STRATEGY_MAX_OPEN_HIT,0.0,0.0,True,1.5,False,1.5
2026-07-28T00:11:00.144213+00:00,SMC,SELL,1.5,False,PER_STRATEGY_MAX_OPEN_HIT,0.0,0.0,True,1.5,False,1.5
2026-07-28T00:12:00.571074+00:00,SMC,SELL,1.5,False,PER_STRATEGY_MAX_OPEN_HIT,0.0,0.0,True,1.5,False,1.5
2026-07-28T00:13:01.007859+00:00,SMC,SELL,1.5,False,PER_STRATEGY_MAX_OPEN_HIT,0.0,0.0,True,1.5,False,1.5
2026-07-28T00:14:01.486939+00:00,SMC,SELL,1.5,False,PER_STRATEGY_MAX_OPEN_HIT,0.0,0.0,True,1.5,False,1.5
2026-07-28T00:15:01.847940+00:00,SMC,SELL,1.5,False,PER_STRATEGY_MAX_OPEN_HIT,0.0,0.0,True,1.5,False,1.5
2026-07-28T00:16:02.266371+00:00,SMC,SELL,1.5,False,PER_STRATEGY_MAX_OPEN_HIT,0.0,0.0,True,1.5,False,1.5
2026-07-28T00:17:02.713747+00:00,SMC,SELL,1.5,False,PER_STRATEGY_MAX_OPEN_HIT,0.0,0.0,True,1.5,False,1.5
2026-07-28T00:18:03.122498+00:00,SMC,SELL,1.5,False,PER_STRATEGY_MAX_OPEN_HIT,0.0,0.0,True,1.5,False,1.5
2026-07-28T00:19:03.582667+00:00,SMC,SELL,1.5,False,PER_STRATEGY_MAX_OPEN_HIT,0.0,0.0,True,1.5,False,1.5
2026-07-28T00:20:03.968323+00:00,SMC,SELL,1.5,False,PER_STRATEGY_MAX_OPEN_HIT,0.0,0.0,True,1.5,False,1.5
2026-07-28T00:21:04.345799+00:00,SMC,SELL,1.5,False,PER_STRATEGY_MAX_OPEN_HIT,0.0,0.0,True,1.5,False,1.5
2026-07-28T00:22:04.720077+00:00,SMC,SELL,1.5,False,PER_STRATEGY_MAX_OPEN_HIT,0.0,0.0,True,1.5,False,1.5
2026-07-28T00:23:05.110285+00:00,SMC,SELL,1.5,False,PER_STRATEGY_MAX_OPEN_HIT,0.0,0.0,True,1.5,False,1.5
2026-07-28T00:24:05.579830+00:00,SMC,SELL,1.5,False,PER_STRATEGY_MAX_OPEN_HIT,0.0,0.0,True,1.5,False,1.5
2026-07-28T00:25:05.966173+00:00,SMC,SELL,1.5,False,PER_STRATEGY_MAX_OPEN_HIT,0.0,0.0,True,1.5,False,1.5
2026-07-28T00:26:06.470382+00:00,SMC,SELL,1.35,False,PER_STRATEGY_MAX_OPEN_HIT,0.0,0.0,True,1.35,False,1.35
2026-07-28T00:27:06.962854+00:00,SMC,SELL,1.5,False,PER_STRATEGY_MAX_OPEN_HIT,0.0,0.0,True,1.5,False,1.5
2026-07-28T00:28:07.376477+00:00,SMC,SELL,1.35,False,PER_STRATEGY_MAX_OPEN_HIT,0.0,0.0,True,1.35,False,1.35
2026-07-28T00:29:07.837671+00:00,SMC,SELL,1.5,False,PER_STRATEGY_MAX_OPEN_HIT,0.0,0.0,True,1.5,False,1.5
2026-07-28T00:30:08.209513+00:00,SMC,SELL,1.35,False,PER_STRATEGY_MAX_OPEN_HIT,0.0,0.0,True,1.35,False,1.35
2026-07-28T00:31:08.643129+00:00,SMC,SELL,1.35,False,PER_STRATEGY_MAX_OPEN_HIT,0.0,0.0,True,1.35,False,1.35
2026-07-28T00:32:09.044743+00:00,SMC,SELL,1.5,False,PER_STRATEGY_MAX_OPEN_HIT,0.0,0.0,True,1.5,False,1.5
2026-07-28T00:33:09.485135+00:00,SMC,SELL,1.5,False,PER_STRATEGY_MAX_OPEN_HIT,0.0,0.0,True,1.5,False,1.5
2026-07-28T00:34:09.936029+00:00,SMC,SELL,1.35,False,PER_STRATEGY_MAX_OPEN_HIT,0.0,0.0,True,1.35,False,1.35
2026-07-28T00:35:10.327866+00:00,SMC,SELL,1.35,False,PER_STRATEGY_MAX_OPEN_HIT,0.0,0.0,True,1.35,False,1.35
2026-07-28T00:36:10.728832+00:00,SMC,SELL,1.35,False,PER_STRATEGY_MAX_OPEN_HIT,0.0,0.0,True,1.35,False,1.35
2026-07-28T00:37:11.179011+00:00,SMC,SELL,1.5,False,PER_STRATEGY_MAX_OPEN_HIT,0.0,0.0,True,1.5,False,1.5
2026-07-28T00:38:11.598310+00:00,SMC,SELL,1.5,False,PER_STRATEGY_MAX_OPEN_HIT,0.0,0.0,True,1.5,False,1.5
2026-07-28T00:39:12.045423+00:00,SMC,SELL,1.35,False,PER_STRATEGY_MAX_OPEN_HIT,0.0,0.0,True,1.35,False,1.35
2026-07-28T00:40:12.462989+00:00,SMC,SELL,1.35,False,PER_STRATEGY_MAX_OPEN_HIT,0.0,0.0,True,1.35,False,1.35
2026-07-28T00:41:12.893203+00:00,SMC,SELL,1.35,False,PER_STRATEGY_MAX_OPEN_HIT,0.0,0.0,True,1.35,False,1.35
2026-07-28T00:42:13.382062+00:00,SMC,SELL,1.5,False,PER_STRATEGY_MAX_OPEN_HIT,0.0,0.0,True,1.5,False,1.5
2026-07-28T00:43:13.792604+00:00,SMC,SELL,1.5,False,PER_STRATEGY_MAX_OPEN_HIT,0.0,0.0,True,1.5,False,1.5
2026-07-28T00:44:14.202296+00:00,SMC,SELL,1.5,False,PER_STRATEGY_MAX_OPEN_HIT,0.0,0.0,True,1.5,False,1.5
2026-07-28T00:45:14.589048+00:00,SMC,SELL,1.5,False,PER_STRATEGY_MAX_OPEN_HIT,0.0,0.0,True,1.5,False,1.5
2026-07-28T00:46:15.379808+00:00,SMC,SELL,1.5,False,PER_STRATEGY_MAX_OPEN_HIT,0.0,0.0,True,1.5,False,1.5
2026-07-28T00:47:15.816730+00:00,SMC,SELL,1.5,False,PER_STRATEGY_MAX_OPEN_HIT,0.0,0.0,True,1.5,False,1.5
2026-07-28T00:48:16.242247+00:00,SMC,SELL,1.5,False,PER_STRATEGY_MAX_OPEN_HIT,0.0,0.0,True,1.5,False,1.5
2026-07-28T00:49:16.667640+00:00,SMC,SELL,1.5,False,PER_STRATEGY_MAX_OPEN_HIT,0.0,0.0,True,1.5,False,1.5
2026-07-28T00:50:17.058311+00:00,SMC,SELL,1.5,False,PER_STRATEGY_MAX_OPEN_HIT,0.0,0.0,True,1.5,False,1.5
2026-07-28T00:51:17.506668+00:00,SMC,SELL,1.5,False,PER_STRATEGY_MAX_OPEN_HIT,0.0,0.0,True,1.5,False,1.5
2026-07-28T00:52:17.971017+00:00,SMC,SELL,1.5,False,PER_STRATEGY_MAX_OPEN_HIT,0.0,0.0,True,1.5,False,1.5
2026-07-28T00:53:18.531571+00:00,SMC,SELL,1.5,False,PER_STRATEGY_MAX_OPEN_HIT,0.0,0.0,True,1.5,False,1.5
2026-07-28T00:54:19.024393+00:00,SMC,SELL,1.5,False,PER_STRATEGY_MAX_OPEN_HIT,0.0,0.0,True,1.5,False,1.5
2026-07-28T00:55:19.384562+00:00,SMC,SELL,1.5,False,PER_STRATEGY_MAX_OPEN_HIT,0.0,0.0,True,1.5,False,1.5
2026-07-28T00:56:19.828594+00:00,SMC,SELL,1.5,False,PER_STRATEGY_MAX_OPEN_HIT,0.0,0.0,True,1.5,False,1.5
2026-07-28T00:57:20.217561+00:00,SMC,SELL,1.5,False,PER_STRATEGY_MAX_OPEN_HIT,0.0,0.0,True,1.5,False,1.5
2026-07-28T00:58:20.627997+00:00,SMC,SELL,1.5,False,PER_STRATEGY_MAX_OPEN_HIT,0.0,0.0,True,1.5,False,1.5
2026-07-28T00:59:21.148383+00:00,SMC,SELL,1.5,False,PER_STRATEGY_MAX_OPEN_HIT,0.0,0.0,True,1.5,False,1.5
2026-07-28T01:00:21.604006+00:00,SMC,SELL,1.5,False,PER_STRATEGY_MAX_OPEN_HIT,0.0,0.0,True,1.5,False,1.5
2026-07-28T01:01:22.034646+00:00,SMC,SELL,1.5,False,PER_STRATEGY_MAX_OPEN_HIT,0.0,0.0,True,1.5,False,1.5
2026-07-28T01:02:22.438577+00:00,SMC,SELL,1.5,True,,0.75,0.07,True,1.5,True,0.75
2026-07-28T01:06:26.055050+00:00,SMC,SELL,1.5,False,PER_STRATEGY_MAX_OPEN_HIT,0.0,0.0,True,1.5,False,1.5
2026-07-28T01:07:26.456199+00:00,SMC,SELL,1.5,False,PER_STRATEGY_MAX_OPEN_HIT,0.0,0.0,True,1.5,False,1.5
2026-07-28T01:08:26.859855+00:00,SMC,SELL,1.5,False,PER_STRATEGY_MAX_OPEN_HIT,0.0,0.0,True,1.5,False,1.5
2026-07-28T01:09:27.292834+00:00,SMC,SELL,1.5,False,PER_STRATEGY_MAX_OPEN_HIT,0.0,0.0,True,1.5,False,1.5
2026-07-28T01:16:31.644016+00:00,SMC,SELL,1.5,False,PER_STRATEGY_MAX_OPEN_HIT,0.0,0.0,True,1.5,False,1.5
2026-07-28T01:17:32.044111+00:00,SMC,SELL,1.5,False,PER_STRATEGY_MAX_OPEN_HIT,0.0,0.0,True,1.5,False,1.5
2026-07-28T01:18:32.492270+00:00,SMC,SELL,1.35,False,PER_STRATEGY_MAX_OPEN_HIT,0.0,0.0,True,1.35,False,1.35
2026-07-28T01:19:32.935658+00:00,SMC,SELL,1.35,False,PER_STRATEGY_MAX_OPEN_HIT,0.0,0.0,True,1.35,False,1.35
2026-07-28T01:20:33.319826+00:00,SMC,SELL,1.5,False,PER_STRATEGY_MAX_OPEN_HIT,0.0,0.0,True,1.5,False,1.5
2026-07-28T01:21:33.713890+00:00,SMC,SELL,1.35,False,PER_STRATEGY_MAX_OPEN_HIT,0.0,0.0,True,1.35,False,1.35
2026-07-28T01:22:34.318839+00:00,SMC,SELL,1.35,False,PER_STRATEGY_MAX_OPEN_HIT,0.0,0.0,True,1.35,False,1.35
2026-07-28T01:23:34.742900+00:00,SMC,SELL,1.35,False,PER_STRATEGY_MAX_OPEN_HIT,0.0,0.0,True,1.35,False,1.35
2026-07-28T01:24:35.226787+00:00,SMC,SELL,1.35,False,PER_STRATEGY_MAX_OPEN_HIT,0.0,0.0,True,1.35,False,1.35
2026-07-28T01:25:35.635644+00:00,SMC,SELL,1.35,False,PER_STRATEGY_MAX_OPEN_HIT,0.0,0.0,True,1.35,False,1.35
2026-07-28T01:26:36.192915+00:00,SMC,SELL,1.35,False,PER_STRATEGY_MAX_OPEN_HIT,0.0,0.0,True,1.35,False,1.35
2026-07-28T01:27:36.635321+00:00,SMC,SELL,1.35,False,PER_STRATEGY_MAX_OPEN_HIT,0.0,0.0,True,1.35,False,1.35
2026-07-28T01:28:37.089209+00:00,SMC,SELL,1.35,False,PER_STRATEGY_MAX_OPEN_HIT,0.0,0.0,True,1.35,False,1.35
2026-07-28T01:29:37.596964+00:00,SMC,SELL,1.35,False,PER_STRATEGY_MAX_OPEN_HIT,0.0,0.0,True,1.35,False,1.35
2026-07-28T01:30:37.972132+00:00,SMC,SELL,1.5,False,PER_STRATEGY_MAX_OPEN_HIT,0.0,0.0,True,1.5,False,1.5
2026-07-28T01:31:38.352347+00:00,SMC,SELL,1.35,False,PER_STRATEGY_MAX_OPEN_HIT,0.0,0.0,True,1.35,False,1.35
2026-07-28T01:32:38.833254+00:00,SMC,SELL,1.5,False,PER_STRATEGY_MAX_OPEN_HIT,0.0,0.0,True,1.5,False,1.5
2026-07-28T01:33:39.219696+00:00,SMC,SELL,1.35,False,PER_STRATEGY_MAX_OPEN_HIT,0.0,0.0,True,1.35,False,1.35
2026-07-28T01:34:39.866525+00:00,SMC,SELL,1.5,False,PER_STRATEGY_MAX_OPEN_HIT,0.0,0.0,True,1.5,False,1.5
2026-07-28T01:35:40.347970+00:00,SMC,SELL,1.5,False,PER_STRATEGY_MAX_OPEN_HIT,0.0,0.0,True,1.5,False,1.5
2026-07-28T01:36:40.851716+00:00,SMC,SELL,1.35,False,PER_STRATEGY_MAX_OPEN_HIT,0.0,0.0,True,1.35,False,1.35
2026-07-28T01:37:41.330329+00:00,SMC,SELL,1.35,False,PER_STRATEGY_MAX_OPEN_HIT,0.0,0.0,True,1.35,False,1.35
2026-07-28T01:38:41.908509+00:00,SMC,SELL,1.35,False,PER_STRATEGY_MAX_OPEN_HIT,0.0,0.0,True,1.35,False,1.35
2026-07-28T01:39:42.613830+00:00,SMC,SELL,1.35,False,PER_STRATEGY_MAX_OPEN_HIT,0.0,0.0,True,1.35,False,1.35
2026-07-28T01:40:43.079786+00:00,SMC,SELL,1.35,False,PER_STRATEGY_MAX_OPEN_HIT,0.0,0.0,True,1.35,False,1.35
2026-07-28T01:41:43.480871+00:00,SMC,SELL,1.35,False,PER_STRATEGY_MAX_OPEN_HIT,0.0,0.0,True,1.35,False,1.35
2026-07-28T01:42:43.984984+00:00,SMC,SELL,1.35,False,PER_STRATEGY_MAX_OPEN_HIT,0.0,0.0,True,1.35,False,1.35
2026-07-28T01:43:44.629195+00:00,SMC,SELL,1.5,False,PER_STRATEGY_MAX_OPEN_HIT,0.0,0.0,True,1.5,False,1.5
2026-07-28T01:44:45.046365+00:00,SMC,SELL,1.35,False,PER_STRATEGY_MAX_OPEN_HIT,0.0,0.0,True,1.35,False,1.35
2026-07-28T01:47:46.515824+00:00,SMC,SELL,1.35,False,PER_STRATEGY_MAX_OPEN_HIT,0.0,0.0,True,1.35,False,1.35
2026-07-28T01:48:47.047775+00:00,SMC,SELL,1.35,False,PER_STRATEGY_MAX_OPEN_HIT,0.0,0.0,True,1.35,False,1.35
2026-07-28T01:49:47.578277+00:00,SMC,SELL,1.35,False,PER_STRATEGY_MAX_OPEN_HIT,0.0,0.0,True,1.35,False,1.35
2026-07-28T01:50:47.925069+00:00,SMC,SELL,1.35,False,PER_STRATEGY_MAX_OPEN_HIT,0.0,0.0,True,1.35,False,1.35
2026-07-28T01:51:48.615022+00:00,SMC,SELL,1.35,False,PER_STRATEGY_MAX_OPEN_HIT,0.0,0.0,True,1.35,False,1.35
2026-07-28T01:52:49.087389+00:00,SMC,SELL,1.35,False,PER_STRATEGY_MAX_OPEN_HIT,0.0,0.0,True,1.35,False,1.35
2026-07-28T01:53:49.507027+00:00,SMC,SELL,1.35,False,PER_STRATEGY_MAX_OPEN_HIT,0.0,0.0,True,1.35,False,1.35
2026-07-28T01:54:49.917227+00:00,SMC,SELL,1.35,False,PER_STRATEGY_MAX_OPEN_HIT,0.0,0.0,True,1.35,False,1.35
2026-07-28T01:55:50.433219+00:00,SMC,SELL,1.35,False,PER_STRATEGY_MAX_OPEN_HIT,0.0,0.0,True,1.35,False,1.35
2026-07-28T01:56:50.876786+00:00,SMC,SELL,1.35,False,PER_STRATEGY_MAX_OPEN_HIT,0.0,0.0,True,1.35,False,1.35
2026-07-28T01:57:51.284115+00:00,SMC,SELL,1.35,False,PER_STRATEGY_MAX_OPEN_HIT,0.0,0.0,True,1.35,False,1.35
2026-07-28T01:58:51.672416+00:00,SMC,SELL,1.35,False,PER_STRATEGY_MAX_OPEN_HIT,0.0,0.0,True,1.35,False,1.35
2026-07-28T01:59:52.410279+00:00,SMC,SELL,1.35,False,PER_STRATEGY_MAX_OPEN_HIT,0.0,0.0,True,1.35,False,1.35
2026-07-28T02:00:52.844712+00:00,SMC,SELL,1.35,False,PER_STRATEGY_MAX_OPEN_HIT,0.0,0.0,True,1.35,False,1.35
2026-07-28T02:01:53.231695+00:00,SMC,SELL,1.35,False,PER_STRATEGY_MAX_OPEN_HIT,0.0,0.0,True,1.35,False,1.35
2026-07-28T02:02:53.689748+00:00,SMC,SELL,1.35,False,PER_STRATEGY_MAX_OPEN_HIT,0.0,0.0,True,1.35,False,1.35
2026-07-28T02:03:54.068983+00:00,SMC,SELL,1.35,False,PER_STRATEGY_MAX_OPEN_HIT,0.0,0.0,True,1.35,False,1.35
2026-07-28T02:04:54.561830+00:00,SMC,SELL,1.35,False,PER_STRATEGY_MAX_OPEN_HIT,0.0,0.0,True,1.35,False,1.35
2026-07-28T02:05:54.900531+00:00,SMC,SELL,1.35,False,PER_STRATEGY_MAX_OPEN_HIT,0.0,0.0,True,1.35,False,1.35
2026-07-28T02:06:55.341568+00:00,SMC,SELL,1.5,False,PER_STRATEGY_MAX_OPEN_HIT,0.0,0.0,True,1.5,False,1.5
2026-07-28T02:07:55.772265+00:00,SMC,SELL,1.35,False,PER_STRATEGY_MAX_OPEN_HIT,0.0,0.0,True,1.35,False,1.35
2026-07-28T02:08:56.189712+00:00,SMC,SELL,1.5,False,PER_STRATEGY_MAX_OPEN_HIT,0.0,0.0,True,1.5,False,1.5
2026-07-28T02:09:56.620881+00:00,SMC,SELL,1.35,False,PER_STRATEGY_MAX_OPEN_HIT,0.0,0.0,True,1.35,False,1.35
2026-07-28T02:10:56.990082+00:00,SMC,SELL,1.35,False,PER_STRATEGY_MAX_OPEN_HIT,0.0,0.0,True,1.35,False,1.35
2026-07-28T02:11:57.457703+00:00,SMC,SELL,1.35,False,PER_STRATEGY_MAX_OPEN_HIT,0.0,0.0,True,1.35,False,1.35
2026-07-28T02:12:57.935889+00:00,SMC,SELL,1.35,False,PER_STRATEGY_MAX_OPEN_HIT,0.0,0.0,True,1.35,False,1.35
2026-07-28T02:13:58.389558+00:00,SMC,SELL,1.35,False,PER_STRATEGY_MAX_OPEN_HIT,0.0,0.0,True,1.35,False,1.35
2026-07-28T02:14:58.840154+00:00,SMC,SELL,1.35,False,PER_STRATEGY_MAX_OPEN_HIT,0.0,0.0,True,1.35,False,1.35
2026-07-28T02:15:59.245316+00:00,SMC,SELL,1.35,False,PER_STRATEGY_MAX_OPEN_HIT,0.0,0.0,True,1.35,False,1.35
2026-07-28T02:16:59.667235+00:00,SMC,SELL,1.35,False,PER_STRATEGY_MAX_OPEN_HIT,0.0,0.0,True,1.35,False,1.35
2026-07-28T02:18:00.141712+00:00,SMC,SELL,1.5,False,PER_STRATEGY_MAX_OPEN_HIT,0.0,0.0,True,1.5,False,1.5
2026-07-28T02:19:00.533040+00:00,SMC,SELL,1.35,False,PER_STRATEGY_MAX_OPEN_HIT,0.0,0.0,True,1.35,False,1.35
2026-07-28T02:20:01.003591+00:00,SMC,SELL,1.35,False,PER_STRATEGY_MAX_OPEN_HIT,0.0,0.0,True,1.35,False,1.35
2026-07-28T02:21:01.353054+00:00,SMC,SELL,1.35,True,,0.75,0.07,True,1.35,True,0.6
2026-07-28T02:21:01.942017+00:00,MICRO,BUY,1.35,True,,0.75,0.07,True,1.35,True,0.6
2026-07-28T02:25:03.907669+00:00,SMC,SELL,1.35,True,,0.75,0.07,True,1.35,True,0.6
2026-07-28T02:29:06.767853+00:00,SMC,SELL,1.35,False,PER_STRATEGY_MAX_OPEN_HIT,0.0,0.0,True,1.35,False,1.35
2026-07-28T02:30:07.215022+00:00,SMC,SELL,1.35,False,PER_STRATEGY_MAX_OPEN_HIT,0.0,0.0,True,1.35,False,1.35
2026-07-28T02:31:07.631635+00:00,SMC,SELL,1.35,False,PER_STRATEGY_MAX_OPEN_HIT,0.0,0.0,True,1.35,False,1.35
2026-07-28T02:32:08.041893+00:00,SMC,SELL,1.35,False,PER_STRATEGY_MAX_OPEN_HIT,0.0,0.0,True,1.35,False,1.35
2026-07-28T02:33:09.046483+00:00,SMC,SELL,1.35,False,PER_STRATEGY_MAX_OPEN_HIT,0.0,0.0,True,1.35,False,1.35
2026-07-28T02:34:09.417669+00:00,SMC,SELL,1.35,False,PER_STRATEGY_MAX_OPEN_HIT,0.0,0.0,True,1.35,False,1.35
2026-07-28T02:35:09.876641+00:00,SMC,SELL,1.35,False,PER_STRATEGY_MAX_OPEN_HIT,0.0,0.0,True,1.35,False,1.35
2026-07-28T02:36:10.272442+00:00,SMC,SELL,1.35,False,PER_STRATEGY_MAX_OPEN_HIT,0.0,0.0,True,1.35,False,1.35
2026-07-28T02:37:10.679448+00:00,SMC,SELL,1.35,False,PER_STRATEGY_MAX_OPEN_HIT,0.0,0.0,True,1.35,False,1.35
2026-07-28T02:38:11.146140+00:00,SMC,SELL,1.5,False,PER_STRATEGY_MAX_OPEN_HIT,0.0,0.0,True,1.5,False,1.5
2026-07-28T02:39:11.606901+00:00,SMC,SELL,1.35,False,PER_STRATEGY_MAX_OPEN_HIT,0.0,0.0,True,1.35,False,1.35
2026-07-28T02:40:12.027139+00:00,SMC,SELL,1.35,False,PER_STRATEGY_MAX_OPEN_HIT,0.0,0.0,True,1.35,False,1.35
2026-07-28T02:41:12.380757+00:00,SMC,SELL,1.35,False,PER_STRATEGY_MAX_OPEN_HIT,0.0,0.0,True,1.35,False,1.35
2026-07-28T02:42:12.862189+00:00,SMC,SELL,1.35,False,PER_STRATEGY_MAX_OPEN_HIT,0.0,0.0,True,1.35,False,1.35
2026-07-28T02:43:13.337062+00:00,SMC,SELL,1.35,False,PER_STRATEGY_MAX_OPEN_HIT,0.0,0.0,True,1.35,False,1.35
2026-07-28T02:44:13.732458+00:00,SMC,SELL,1.35,False,PER_STRATEGY_MAX_OPEN_HIT,0.0,0.0,True,1.35,False,1.35
2026-07-28T02:45:14.191815+00:00,SMC,SELL,1.35,False,PER_STRATEGY_MAX_OPEN_HIT,0.0,0.0,True,1.35,False,1.35
2026-07-28T02:46:14.575555+00:00,SMC,SELL,1.35,False,PER_STRATEGY_MAX_OPEN_HIT,0.0,0.0,True,1.35,False,1.35
2026-07-28T02:47:15.031040+00:00,SMC,SELL,1.35,False,PER_STRATEGY_MAX_OPEN_HIT,0.0,0.0,True,1.35,False,1.35
2026-07-28T02:48:15.493014+00:00,SMC,SELL,1.35,False,PER_STRATEGY_MAX_OPEN_HIT,0.0,0.0,True,1.35,False,1.35
2026-07-28T02:49:15.857202+00:00,SMC,SELL,1.5,False,PER_STRATEGY_MAX_OPEN_HIT,0.0,0.0,True,1.5,False,1.5
2026-07-28T02:50:16.326573+00:00,SMC,SELL,1.35,False,PER_STRATEGY_MAX_OPEN_HIT,0.0,0.0,True,1.35,False,1.35
2026-07-28T02:51:16.708013+00:00,SMC,SELL,1.35,False,PER_STRATEGY_MAX_OPEN_HIT,0.0,0.0,True,1.35,False,1.35
2026-07-28T02:52:17.149717+00:00,SMC,SELL,1.35,False,PER_STRATEGY_MAX_OPEN_HIT,0.0,0.0,True,1.35,False,1.35
2026-07-28T02:53:17.551976+00:00,SMC,SELL,1.35,False,PER_STRATEGY_MAX_OPEN_HIT,0.0,0.0,True,1.35,False,1.35
2026-07-28T02:54:17.921207+00:00,SMC,SELL,1.35,False,PER_STRATEGY_MAX_OPEN_HIT,0.0,0.0,True,1.35,False,1.35
2026-07-28T02:55:18.348338+00:00,SMC,SELL,1.35,False,PER_STRATEGY_MAX_OPEN_HIT,0.0,0.0,True,1.35,False,1.35
2026-07-28T02:56:18.729035+00:00,SMC,SELL,1.35,False,PER_STRATEGY_MAX_OPEN_HIT,0.0,0.0,True,1.35,False,1.35
2026-07-28T02:57:19.203377+00:00,SMC,SELL,1.35,False,PER_STRATEGY_MAX_OPEN_HIT,0.0,0.0,True,1.35,False,1.35
2026-07-28T02:58:19.694400+00:00,SMC,SELL,1.5,False,PER_STRATEGY_MAX_OPEN_HIT,0.0,0.0,True,1.5,False,1.5
2026-07-28T02:59:20.100634+00:00,SMC,SELL,1.35,False,PER_STRATEGY_MAX_OPEN_HIT,0.0,0.0,True,1.35,False,1.35
2026-07-28T03:00:20.517876+00:00,SMC,SELL,1.35,False,PER_STRATEGY_MAX_OPEN_HIT,0.0,0.0,True,1.35,False,1.35
2026-07-28T03:01:20.902824+00:00,SMC,SELL,1.35,False,PER_STRATEGY_MAX_OPEN_HIT,0.0,0.0,True,1.35,False,1.35
2026-07-28T03:02:21.302286+00:00,SMC,SELL,1.35,False,PER_STRATEGY_MAX_OPEN_HIT,0.0,0.0,True,1.35,False,1.35
2026-07-28T03:03:21.699679+00:00,SMC,SELL,1.35,False,PER_STRATEGY_MAX_OPEN_HIT,0.0,0.0,True,1.35,False,1.35
2026-07-28T03:04:22.054988+00:00,SMC,SELL,1.35,False,PER_STRATEGY_MAX_OPEN_HIT,0.0,0.0,True,1.35,False,1.35
2026-07-28T03:05:22.513499+00:00,SMC,SELL,1.35,True,,0.75,0.07,True,1.35,True,0.6
2026-07-28T03:08:24.700422+00:00,MICRO,BUY,1.35,True,,0.75,0.07,True,1.35,True,0.6
2026-07-28T03:09:25.210247+00:00,SMC,SELL,1.35,False,PER_STRATEGY_MAX_OPEN_HIT,0.0,0.0,True,1.35,False,1.35
2026-07-28T03:10:25.714575+00:00,SMC,SELL,1.35,False,PER_STRATEGY_MAX_OPEN_HIT,0.0,0.0,True,1.35,False,1.35
2026-07-28T03:11:26.111189+00:00,SMC,SELL,1.35,False,PER_STRATEGY_MAX_OPEN_HIT,0.0,0.0,True,1.35,False,1.35
2026-07-28T03:12:26.683074+00:00,SMC,SELL,1.35,False,PER_STRATEGY_MAX_OPEN_HIT,0.0,0.0,True,1.35,False,1.35
2026-07-28T03:13:27.168126+00:00,SMC,SELL,1.35,False,PER_STRATEGY_MAX_OPEN_HIT,0.0,0.0,True,1.35,False,1.35
2026-07-28T03:14:27.595082+00:00,SMC,SELL,1.35,False,PER_STRATEGY_MAX_OPEN_HIT,0.0,0.0,True,1.35,False,1.35
2026-07-28T03:15:28.028232+00:00,SMC,SELL,1.35,False,PER_STRATEGY_MAX_OPEN_HIT,0.0,0.0,True,1.35,False,1.35
2026-07-28T03:16:28.403487+00:00,SMC,SELL,1.35,False,PER_STRATEGY_MAX_OPEN_HIT,0.0,0.0,True,1.35,False,1.35
2026-07-28T03:17:28.858563+00:00,SMC,SELL,1.35,False,PER_STRATEGY_MAX_OPEN_HIT,0.0,0.0,True,1.35,False,1.35
2026-07-28T03:18:29.326326+00:00,SMC,SELL,1.5,False,PER_STRATEGY_MAX_OPEN_HIT,0.0,0.0,True,1.5,False,1.5
2026-07-28T03:19:29.745898+00:00,SMC,SELL,1.35,False,PER_STRATEGY_MAX_OPEN_HIT,0.0,0.0,True,1.35,False,1.35
2026-07-28T03:20:30.191277+00:00,SMC,SELL,1.5,False,PER_STRATEGY_MAX_OPEN_HIT,0.0,0.0,True,1.5,False,1.5
2026-07-28T03:21:30.579300+00:00,SMC,SELL,1.35,False,PER_STRATEGY_MAX_OPEN_HIT,0.0,0.0,True,1.35,False,1.35
2026-07-28T03:22:31.063229+00:00,SMC,SELL,1.35,False,PER_STRATEGY_MAX_OPEN_HIT,0.0,0.0,True,1.35,False,1.35
2026-07-28T03:24:31.944101+00:00,SMC,SELL,1.35,False,PER_STRATEGY_MAX_OPEN_HIT,0.0,0.0,True,1.35,False,1.35
2026-07-28T03:25:32.358127+00:00,SMC,SELL,1.35,False,PER_STRATEGY_MAX_OPEN_HIT,0.0,0.0,True,1.35,False,1.35
2026-07-28T03:26:32.744941+00:00,SMC,SELL,1.35,False,PER_STRATEGY_MAX_OPEN_HIT,0.0,0.0,True,1.35,False,1.35
2026-07-28T03:27:33.147691+00:00,SMC,SELL,1.35,False,PER_STRATEGY_MAX_OPEN_HIT,0.0,0.0,True,1.35,False,1.35
2026-07-28T03:28:33.537331+00:00,SMC,SELL,1.35,False,PER_STRATEGY_MAX_OPEN_HIT,0.0,0.0,True,1.35,False,1.35
2026-07-28T03:29:33.962499+00:00,SMC,SELL,1.35,False,PER_STRATEGY_MAX_OPEN_HIT,0.0,0.0,True,1.35,False,1.35
2026-07-28T03:30:34.405611+00:00,SMC,SELL,1.35,False,PER_STRATEGY_MAX_OPEN_HIT,0.0,0.0,True,1.35,False,1.35
2026-07-28T03:31:34.803533+00:00,SMC,SELL,1.35,False,PER_STRATEGY_MAX_OPEN_HIT,0.0,0.0,True,1.35,False,1.35
2026-07-28T03:37:37.572553+00:00,SMC,SELL,1.35,False,PER_STRATEGY_MAX_OPEN_HIT,0.0,0.0,True,1.35,False,1.35
2026-07-28T03:42:40.170433+00:00,SMC,SELL,1.35,False,PER_STRATEGY_MAX_OPEN_HIT,0.0,0.0,True,1.35,False,1.35
2026-07-28T03:43:40.632694+00:00,SMC,SELL,1.35,False,PER_STRATEGY_MAX_OPEN_HIT,0.0,0.0,True,1.35,False,1.35
2026-07-28T03:44:40.988577+00:00,SMC,SELL,1.35,False,PER_STRATEGY_MAX_OPEN_HIT,0.0,0.0,True,1.35,False,1.35
2026-07-28T03:45:41.393870+00:00,SMC,SELL,1.35,False,PER_STRATEGY_MAX_OPEN_HIT,0.0,0.0,True,1.35,False,1.35
2026-07-28T03:46:41.860693+00:00,SMC,SELL,1.35,False,PER_STRATEGY_MAX_OPEN_HIT,0.0,0.0,True,1.35,False,1.35
2026-07-28T03:47:42.285984+00:00,SMC,SELL,1.35,False,PER_STRATEGY_MAX_OPEN_HIT,0.0,0.0,True,1.35,False,1.35
2026-07-28T03:50:43.689958+00:00,SMC,SELL,1.35,False,PER_STRATEGY_MAX_OPEN_HIT,0.0,0.0,True,1.35,False,1.35
2026-07-28T03:51:44.082080+00:00,SMC,SELL,1.35,False,PER_STRATEGY_MAX_OPEN_HIT,0.0,0.0,True,1.35,False,1.35
2026-07-28T03:52:44.487683+00:00,SMC,SELL,1.5,False,PER_STRATEGY_MAX_OPEN_HIT,0.0,0.0,True,1.5,False,1.5
2026-07-28T03:55:45.889895+00:00,SMC,SELL,1.35,False,PER_STRATEGY_MAX_OPEN_HIT,0.0,0.0,True,1.35,False,1.35
2026-07-28T03:56:46.295425+00:00,SMC,SELL,1.35,False,PER_STRATEGY_MAX_OPEN_HIT,0.0,0.0,True,1.35,False,1.35
2026-07-28T03:57:46.720917+00:00,SMC,SELL,1.35,False,PER_STRATEGY_MAX_OPEN_HIT,0.0,0.0,True,1.35,False,1.35
2026-07-28T03:58:47.191073+00:00,SMC,SELL,1.35,False,PER_STRATEGY_MAX_OPEN_HIT,0.0,0.0,True,1.35,False,1.35
2026-07-28T03:59:47.628514+00:00,SMC,SELL,1.35,False,PER_STRATEGY_MAX_OPEN_HIT,0.0,0.0,True,1.35,False,1.35
2026-07-28T04:00:48.082810+00:00,SMC,SELL,1.35,False,PER_STRATEGY_MAX_OPEN_HIT,0.0,0.0,True,1.35,False,1.35
2026-07-28T04:01:48.480445+00:00,SMC,SELL,1.35,False,PER_STRATEGY_MAX_OPEN_HIT,0.0,0.0,True,1.35,False,1.35
2026-07-28T04:02:48.869284+00:00,SMC,SELL,1.35,False,PER_STRATEGY_MAX_OPEN_HIT,0.0,0.0,True,1.35,False,1.35
2026-07-28T04:03:49.290623+00:00,SMC,SELL,1.35,False,PER_STRATEGY_MAX_OPEN_HIT,0.0,0.0,True,1.35,False,1.35
2026-07-28T04:04:49.651014+00:00,SMC,SELL,1.35,False,PER_STRATEGY_MAX_OPEN_HIT,0.0,0.0,True,1.35,False,1.35
2026-07-28T04:05:50.194977+00:00,SMC,SELL,1.35,False,PER_STRATEGY_MAX_OPEN_HIT,0.0,0.0,True,1.35,False,1.35
2026-07-28T04:12:50.815075+00:00,SMC,SELL,1.35,False,PER_STRATEGY_MAX_OPEN_HIT,0.0,0.0,True,1.35,False,1.35
2026-07-28T04:13:51.200689+00:00,SMC,SELL,1.35,False,PER_STRATEGY_MAX_OPEN_HIT,0.0,0.0,True,1.35,False,1.35
2026-07-28T04:14:51.613152+00:00,SMC,SELL,1.35,False,PER_STRATEGY_MAX_OPEN_HIT,0.0,0.0,True,1.35,False,1.35
2026-07-28T04:15:52.008442+00:00,SMC,SELL,1.35,False,PER_STRATEGY_MAX_OPEN_HIT,0.0,0.0,True,1.35,False,1.35
2026-07-28T04:16:52.431577+00:00,SMC,SELL,1.35,False,PER_STRATEGY_MAX_OPEN_HIT,0.0,0.0,True,1.35,False,1.35
2026-07-28T04:17:52.894579+00:00,SMC,SELL,1.35,False,PER_STRATEGY_MAX_OPEN_HIT,0.0,0.0,True,1.35,False,1.35
2026-07-28T04:18:53.296345+00:00,SMC,SELL,1.35,False,PER_STRATEGY_MAX_OPEN_HIT,0.0,0.0,True,1.35,False,1.35
2026-07-28T04:19:53.783920+00:00,SMC,SELL,1.35,False,PER_STRATEGY_MAX_OPEN_HIT,0.0,0.0,True,1.35,False,1.35
2026-07-28T04:20:54.223039+00:00,SMC,SELL,1.35,False,PER_STRATEGY_MAX_OPEN_HIT,0.0,0.0,True,1.35,False,1.35
2026-07-28T04:21:54.653198+00:00,SMC,SELL,1.35,False,PER_STRATEGY_MAX_OPEN_HIT,0.0,0.0,True,1.35,False,1.35
2026-07-28T04:22:55.098538+00:00,SMC,SELL,1.35,False,PER_STRATEGY_MAX_OPEN_HIT,0.0,0.0,True,1.35,False,1.35
2026-07-28T04:23:55.521368+00:00,SMC,SELL,1.35,False,PER_STRATEGY_MAX_OPEN_HIT,0.0,0.0,True,1.35,False,1.35
2026-07-28T04:24:55.962253+00:00,SMC,SELL,1.35,False,PER_STRATEGY_MAX_OPEN_HIT,0.0,0.0,True,1.35,False,1.35
2026-07-28T04:25:56.422403+00:00,SMC,SELL,1.35,False,PER_STRATEGY_MAX_OPEN_HIT,0.0,0.0,True,1.35,False,1.35
2026-07-28T04:26:56.899869+00:00,SMC,SELL,1.35,False,PER_STRATEGY_MAX_OPEN_HIT,0.0,0.0,True,1.35,False,1.35
2026-07-28T04:30:57.419300+00:00,SMC,SELL,1.35,False,PER_STRATEGY_MAX_OPEN_HIT,0.0,0.0,True,1.35,False,1.35
2026-07-28T04:31:57.819434+00:00,SMC,SELL,1.35,False,PER_STRATEGY_MAX_OPEN_HIT,0.0,0.0,True,1.35,False,1.35
2026-07-28T04:32:58.233837+00:00,SMC,SELL,1.35,False,PER_STRATEGY_MAX_OPEN_HIT,0.0,0.0,True,1.35,False,1.35
2026-07-28T04:35:58.725943+00:00,SMC,SELL,1.35,False,PER_STRATEGY_MAX_OPEN_HIT,0.0,0.0,True,1.35,False,1.35
2026-07-28T04:38:59.173605+00:00,SMC,SELL,1.35,False,PER_STRATEGY_MAX_OPEN_HIT,0.0,0.0,True,1.35,False,1.35
2026-07-28T04:42:00.291604+00:00,SMC,SELL,1.35,False,PER_STRATEGY_MAX_OPEN_HIT,0.0,0.0,True,1.35,False,1.35
2026-07-28T04:43:00.718867+00:00,SMC,SELL,1.35,False,PER_STRATEGY_MAX_OPEN_HIT,0.0,0.0,True,1.35,False,1.35
2026-07-28T04:44:01.119680+00:00,SMC,SELL,1.35,False,PER_STRATEGY_MAX_OPEN_HIT,0.0,0.0,True,1.35,False,1.35
2026-07-28T04:45:01.553649+00:00,SMC,SELL,1.35,False,PER_STRATEGY_MAX_OPEN_HIT,0.0,0.0,True,1.35,False,1.35
2026-07-28T04:46:01.958833+00:00,SMC,SELL,1.35,False,PER_STRATEGY_MAX_OPEN_HIT,0.0,0.0,True,1.35,False,1.35
2026-07-28T04:47:02.429332+00:00,SMC,SELL,1.35,False,PER_STRATEGY_MAX_OPEN_HIT,0.0,0.0,True,1.35,False,1.35
2026-07-28T04:49:02.839993+00:00,SMC,SELL,1.5,False,PER_STRATEGY_MAX_OPEN_HIT,0.0,0.0,True,1.5,False,1.5
2026-07-28T04:50:03.315042+00:00,SMC,SELL,1.5,False,PER_STRATEGY_MAX_OPEN_HIT,0.0,0.0,True,1.5,False,1.5
2026-07-28T04:51:03.726418+00:00,SMC,SELL,1.35,False,PER_STRATEGY_MAX_OPEN_HIT,0.0,0.0,True,1.35,False,1.35
2026-07-28T04:52:04.182844+00:00,SMC,SELL,1.35,False,PER_STRATEGY_MAX_OPEN_HIT,0.0,0.0,True,1.35,False,1.35
2026-07-28T04:53:04.576423+00:00,SMC,SELL,1.35,False,PER_STRATEGY_MAX_OPEN_HIT,0.0,0.0,True,1.35,False,1.35
2026-07-28T04:54:04.967358+00:00,SMC,SELL,1.5,False,PER_STRATEGY_MAX_OPEN_HIT,0.0,0.0,True,1.5,False,1.5
2026-07-28T04:57:07.070966+00:00,SMC,SELL,1.35,False,PER_STRATEGY_MAX_OPEN_HIT,0.0,0.0,True,1.35,False,1.35
2026-07-28T04:58:07.451213+00:00,SMC,SELL,1.5,False,PER_STRATEGY_MAX_OPEN_HIT,0.0,0.0,True,1.5,False,1.5
2026-07-28T04:59:07.855325+00:00,SMC,SELL,1.5,False,PER_STRATEGY_MAX_OPEN_HIT,0.0,0.0,True,1.5,False,1.5
2026-07-28T05:00:08.379999+00:00,SMC,SELL,1.5,False,PER_STRATEGY_MAX_OPEN_HIT,0.0,0.0,True,1.5,False,1.5
2026-07-28T05:01:08.804979+00:00,SMC,SELL,1.5,False,PER_STRATEGY_MAX_OPEN_HIT,0.0,0.0,True,1.5,False,1.5
2026-07-28T05:02:09.268418+00:00,SMC,SELL,1.5,False,PER_STRATEGY_MAX_OPEN_HIT,0.0,0.0,True,1.5,False,1.5
2026-07-28T05:03:09.648473+00:00,SMC,SELL,1.35,False,PER_STRATEGY_MAX_OPEN_HIT,0.0,0.0,True,1.35,False,1.35
2026-07-28T05:04:10.067660+00:00,SMC,SELL,1.35,False,PER_STRATEGY_MAX_OPEN_HIT,0.0,0.0,True,1.35,False,1.35
2026-07-28T05:05:10.485908+00:00,SMC,SELL,1.35,False,PER_STRATEGY_MAX_OPEN_HIT,0.0,0.0,True,1.35,False,1.35
2026-07-28T05:06:10.913574+00:00,SMC,SELL,1.35,False,PER_STRATEGY_MAX_OPEN_HIT,0.0,0.0,True,1.35,False,1.35
2026-07-28T05:07:11.365500+00:00,SMC,SELL,1.35,False,PER_STRATEGY_MAX_OPEN_HIT,0.0,0.0,True,1.35,False,1.35
2026-07-28T05:08:11.797576+00:00,SMC,SELL,1.35,False,PER_STRATEGY_MAX_OPEN_HIT,0.0,0.0,True,1.35,False,1.35
2026-07-28T05:09:12.195085+00:00,SMC,SELL,1.35,False,PER_STRATEGY_MAX_OPEN_HIT,0.0,0.0,True,1.35,False,1.35
2026-07-28T05:10:12.597675+00:00,SMC,SELL,1.35,False,PER_STRATEGY_MAX_OPEN_HIT,0.0,0.0,True,1.35,False,1.35
2026-07-28T05:11:13.070046+00:00,SMC,SELL,1.5,False,PER_STRATEGY_MAX_OPEN_HIT,0.0,0.0,True,1.5,False,1.5
2026-07-28T05:12:13.712104+00:00,SMC,SELL,1.5,False,PER_STRATEGY_MAX_OPEN_HIT,0.0,0.0,True,1.5,False,1.5
2026-07-28T05:13:14.193259+00:00,SMC,SELL,1.5,False,PER_STRATEGY_MAX_OPEN_HIT,0.0,0.0,True,1.5,False,1.5
2026-07-28T05:14:14.645677+00:00,SMC,SELL,1.35,False,PER_STRATEGY_MAX_OPEN_HIT,0.0,0.0,True,1.35,False,1.35
2026-07-28T05:15:15.112206+00:00,SMC,SELL,1.35,False,PER_STRATEGY_MAX_OPEN_HIT,0.0,0.0,True,1.35,False,1.35
2026-07-28T05:16:15.538458+00:00,SMC,SELL,1.35,False,PER_STRATEGY_MAX_OPEN_HIT,0.0,0.0,True,1.35,False,1.35
2026-07-28T05:17:16.029962+00:00,SMC,SELL,1.35,False,PER_STRATEGY_MAX_OPEN_HIT,0.0,0.0,True,1.35,False,1.35
2026-07-28T05:18:16.519279+00:00,SMC,SELL,1.35,False,PER_STRATEGY_MAX_OPEN_HIT,0.0,0.0,True,1.35,False,1.35
2026-07-28T05:19:17.036580+00:00,SMC,SELL,1.35,False,PER_STRATEGY_MAX_OPEN_HIT,0.0,0.0,True,1.35,False,1.35
2026-07-28T05:20:17.507533+00:00,SMC,SELL,1.35,False,PER_STRATEGY_MAX_OPEN_HIT,0.0,0.0,True,1.35,False,1.35
2026-07-28T05:21:17.997114+00:00,SMC,SELL,1.35,False,PER_STRATEGY_MAX_OPEN_HIT,0.0,0.0,True,1.35,False,1.35
2026-07-28T05:22:18.467872+00:00,SMC,SELL,1.35,False,PER_STRATEGY_MAX_OPEN_HIT,0.0,0.0,True,1.35,False,1.35
2026-07-28T05:23:18.880636+00:00,SMC,SELL,1.35,False,PER_STRATEGY_MAX_OPEN_HIT,0.0,0.0,True,1.35,False,1.35
2026-07-28T05:24:19.349649+00:00,SMC,SELL,1.35,False,PER_STRATEGY_MAX_OPEN_HIT,0.0,0.0,True,1.35,False,1.35
2026-07-28T05:25:19.794469+00:00,SMC,SELL,1.35,False,PER_STRATEGY_MAX_OPEN_HIT,0.0,0.0,True,1.35,False,1.35
2026-07-28T05:26:20.254027+00:00,SMC,SELL,1.35,False,PER_STRATEGY_MAX_OPEN_HIT,0.0,0.0,True,1.35,False,1.35
2026-07-28T05:27:20.715962+00:00,SMC,SELL,1.5,False,PER_STRATEGY_MAX_OPEN_HIT,0.0,0.0,True,1.5,False,1.5
2026-07-28T05:28:21.151034+00:00,SMC,SELL,1.35,False,PER_STRATEGY_MAX_OPEN_HIT,0.0,0.0,True,1.35,False,1.35
2026-07-28T05:29:21.714266+00:00,SMC,SELL,1.35,False,PER_STRATEGY_MAX_OPEN_HIT,0.0,0.0,True,1.35,False,1.35
2026-07-28T05:30:22.198139+00:00,SMC,SELL,1.5,False,PER_STRATEGY_MAX_OPEN_HIT,0.0,0.0,True,1.5,False,1.5
2026-07-28T05:31:22.670886+00:00,SMC,SELL,1.5,False,PER_STRATEGY_MAX_OPEN_HIT,0.0,0.0,True,1.5,False,1.5
2026-07-28T05:32:23.167076+00:00,SMC,SELL,1.5,False,PER_STRATEGY_MAX_OPEN_HIT,0.0,0.0,True,1.5,False,1.5
2026-07-28T05:33:23.562213+00:00,SMC,SELL,1.35,False,PER_STRATEGY_MAX_OPEN_HIT,0.0,0.0,True,1.35,False,1.35
2026-07-28T05:34:23.965679+00:00,SMC,SELL,1.5,False,PER_STRATEGY_MAX_OPEN_HIT,0.0,0.0,True,1.5,False,1.5
2026-07-28T05:35:24.381587+00:00,SMC,SELL,1.5,False,PER_STRATEGY_MAX_OPEN_HIT,0.0,0.0,True,1.5,False,1.5
2026-07-28T05:36:24.902791+00:00,SMC,SELL,1.5,False,PER_STRATEGY_MAX_OPEN_HIT,0.0,0.0,True,1.5,False,1.5
2026-07-28T05:37:25.451245+00:00,SMC,SELL,1.5,False,PER_STRATEGY_MAX_OPEN_HIT,0.0,0.0,True,1.5,False,1.5
2026-07-28T05:38:25.909717+00:00,SMC,SELL,1.5,False,PER_STRATEGY_MAX_OPEN_HIT,0.0,0.0,True,1.5,False,1.5
2026-07-28T05:39:26.378995+00:00,SMC,SELL,1.5,False,PER_STRATEGY_MAX_OPEN_HIT,0.0,0.0,True,1.5,False,1.5
2026-07-28T05:40:26.867222+00:00,SMC,SELL,1.5,False,PER_STRATEGY_MAX_OPEN_HIT,0.0,0.0,True,1.5,False,1.5
2026-07-28T05:41:27.333514+00:00,SMC,SELL,1.5,False,PER_STRATEGY_MAX_OPEN_HIT,0.0,0.0,True,1.5,False,1.5
2026-07-28T05:42:27.925490+00:00,SMC,SELL,1.5,False,PER_STRATEGY_MAX_OPEN_HIT,0.0,0.0,True,1.5,False,1.5
2026-07-28T05:43:28.311342+00:00,SMC,SELL,1.5,False,PER_STRATEGY_MAX_OPEN_HIT,0.0,0.0,True,1.5,False,1.5
2026-07-28T05:44:28.761606+00:00,SMC,SELL,1.5,False,PER_STRATEGY_MAX_OPEN_HIT,0.0,0.0,True,1.5,False,1.5
2026-07-28T05:45:29.300081+00:00,SMC,SELL,1.5,False,PER_STRATEGY_MAX_OPEN_HIT,0.0,0.0,True,1.5,False,1.5
2026-07-28T05:46:29.768475+00:00,SMC,SELL,1.5,False,PER_STRATEGY_MAX_OPEN_HIT,0.0,0.0,True,1.5,False,1.5
2026-07-28T05:47:30.316637+00:00,SMC,SELL,1.35,False,PER_STRATEGY_MAX_OPEN_HIT,0.0,0.0,True,1.35,False,1.35
2026-07-28T05:48:30.722019+00:00,SMC,SELL,1.5,False,PER_STRATEGY_MAX_OPEN_HIT,0.0,0.0,True,1.5,False,1.5
2026-07-28T05:49:31.155101+00:00,SMC,SELL,1.5,False,PER_STRATEGY_MAX_OPEN_HIT,0.0,0.0,True,1.5,False,1.5
2026-07-28T05:50:31.677834+00:00,SMC,SELL,1.5,False,PER_STRATEGY_MAX_OPEN_HIT,0.0,0.0,True,1.5,False,1.5
2026-07-28T05:55:32.388689+00:00,SMC,SELL,1.5,False,PER_STRATEGY_MAX_OPEN_HIT,0.0,0.0,True,1.5,False,1.5
2026-07-28T05:56:32.810663+00:00,SMC,SELL,1.35,False,PER_STRATEGY_MAX_OPEN_HIT,0.0,0.0,True,1.35,False,1.35
2026-07-28T05:57:33.247109+00:00,SMC,SELL,1.5,False,PER_STRATEGY_MAX_OPEN_HIT,0.0,0.0,True,1.5,False,1.5
2026-07-28T05:58:33.725693+00:00,SMC,SELL,1.35,False,PER_STRATEGY_MAX_OPEN_HIT,0.0,0.0,True,1.35,False,1.35
2026-07-28T05:59:34.153139+00:00,SMC,SELL,1.5,False,PER_STRATEGY_MAX_OPEN_HIT,0.0,0.0,True,1.5,False,1.5
2026-07-28T06:00:34.616775+00:00,SMC,SELL,1.35,False,PER_STRATEGY_MAX_OPEN_HIT,0.0,0.0,True,1.35,False,1.35
2026-07-28T06:01:35.201625+00:00,SMC,SELL,1.5,False,PER_STRATEGY_MAX_OPEN_HIT,0.0,0.0,True,1.5,False,1.5
2026-07-28T06:02:35.628139+00:00,SMC,SELL,1.35,False,PER_STRATEGY_MAX_OPEN_HIT,0.0,0.0,True,1.35,False,1.35
2026-07-28T06:03:36.094593+00:00,SMC,SELL,1.35,False,PER_STRATEGY_MAX_OPEN_HIT,0.0,0.0,True,1.35,False,1.35
2026-07-28T06:04:36.569790+00:00,SMC,SELL,1.35,False,PER_STRATEGY_MAX_OPEN_HIT,0.0,0.0,True,1.35,False,1.35
2026-07-28T06:05:37.079838+00:00,SMC,SELL,1.35,False,PER_STRATEGY_MAX_OPEN_HIT,0.0,0.0,True,1.35,False,1.35
2026-07-28T06:06:37.486612+00:00,SMC,SELL,1.35,False,PER_STRATEGY_MAX_OPEN_HIT,0.0,0.0,True,1.35,False,1.35
2026-07-28T06:07:37.956068+00:00,SMC,SELL,1.5,False,PER_STRATEGY_MAX_OPEN_HIT,0.0,0.0,True,1.5,False,1.5
2026-07-28T06:08:38.438216+00:00,SMC,SELL,1.5,False,PER_STRATEGY_MAX_OPEN_HIT,0.0,0.0,True,1.5,False,1.5
2026-07-28T06:09:38.861056+00:00,SMC,SELL,1.5,False,PER_STRATEGY_MAX_OPEN_HIT,0.0,0.0,True,1.5,False,1.5
2026-07-28T06:11:39.407071+00:00,SMC,SELL,1.35,False,PER_STRATEGY_MAX_OPEN_HIT,0.0,0.0,True,1.35,False,1.35
2026-07-28T06:12:39.942331+00:00,SMC,SELL,1.35,False,PER_STRATEGY_MAX_OPEN_HIT,0.0,0.0,True,1.35,False,1.35
2026-07-28T06:13:40.422761+00:00,SMC,SELL,1.35,False,PER_STRATEGY_MAX_OPEN_HIT,0.0,0.0,True,1.35,False,1.35
2026-07-28T06:14:40.931065+00:00,SMC,SELL,1.35,False,PER_STRATEGY_MAX_OPEN_HIT,0.0,0.0,True,1.35,False,1.35
2026-07-28T06:15:41.423361+00:00,SMC,SELL,1.35,False,PER_STRATEGY_MAX_OPEN_HIT,0.0,0.0,True,1.35,False,1.35
2026-07-28T06:16:41.916596+00:00,SMC,SELL,1.35,False,PER_STRATEGY_MAX_OPEN_HIT,0.0,0.0,True,1.35,False,1.35
2026-07-28T06:17:42.353859+00:00,SMC,SELL,1.35,False,PER_STRATEGY_MAX_OPEN_HIT,0.0,0.0,True,1.35,False,1.35
2026-07-28T06:18:42.784238+00:00,SMC,SELL,1.35,False,PER_STRATEGY_MAX_OPEN_HIT,0.0,0.0,True,1.35,False,1.35
2026-07-28T06:19:43.217548+00:00,SMC,SELL,1.35,False,PER_STRATEGY_MAX_OPEN_HIT,0.0,0.0,True,1.35,False,1.35
2026-07-28T06:20:43.668062+00:00,SMC,SELL,1.35,False,PER_STRATEGY_MAX_OPEN_HIT,0.0,0.0,True,1.35,False,1.35
2026-07-28T06:21:44.284303+00:00,SMC,SELL,1.35,False,PER_STRATEGY_MAX_OPEN_HIT,0.0,0.0,True,1.35,False,1.35
2026-07-28T06:22:44.697660+00:00,SMC,SELL,1.35,False,PER_STRATEGY_MAX_OPEN_HIT,0.0,0.0,True,1.35,False,1.35
2026-07-28T06:23:45.182663+00:00,SMC,SELL,1.35,False,PER_STRATEGY_MAX_OPEN_HIT,0.0,0.0,True,1.35,False,1.35
2026-07-28T06:24:45.669513+00:00,SMC,SELL,1.35,False,PER_STRATEGY_MAX_OPEN_HIT,0.0,0.0,True,1.35,False,1.35
2026-07-28T06:25:46.104574+00:00,SMC,SELL,1.35,False,PER_STRATEGY_MAX_OPEN_HIT,0.0,0.0,True,1.35,False,1.35
2026-07-28T06:30:50.217305+00:00,SMC,SELL,1.5,False,PER_STRATEGY_MAX_OPEN_HIT,0.0,0.0,True,1.5,False,1.5
2026-07-28T06:58:04.271146+00:00,SMC,SELL,1.35,False,PER_STRATEGY_MAX_OPEN_HIT,0.0,0.0,True,1.35,False,1.35
2026-07-28T06:59:04.682717+00:00,SMC,SELL,1.35,False,PER_STRATEGY_MAX_OPEN_HIT,0.0,0.0,True,1.35,False,1.35
2026-07-28T07:00:05.116310+00:00,SMC,SELL,1.35,False,PER_STRATEGY_MAX_OPEN_HIT,0.0,0.0,True,1.35,False,1.35
2026-07-28T07:01:05.517085+00:00,SMC,SELL,1.35,False,PER_STRATEGY_MAX_OPEN_HIT,0.0,0.0,True,1.35,False,1.35
2026-07-28T07:02:05.955440+00:00,SMC,SELL,1.35,False,PER_STRATEGY_MAX_OPEN_HIT,0.0,0.0,True,1.35,False,1.35
2026-07-28T07:03:06.341644+00:00,SMC,SELL,1.35,False,PER_STRATEGY_MAX_OPEN_HIT,0.0,0.0,True,1.35,False,1.35
2026-07-28T07:04:06.777900+00:00,SMC,SELL,1.35,False,PER_STRATEGY_MAX_OPEN_HIT,0.0,0.0,True,1.35,False,1.35
2026-07-28T07:05:07.191424+00:00,SMC,SELL,1.5,False,PER_STRATEGY_MAX_OPEN_HIT,0.0,0.0,True,1.5,False,1.5
2026-07-28T07:06:07.674487+00:00,SMC,SELL,1.5,False,PER_STRATEGY_MAX_OPEN_HIT,0.0,0.0,True,1.5,False,1.5
2026-07-28T07:07:08.103906+00:00,SMC,SELL,1.5,False,PER_STRATEGY_MAX_OPEN_HIT,0.0,0.0,True,1.5,False,1.5
2026-07-28T07:08:08.472580+00:00,SMC,SELL,1.5,False,PER_STRATEGY_MAX_OPEN_HIT,0.0,0.0,True,1.5,False,1.5
2026-07-28T07:09:08.890642+00:00,SMC,SELL,1.5,False,PER_STRATEGY_MAX_OPEN_HIT,0.0,0.0,True,1.5,False,1.5
2026-07-28T07:10:09.306129+00:00,SMC,SELL,1.5,False,PER_STRATEGY_MAX_OPEN_HIT,0.0,0.0,True,1.5,False,1.5
2026-07-28T07:11:09.725057+00:00,SMC,SELL,1.5,False,PER_STRATEGY_MAX_OPEN_HIT,0.0,0.0,True,1.5,False,1.5
2026-07-28T07:12:10.178326+00:00,SMC,SELL,1.5,False,PER_STRATEGY_MAX_OPEN_HIT,0.0,0.0,True,1.5,False,1.5
2026-07-28T07:13:10.739748+00:00,SMC,SELL,1.5,False,PER_STRATEGY_MAX_OPEN_HIT,0.0,0.0,True,1.5,False,1.5
2026-07-28T07:14:11.153084+00:00,SMC,SELL,1.5,False,PER_STRATEGY_MAX_OPEN_HIT,0.0,0.0,True,1.5,False,1.5
2026-07-28T07:15:11.563312+00:00,SMC,SELL,1.5,False,PER_STRATEGY_MAX_OPEN_HIT,0.0,0.0,True,1.5,False,1.5
2026-07-28T07:16:11.974823+00:00,SMC,SELL,1.5,False,PER_STRATEGY_MAX_OPEN_HIT,0.0,0.0,True,1.5,False,1.5
2026-07-28T07:17:12.419190+00:00,SMC,SELL,1.5,False,PER_STRATEGY_MAX_OPEN_HIT,0.0,0.0,True,1.5,False,1.5
2026-07-28T07:18:12.827053+00:00,SMC,SELL,1.5,False,PER_STRATEGY_MAX_OPEN_HIT,0.0,0.0,True,1.5,False,1.5
2026-07-28T07:19:13.258310+00:00,SMC,SELL,1.5,False,PER_STRATEGY_MAX_OPEN_HIT,0.0,0.0,True,1.5,False,1.5
2026-07-28T07:20:13.645388+00:00,SMC,SELL,1.5,False,PER_STRATEGY_MAX_OPEN_HIT,0.0,0.0,True,1.5,False,1.5
2026-07-28T07:21:14.040048+00:00,SMC,SELL,1.5,False,PER_STRATEGY_MAX_OPEN_HIT,0.0,0.0,True,1.5,False,1.5
2026-07-28T07:22:14.446699+00:00,SMC,SELL,1.5,False,PER_STRATEGY_MAX_OPEN_HIT,0.0,0.0,True,1.5,False,1.5
2026-07-28T07:23:14.846737+00:00,SMC,SELL,1.5,False,PER_STRATEGY_MAX_OPEN_HIT,0.0,0.0,True,1.5,False,1.5
2026-07-28T07:24:15.265468+00:00,SMC,SELL,1.5,False,PER_STRATEGY_MAX_OPEN_HIT,0.0,0.0,True,1.5,False,1.5
2026-07-28T07:25:15.686587+00:00,SMC,SELL,1.5,False,PER_STRATEGY_MAX_OPEN_HIT,0.0,0.0,True,1.5,False,1.5
2026-07-28T07:26:16.119851+00:00,SMC,SELL,1.5,False,PER_STRATEGY_MAX_OPEN_HIT,0.0,0.0,True,1.5,False,1.5
2026-07-28T07:27:16.541408+00:00,SMC,SELL,1.5,False,PER_STRATEGY_MAX_OPEN_HIT,0.0,0.0,True,1.5,False,1.5
2026-07-28T07:28:16.940198+00:00,SMC,SELL,1.5,False,PER_STRATEGY_MAX_OPEN_HIT,0.0,0.0,True,1.5,False,1.5
2026-07-28T07:29:17.360753+00:00,SMC,SELL,1.5,False,PER_STRATEGY_MAX_OPEN_HIT,0.0,0.0,True,1.5,False,1.5
2026-07-28T07:30:17.765768+00:00,SMC,SELL,1.35,False,PER_STRATEGY_MAX_OPEN_HIT,0.0,0.0,True,1.35,False,1.35
2026-07-28T07:31:18.165834+00:00,SMC,SELL,1.5,False,PER_STRATEGY_MAX_OPEN_HIT,0.0,0.0,True,1.5,False,1.5
2026-07-28T07:32:18.572954+00:00,SMC,SELL,1.5,False,PER_STRATEGY_MAX_OPEN_HIT,0.0,0.0,True,1.5,False,1.5
2026-07-28T07:33:18.954301+00:00,SMC,SELL,1.35,False,PER_STRATEGY_MAX_OPEN_HIT,0.0,0.0,True,1.35,False,1.35
2026-07-28T07:34:19.379582+00:00,SMC,SELL,1.5,False,PER_STRATEGY_MAX_OPEN_HIT,0.0,0.0,True,1.5,False,1.5
2026-07-28T07:35:19.783391+00:00,SMC,SELL,1.35,False,PER_STRATEGY_MAX_OPEN_HIT,0.0,0.0,True,1.35,False,1.35
2026-07-28T07:36:20.187475+00:00,SMC,SELL,1.35,False,PER_STRATEGY_MAX_OPEN_HIT,0.0,0.0,True,1.35,False,1.35
2026-07-28T07:37:20.618503+00:00,SMC,SELL,1.35,False,PER_STRATEGY_MAX_OPEN_HIT,0.0,0.0,True,1.35,False,1.35
2026-07-28T07:38:21.005947+00:00,SMC,SELL,1.35,False,PER_STRATEGY_MAX_OPEN_HIT,0.0,0.0,True,1.35,False,1.35
2026-07-28T07:39:21.415184+00:00,SMC,SELL,1.35,False,PER_STRATEGY_MAX_OPEN_HIT,0.0,0.0,True,1.35,False,1.35
2026-07-28T07:40:21.825265+00:00,SMC,SELL,1.5,False,PER_STRATEGY_MAX_OPEN_HIT,0.0,0.0,True,1.5,False,1.5
2026-07-28T07:41:22.240290+00:00,SMC,SELL,1.5,False,PER_STRATEGY_MAX_OPEN_HIT,0.0,0.0,True,1.5,False,1.5
2026-07-28T07:42:22.677303+00:00,SMC,SELL,1.5,False,PER_STRATEGY_MAX_OPEN_HIT,0.0,0.0,True,1.5,False,1.5
2026-07-28T07:43:23.081483+00:00,SMC,SELL,1.5,False,PER_STRATEGY_MAX_OPEN_HIT,0.0,0.0,True,1.5,False,1.5
2026-07-28T07:44:23.490963+00:00,SMC,SELL,1.35,False,PER_STRATEGY_MAX_OPEN_HIT,0.0,0.0,True,1.35,False,1.35
2026-07-28T07:45:23.880240+00:00,SMC,SELL,1.5,False,PER_STRATEGY_MAX_OPEN_HIT,0.0,0.0,True,1.5,False,1.5
2026-07-28T07:46:24.292918+00:00,SMC,SELL,1.5,False,PER_STRATEGY_MAX_OPEN_HIT,0.0,0.0,True,1.5,False,1.5
2026-07-28T07:47:24.714429+00:00,SMC,SELL,1.5,False,PER_STRATEGY_MAX_OPEN_HIT,0.0,0.0,True,1.5,False,1.5
2026-07-28T07:48:25.099471+00:00,SMC,SELL,1.5,False,PER_STRATEGY_MAX_OPEN_HIT,0.0,0.0,True,1.5,False,1.5
2026-07-28T07:49:25.490235+00:00,SMC,SELL,1.5,False,PER_STRATEGY_MAX_OPEN_HIT,0.0,0.0,True,1.5,False,1.5
2026-07-28T07:50:25.896579+00:00,SMC,SELL,1.5,False,PER_STRATEGY_MAX_OPEN_HIT,0.0,0.0,True,1.5,False,1.5
2026-07-28T07:51:26.306968+00:00,SMC,SELL,1.35,False,PER_STRATEGY_MAX_OPEN_HIT,0.0,0.0,True,1.35,False,1.35
2026-07-28T07:52:26.752584+00:00,SMC,SELL,1.5,False,PER_STRATEGY_MAX_OPEN_HIT,0.0,0.0,True,1.5,False,1.5
2026-07-28T07:53:27.135447+00:00,SMC,SELL,1.5,False,PER_STRATEGY_MAX_OPEN_HIT,0.0,0.0,True,1.5,False,1.5
2026-07-28T07:54:27.555026+00:00,SMC,SELL,1.35,False,PER_STRATEGY_MAX_OPEN_HIT,0.0,0.0,True,1.35,False,1.35
2026-07-28T07:55:27.965307+00:00,SMC,SELL,1.5,False,PER_STRATEGY_MAX_OPEN_HIT,0.0,0.0,True,1.5,False,1.5
2026-07-28T07:56:28.394725+00:00,SMC,SELL,1.5,False,PER_STRATEGY_MAX_OPEN_HIT,0.0,0.0,True,1.5,False,1.5
2026-07-28T07:57:28.830473+00:00,SMC,SELL,1.5,False,PER_STRATEGY_MAX_OPEN_HIT,0.0,0.0,True,1.5,False,1.5
2026-07-28T07:58:29.405172+00:00,SMC,SELL,1.5,False,PER_STRATEGY_MAX_OPEN_HIT,0.0,0.0,True,1.5,False,1.5
2026-07-28T07:59:29.838886+00:00,SMC,SELL,1.5,False,PER_STRATEGY_MAX_OPEN_HIT,0.0,0.0,True,1.5,False,1.5
2026-07-28T10:00:30.813278+00:00,SMC,SELL,1.5,True,,0.75,0.07,True,1.5,True,0.75
2026-07-28T10:04:33.610122+00:00,SMC,SELL,1.5,False,PER_STRATEGY_MAX_OPEN_HIT,0.0,0.0,True,1.5,False,1.5
2026-07-28T10:07:34.991969+00:00,SMC,SELL,1.5,False,PER_STRATEGY_MAX_OPEN_HIT,0.0,0.0,True,1.5,False,1.5
2026-07-28T10:08:35.395752+00:00,SMC,SELL,1.35,False,PER_STRATEGY_MAX_OPEN_HIT,0.0,0.0,True,1.35,False,1.35
2026-07-28T10:09:35.811860+00:00,SMC,SELL,1.35,False,PER_STRATEGY_MAX_OPEN_HIT,0.0,0.0,True,1.35,False,1.35
2026-07-28T10:10:36.248442+00:00,SMC,SELL,1.35,False,PER_STRATEGY_MAX_OPEN_HIT,0.0,0.0,True,1.35,False,1.35
2026-07-28T10:11:36.621480+00:00,SMC,SELL,1.35,False,PER_STRATEGY_MAX_OPEN_HIT,0.0,0.0,True,1.35,False,1.35
2026-07-28T10:12:37.026029+00:00,SMC,SELL,1.35,False,PER_STRATEGY_MAX_OPEN_HIT,0.0,0.0,True,1.35,False,1.35
2026-07-28T10:13:37.439506+00:00,SMC,SELL,1.35,False,PER_STRATEGY_MAX_OPEN_HIT,0.0,0.0,True,1.35,False,1.35
2026-07-28T10:14:37.841440+00:00,SMC,SELL,1.35,False,PER_STRATEGY_MAX_OPEN_HIT,0.0,0.0,True,1.35,False,1.35
2026-07-28T10:15:38.300075+00:00,SMC,SELL,1.5,False,PER_STRATEGY_MAX_OPEN_HIT,0.0,0.0,True,1.5,False,1.5
2026-07-28T10:16:38.681481+00:00,SMC,SELL,1.5,False,PER_STRATEGY_MAX_OPEN_HIT,0.0,0.0,True,1.5,False,1.5
2026-07-28T10:17:39.115079+00:00,SMC,SELL,1.35,False,PER_STRATEGY_MAX_OPEN_HIT,0.0,0.0,True,1.35,False,1.35
2026-07-28T10:18:39.514420+00:00,SMC,SELL,1.35,False,PER_STRATEGY_MAX_OPEN_HIT,0.0,0.0,True,1.35,False,1.35
2026-07-28T10:19:39.903783+00:00,SMC,SELL,1.35,False,PER_STRATEGY_MAX_OPEN_HIT,0.0,0.0,True,1.35,False,1.35
2026-07-28T10:20:40.345374+00:00,SMC,SELL,1.5,False,PER_STRATEGY_MAX_OPEN_HIT,0.0,0.0,True,1.5,False,1.5
2026-07-28T10:21:40.718763+00:00,SMC,SELL,1.35,False,PER_STRATEGY_MAX_OPEN_HIT,0.0,0.0,True,1.35,False,1.35
2026-07-28T10:22:41.122050+00:00,SMC,SELL,1.5,False,PER_STRATEGY_MAX_OPEN_HIT,0.0,0.0,True,1.5,False,1.5
2026-07-28T10:23:41.533488+00:00,SMC,SELL,1.35,False,PER_STRATEGY_MAX_OPEN_HIT,0.0,0.0,True,1.35,False,1.35
2026-07-28T10:24:41.943848+00:00,SMC,SELL,1.35,False,PER_STRATEGY_MAX_OPEN_HIT,0.0,0.0,True,1.35,False,1.35
2026-07-28T10:25:42.411761+00:00,SMC,SELL,1.35,False,PER_STRATEGY_MAX_OPEN_HIT,0.0,0.0,True,1.35,False,1.35
2026-07-28T10:26:42.803780+00:00,SMC,SELL,1.35,False,PER_STRATEGY_MAX_OPEN_HIT,0.0,0.0,True,1.35,False,1.35
2026-07-28T10:27:43.238078+00:00,SMC,SELL,1.35,False,PER_STRATEGY_MAX_OPEN_HIT,0.0,0.0,True,1.35,False,1.35
2026-07-28T10:28:43.724530+00:00,SMC,SELL,1.35,False,PER_STRATEGY_MAX_OPEN_HIT,0.0,0.0,True,1.35,False,1.35
2026-07-28T10:29:44.149582+00:00,SMC,SELL,1.35,False,PER_STRATEGY_MAX_OPEN_HIT,0.0,0.0,True,1.35,False,1.35
2026-07-28T10:30:44.598307+00:00,SMC,SELL,1.35,False,PER_STRATEGY_MAX_OPEN_HIT,0.0,0.0,True,1.35,False,1.35
2026-07-28T10:31:44.989777+00:00,SMC,SELL,1.35,False,PER_STRATEGY_MAX_OPEN_HIT,0.0,0.0,True,1.35,False,1.35
2026-07-28T10:32:45.415116+00:00,SMC,SELL,1.35,False,PER_STRATEGY_MAX_OPEN_HIT,0.0,0.0,True,1.35,False,1.35
2026-07-28T10:33:45.836683+00:00,SMC,SELL,1.5,False,PER_STRATEGY_MAX_OPEN_HIT,0.0,0.0,True,1.5,False,1.5
2026-07-28T10:34:46.251288+00:00,SMC,SELL,1.35,False,PER_STRATEGY_MAX_OPEN_HIT,0.0,0.0,True,1.35,False,1.35
2026-07-28T10:35:46.695245+00:00,SMC,SELL,1.35,False,PER_STRATEGY_MAX_OPEN_HIT,0.0,0.0,True,1.35,False,1.35
2026-07-28T10:36:47.086935+00:00,SMC,SELL,1.35,False,PER_STRATEGY_MAX_OPEN_HIT,0.0,0.0,True,1.35,False,1.35
2026-07-28T10:37:47.497860+00:00,SMC,SELL,1.5,False,PER_STRATEGY_MAX_OPEN_HIT,0.0,0.0,True,1.5,False,1.5
2026-07-28T10:38:47.888941+00:00,SMC,SELL,1.35,False,PER_STRATEGY_MAX_OPEN_HIT,0.0,0.0,True,1.35,False,1.35
2026-07-28T10:39:48.307793+00:00,SMC,SELL,1.5,False,PER_STRATEGY_MAX_OPEN_HIT,0.0,0.0,True,1.5,False,1.5
2026-07-28T10:45:51.146822+00:00,SMC,SELL,1.35,False,PER_STRATEGY_MAX_OPEN_HIT,0.0,0.0,True,1.35,False,1.35
2026-07-28T10:46:51.540758+00:00,SMC,SELL,1.5,False,PER_STRATEGY_MAX_OPEN_HIT,0.0,0.0,True,1.5,False,1.5
2026-07-28T10:47:51.967760+00:00,SMC,SELL,1.35,False,PER_STRATEGY_MAX_OPEN_HIT,0.0,0.0,True,1.35,False,1.35
2026-07-28T10:48:52.408264+00:00,SMC,SELL,1.35,False,PER_STRATEGY_MAX_OPEN_HIT,0.0,0.0,True,1.35,False,1.35
2026-07-28T10:49:52.826044+00:00,SMC,SELL,1.35,False,PER_STRATEGY_MAX_OPEN_HIT,0.0,0.0,True,1.35,False,1.35
2026-07-28T10:50:53.260034+00:00,SMC,SELL,1.35,False,PER_STRATEGY_MAX_OPEN_HIT,0.0,0.0,True,1.35,False,1.35
2026-07-28T10:51:53.667011+00:00,SMC,SELL,1.35,False,PER_STRATEGY_MAX_OPEN_HIT,0.0,0.0,True,1.35,False,1.35
2026-07-28T10:52:54.062336+00:00,SMC,SELL,1.35,False,PER_STRATEGY_MAX_OPEN_HIT,0.0,0.0,True,1.35,False,1.35
2026-07-28T10:53:54.476827+00:00,SMC,SELL,1.35,False,PER_STRATEGY_MAX_OPEN_HIT,0.0,0.0,True,1.35,False,1.35
2026-07-28T10:54:54.893014+00:00,SMC,SELL,1.35,False,PER_STRATEGY_MAX_OPEN_HIT,0.0,0.0,True,1.35,False,1.35
2026-07-28T10:55:55.326187+00:00,SMC,SELL,1.35,False,PER_STRATEGY_MAX_OPEN_HIT,0.0,0.0,True,1.35,False,1.35
2026-07-28T10:56:55.721356+00:00,SMC,SELL,1.35,False,PER_STRATEGY_MAX_OPEN_HIT,0.0,0.0,True,1.35,False,1.35
2026-07-28T10:57:56.124543+00:00,SMC,SELL,1.35,False,PER_STRATEGY_MAX_OPEN_HIT,0.0,0.0,True,1.35,False,1.35
2026-07-28T10:58:56.538364+00:00,SMC,SELL,1.35,False,PER_STRATEGY_MAX_OPEN_HIT,0.0,0.0,True,1.35,False,1.35
2026-07-28T10:59:56.929179+00:00,SMC,SELL,1.35,False,PER_STRATEGY_MAX_OPEN_HIT,0.0,0.0,True,1.35,False,1.35
2026-07-28T11:00:57.396891+00:00,SMC,SELL,1.35,False,PER_STRATEGY_MAX_OPEN_HIT,0.0,0.0,True,1.35,False,1.35
2026-07-28T11:01:57.765746+00:00,SMC,SELL,1.35,False,PER_STRATEGY_MAX_OPEN_HIT,0.0,0.0,True,1.35,False,1.35
2026-07-28T11:02:58.174801+00:00,SMC,SELL,1.35,False,PER_STRATEGY_MAX_OPEN_HIT,0.0,0.0,True,1.35,False,1.35
2026-07-28T11:03:58.601253+00:00,SMC,SELL,1.35,False,PER_STRATEGY_MAX_OPEN_HIT,0.0,0.0,True,1.35,False,1.35
2026-07-28T11:04:59.017187+00:00,SMC,SELL,1.35,False,PER_STRATEGY_MAX_OPEN_HIT,0.0,0.0,True,1.35,False,1.35
2026-07-28T11:05:59.440208+00:00,SMC,SELL,1.35,False,PER_STRATEGY_MAX_OPEN_HIT,0.0,0.0,True,1.35,False,1.35
2026-07-28T11:06:59.814677+00:00,SMC,SELL,1.35,False,PER_STRATEGY_MAX_OPEN_HIT,0.0,0.0,True,1.35,False,1.35
2026-07-28T11:08:00.298047+00:00,SMC,SELL,1.35,False,PER_STRATEGY_MAX_OPEN_HIT,0.0,0.0,True,1.35,False,1.35
2026-07-28T11:09:00.735156+00:00,SMC,SELL,1.5,False,PER_STRATEGY_MAX_OPEN_HIT,0.0,0.0,True,1.5,False,1.5
2026-07-28T11:10:01.137223+00:00,SMC,SELL,1.35,False,PER_STRATEGY_MAX_OPEN_HIT,0.0,0.0,True,1.35,False,1.35
2026-07-28T11:11:01.585895+00:00,SMC,SELL,1.35,False,PER_STRATEGY_MAX_OPEN_HIT,0.0,0.0,True,1.35,False,1.35
2026-07-28T11:12:01.968439+00:00,SMC,SELL,1.35,False,PER_STRATEGY_MAX_OPEN_HIT,0.0,0.0,True,1.35,False,1.35
2026-07-28T11:13:02.367192+00:00,SMC,SELL,1.35,False,PER_STRATEGY_MAX_OPEN_HIT,0.0,0.0,True,1.35,False,1.35
2026-07-28T11:14:02.764974+00:00,SMC,SELL,1.35,False,PER_STRATEGY_MAX_OPEN_HIT,0.0,0.0,True,1.35,False,1.35
2026-07-28T11:15:03.188334+00:00,SMC,SELL,1.35,False,PER_STRATEGY_MAX_OPEN_HIT,0.0,0.0,True,1.35,False,1.35
2026-07-28T11:16:03.639600+00:00,SMC,SELL,1.35,False,PER_STRATEGY_MAX_OPEN_HIT,0.0,0.0,True,1.35,False,1.35
2026-07-28T11:17:04.043432+00:00,SMC,SELL,1.5,False,PER_STRATEGY_MAX_OPEN_HIT,0.0,0.0,True,1.5,False,1.5
2026-07-28T11:18:04.452315+00:00,SMC,SELL,1.35,False,PER_STRATEGY_MAX_OPEN_HIT,0.0,0.0,True,1.35,False,1.35
2026-07-28T11:19:04.869368+00:00,SMC,SELL,1.5,True,,0.75,0.07,True,1.5,True,0.75
2026-07-28T11:19:05.435173+00:00,MICRO,BUY,1.35,True,,0.75,0.07,True,1.35,True,0.6
2026-07-28T11:23:08.122985+00:00,SMC,SELL,1.35,False,PER_STRATEGY_MAX_OPEN_HIT,0.0,0.0,True,1.35,False,1.35
2026-07-28T11:24:08.513880+00:00,SMC,SELL,1.35,False,PER_STRATEGY_MAX_OPEN_HIT,0.0,0.0,True,1.35,False,1.35
2026-07-28T11:25:08.973363+00:00,SMC,SELL,1.35,False,PER_STRATEGY_MAX_OPEN_HIT,0.0,0.0,True,1.35,False,1.35
2026-07-28T11:26:09.434901+00:00,SMC,SELL,1.35,False,PER_STRATEGY_MAX_OPEN_HIT,0.0,0.0,True,1.35,False,1.35
2026-07-28T11:27:09.796125+00:00,SMC,SELL,1.35,False,PER_STRATEGY_MAX_OPEN_HIT,0.0,0.0,True,1.35,False,1.35
2026-07-28T11:28:10.214447+00:00,SMC,SELL,1.35,False,PER_STRATEGY_MAX_OPEN_HIT,0.0,0.0,True,1.35,False,1.35
2026-07-28T11:29:10.612284+00:00,SMC,SELL,1.35,False,PER_STRATEGY_MAX_OPEN_HIT,0.0,0.0,True,1.35,False,1.35
2026-07-28T11:30:11.056994+00:00,SMC,SELL,1.35,False,PER_STRATEGY_MAX_OPEN_HIT,0.0,0.0,True,1.35,False,1.35
2026-07-28T11:31:11.472055+00:00,SMC,SELL,1.35,False,PER_STRATEGY_MAX_OPEN_HIT,0.0,0.0,True,1.35,False,1.35
2026-07-28T11:32:11.871445+00:00,SMC,SELL,1.35,False,PER_STRATEGY_MAX_OPEN_HIT,0.0,0.0,True,1.35,False,1.35
2026-07-28T11:33:12.284169+00:00,SMC,SELL,1.35,False,PER_STRATEGY_MAX_OPEN_HIT,0.0,0.0,True,1.35,False,1.35
2026-07-28T11:34:12.880926+00:00,SMC,SELL,1.35,False,PER_STRATEGY_MAX_OPEN_HIT,0.0,0.0,True,1.35,False,1.35
2026-07-28T11:35:13.295265+00:00,SMC,SELL,1.35,False,PER_STRATEGY_MAX_OPEN_HIT,0.0,0.0,True,1.35,False,1.35
2026-07-28T11:36:13.713434+00:00,SMC,SELL,1.35,False,PER_STRATEGY_MAX_OPEN_HIT,0.0,0.0,True,1.35,False,1.35
2026-07-28T11:43:16.970637+00:00,SMC,SELL,1.35,False,PER_STRATEGY_MAX_OPEN_HIT,0.0,0.0,True,1.35,False,1.35
2026-07-28T11:44:17.385916+00:00,SMC,SELL,1.35,False,PER_STRATEGY_MAX_OPEN_HIT,0.0,0.0,True,1.35,False,1.35
2026-07-28T11:45:17.790807+00:00,SMC,SELL,1.35,False,PER_STRATEGY_MAX_OPEN_HIT,0.0,0.0,True,1.35,False,1.35
2026-07-28T11:46:18.213647+00:00,SMC,SELL,1.35,False,PER_STRATEGY_MAX_OPEN_HIT,0.0,0.0,True,1.35,False,1.35
2026-07-28T11:47:18.598412+00:00,SMC,SELL,1.35,False,PER_STRATEGY_MAX_OPEN_HIT,0.0,0.0,True,1.35,False,1.35
2026-07-28T11:48:19.015073+00:00,SMC,SELL,1.35,False,PER_STRATEGY_MAX_OPEN_HIT,0.0,0.0,True,1.35,False,1.35
2026-07-28T11:49:19.407609+00:00,SMC,SELL,1.35,False,PER_STRATEGY_MAX_OPEN_HIT,0.0,0.0,True,1.35,False,1.35
2026-07-28T11:50:19.811934+00:00,SMC,SELL,1.35,False,PER_STRATEGY_MAX_OPEN_HIT,0.0,0.0,True,1.35,False,1.35
2026-07-28T11:51:20.267869+00:00,SMC,SELL,1.35,False,PER_STRATEGY_MAX_OPEN_HIT,0.0,0.0,True,1.35,False,1.35
2026-07-28T11:52:20.738689+00:00,SMC,SELL,1.35,False,PER_STRATEGY_MAX_OPEN_HIT,0.0,0.0,True,1.35,False,1.35
2026-07-28T11:53:21.906916+00:00,SMC,SELL,1.35,False,PER_STRATEGY_MAX_OPEN_HIT,0.0,0.0,True,1.35,False,1.35
2026-07-28T11:54:23.026263+00:00,SMC,SELL,1.35,False,PER_STRATEGY_MAX_OPEN_HIT,0.0,0.0,True,1.35,False,1.35
2026-07-28T11:55:23.609096+00:00,SMC,SELL,1.35,False,PER_STRATEGY_MAX_OPEN_HIT,0.0,0.0,True,1.35,False,1.35
2026-07-28T11:56:24.351784+00:00,SMC,SELL,1.35,False,PER_STRATEGY_MAX_OPEN_HIT,0.0,0.0,True,1.35,False,1.35
2026-07-28T11:57:24.844553+00:00,SMC,SELL,1.35,False,PER_STRATEGY_MAX_OPEN_HIT,0.0,0.0,True,1.35,False,1.35
2026-07-28T11:58:25.869395+00:00,SMC,SELL,1.35,False,PER_STRATEGY_MAX_OPEN_HIT,0.0,0.0,True,1.35,False,1.35
2026-07-28T11:59:26.647006+00:00,SMC,SELL,1.35,False,PER_STRATEGY_MAX_OPEN_HIT,0.0,0.0,True,1.35,False,1.35
2026-07-28T12:00:27.200477+00:00,SMC,SELL,1.35,False,PER_STRATEGY_MAX_OPEN_HIT,0.0,0.0,True,1.35,False,1.35
2026-07-28T12:01:27.827371+00:00,SMC,SELL,1.35,False,PER_STRATEGY_MAX_OPEN_HIT,0.0,0.0,True,1.35,False,1.35
2026-07-28T12:02:28.604132+00:00,SMC,SELL,1.35,False,PER_STRATEGY_MAX_OPEN_HIT,0.0,0.0,True,1.35,False,1.35
2026-07-28T12:03:29.046614+00:00,SMC,SELL,1.35,False,PER_STRATEGY_MAX_OPEN_HIT,0.0,0.0,True,1.35,False,1.35
2026-07-28T12:04:29.480315+00:00,SMC,SELL,1.35,False,PER_STRATEGY_MAX_OPEN_HIT,0.0,0.0,True,1.35,False,1.35
2026-07-28T12:05:29.919618+00:00,SMC,SELL,1.5,False,PER_STRATEGY_MAX_OPEN_HIT,0.0,0.0,True,1.5,False,1.5
2026-07-28T12:06:30.364482+00:00,SMC,SELL,1.35,False,PER_STRATEGY_MAX_OPEN_HIT,0.0,0.0,True,1.35,False,1.35
2026-07-28T12:07:30.751094+00:00,SMC,SELL,1.35,False,PER_STRATEGY_MAX_OPEN_HIT,0.0,0.0,True,1.35,False,1.35
2026-07-28T12:08:31.164419+00:00,SMC,SELL,1.35,False,PER_STRATEGY_MAX_OPEN_HIT,0.0,0.0,True,1.35,False,1.35
2026-07-28T12:09:31.574598+00:00,SMC,SELL,1.35,False,PER_STRATEGY_MAX_OPEN_HIT,0.0,0.0,True,1.35,False,1.35
2026-07-28T12:10:31.977530+00:00,SMC,SELL,1.5,False,PER_STRATEGY_MAX_OPEN_HIT,0.0,0.0,True,1.5,False,1.5
2026-07-28T12:11:32.408711+00:00,SMC,SELL,1.35,False,PER_STRATEGY_MAX_OPEN_HIT,0.0,0.0,True,1.35,False,1.35
2026-07-28T12:12:32.786654+00:00,SMC,SELL,1.5,False,PER_STRATEGY_MAX_OPEN_HIT,0.0,0.0,True,1.5,False,1.5
2026-07-28T12:13:33.202825+00:00,SMC,SELL,1.35,False,PER_STRATEGY_MAX_OPEN_HIT,0.0,0.0,True,1.35,False,1.35
2026-07-28T12:14:33.605967+00:00,SMC,SELL,1.35,False,PER_STRATEGY_MAX_OPEN_HIT,0.0,0.0,True,1.35,False,1.35
2026-07-28T12:15:34.068646+00:00,SMC,SELL,1.5,False,PER_STRATEGY_MAX_OPEN_HIT,0.0,0.0,True,1.5,False,1.5
2026-07-28T12:16:34.491768+00:00,SMC,SELL,1.35,False,PER_STRATEGY_MAX_OPEN_HIT,0.0,0.0,True,1.35,False,1.35
2026-07-28T12:17:34.874423+00:00,SMC,SELL,1.35,False,PER_STRATEGY_MAX_OPEN_HIT,0.0,0.0,True,1.35,False,1.35
2026-07-28T12:18:35.293289+00:00,SMC,SELL,1.35,False,PER_STRATEGY_MAX_OPEN_HIT,0.0,0.0,True,1.35,False,1.35
2026-07-28T12:19:35.757107+00:00,SMC,SELL,1.35,False,PER_STRATEGY_MAX_OPEN_HIT,0.0,0.0,True,1.35,False,1.35
2026-07-28T12:36:39.432945+00:00,SMC,SELL,1.35,False,PER_STRATEGY_MAX_OPEN_HIT,0.0,0.0,True,1.35,False,1.35
2026-07-28T12:37:39.831109+00:00,SMC,SELL,1.35,False,PER_STRATEGY_MAX_OPEN_HIT,0.0,0.0,True,1.35,False,1.35
2026-07-28T12:39:40.271591+00:00,SMC,SELL,1.35,False,PER_STRATEGY_MAX_OPEN_HIT,0.0,0.0,True,1.35,False,1.35
2026-07-28T12:40:40.694050+00:00,SMC,SELL,1.35,False,PER_STRATEGY_MAX_OPEN_HIT,0.0,0.0,True,1.35,False,1.35
2026-07-28T12:53:45.468629+00:00,SMC,SELL,1.35,False,PER_STRATEGY_MAX_OPEN_HIT,0.0,0.0,True,1.35,False,1.35
2026-07-28T13:05:47.964049+00:00,SMC,SELL,1.35,False,PER_STRATEGY_MAX_OPEN_HIT,0.0,0.0,True,1.35,False,1.35
2026-07-28T13:06:48.349678+00:00,SMC,SELL,1.35,False,PER_STRATEGY_MAX_OPEN_HIT,0.0,0.0,True,1.35,False,1.35
2026-07-28T13:07:48.768056+00:00,SMC,SELL,1.35,False,PER_STRATEGY_MAX_OPEN_HIT,0.0,0.0,True,1.35,False,1.35
2026-07-28T13:08:49.166432+00:00,SMC,SELL,1.5,False,PER_STRATEGY_MAX_OPEN_HIT,0.0,0.0,True,1.5,False,1.5
2026-07-28T13:09:49.578948+00:00,SMC,SELL,1.35,False,PER_STRATEGY_MAX_OPEN_HIT,0.0,0.0,True,1.35,False,1.35
2026-07-28T13:10:50.028086+00:00,SMC,SELL,1.35,False,PER_STRATEGY_MAX_OPEN_HIT,0.0,0.0,True,1.35,False,1.35
2026-07-28T13:11:50.381120+00:00,SMC,SELL,1.35,False,PER_STRATEGY_MAX_OPEN_HIT,0.0,0.0,True,1.35,False,1.35
2026-07-28T13:12:50.811574+00:00,SMC,SELL,1.35,False,PER_STRATEGY_MAX_OPEN_HIT,0.0,0.0,True,1.35,False,1.35
2026-07-28T13:13:51.227370+00:00,SMC,SELL,1.35,False,PER_STRATEGY_MAX_OPEN_HIT,0.0,0.0,True,1.35,False,1.35
2026-07-28T13:14:51.658082+00:00,SMC,SELL,1.35,False,PER_STRATEGY_MAX_OPEN_HIT,0.0,0.0,True,1.35,False,1.35
2026-07-28T13:20:52.228759+00:00,SMC,SELL,1.35,False,PER_STRATEGY_MAX_OPEN_HIT,0.0,0.0,True,1.35,False,1.35
2026-07-28T13:21:52.636816+00:00,SMC,SELL,1.35,False,PER_STRATEGY_MAX_OPEN_HIT,0.0,0.0,True,1.35,False,1.35
2026-07-28T13:22:53.054069+00:00,SMC,SELL,1.35,False,PER_STRATEGY_MAX_OPEN_HIT,0.0,0.0,True,1.35,False,1.35
2026-07-28T13:23:53.460705+00:00,SMC,SELL,1.35,False,PER_STRATEGY_MAX_OPEN_HIT,0.0,0.0,True,1.35,False,1.35
2026-07-28T13:24:53.889455+00:00,SMC,SELL,1.35,False,PER_STRATEGY_MAX_OPEN_HIT,0.0,0.0,True,1.35,False,1.35
2026-07-28T13:36:55.170052+00:00,SMC,SELL,1.35,False,PER_STRATEGY_MAX_OPEN_HIT,0.0,0.0,True,1.35,False,1.35
2026-07-28T13:37:55.561788+00:00,SMC,SELL,1.35,False,PER_STRATEGY_MAX_OPEN_HIT,0.0,0.0,True,1.35,False,1.35
2026-07-28T13:38:55.967827+00:00,SMC,SELL,1.35,False,PER_STRATEGY_MAX_OPEN_HIT,0.0,0.0,True,1.35,False,1.35
2026-07-28T13:39:56.392019+00:00,SMC,SELL,1.35,False,PER_STRATEGY_MAX_OPEN_HIT,0.0,0.0,True,1.35,False,1.35
2026-07-28T13:40:56.780882+00:00,SMC,SELL,1.35,False,PER_STRATEGY_MAX_OPEN_HIT,0.0,0.0,True,1.35,False,1.35
2026-07-28T13:41:57.220792+00:00,SMC,SELL,1.35,False,PER_STRATEGY_MAX_OPEN_HIT,0.0,0.0,True,1.35,False,1.35
2026-07-28T13:42:57.613934+00:00,SMC,SELL,1.35,False,PER_STRATEGY_MAX_OPEN_HIT,0.0,0.0,True,1.35,False,1.35
2026-07-28T13:43:58.022879+00:00,SMC,SELL,1.35,False,PER_STRATEGY_MAX_OPEN_HIT,0.0,0.0,True,1.35,False,1.35
2026-07-28T13:44:58.446761+00:00,SMC,SELL,1.35,False,PER_STRATEGY_MAX_OPEN_HIT,0.0,0.0,True,1.35,False,1.35
2026-07-28T13:45:58.865022+00:00,SMC,SELL,1.35,False,PER_STRATEGY_MAX_OPEN_HIT,0.0,0.0,True,1.35,False,1.35
2026-07-28T13:46:59.293298+00:00,SMC,SELL,1.35,False,PER_STRATEGY_MAX_OPEN_HIT,0.0,0.0,True,1.35,False,1.35
2026-07-28T13:47:59.694044+00:00,SMC,SELL,1.35,False,PER_STRATEGY_MAX_OPEN_HIT,0.0,0.0,True,1.35,False,1.35
2026-07-28T13:49:00.140641+00:00,SMC,SELL,1.35,False,PER_STRATEGY_MAX_OPEN_HIT,0.0,0.0,True,1.35,False,1.35
2026-07-28T13:50:00.525498+00:00,SMC,SELL,1.35,False,PER_STRATEGY_MAX_OPEN_HIT,0.0,0.0,True,1.35,False,1.35
2026-07-28T13:51:00.934208+00:00,SMC,SELL,1.35,False,PER_STRATEGY_MAX_OPEN_HIT,0.0,0.0,True,1.35,False,1.35
2026-07-28T13:52:01.362764+00:00,SMC,SELL,1.35,False,PER_STRATEGY_MAX_OPEN_HIT,0.0,0.0,True,1.35,False,1.35
2026-07-28T13:53:01.745429+00:00,SMC,SELL,1.35,False,PER_STRATEGY_MAX_OPEN_HIT,0.0,0.0,True,1.35,False,1.35
2026-07-28T13:54:02.134793+00:00,SMC,SELL,1.35,False,PER_STRATEGY_MAX_OPEN_HIT,0.0,0.0,True,1.35,False,1.35
2026-07-28T13:55:02.520794+00:00,SMC,SELL,1.35,False,PER_STRATEGY_MAX_OPEN_HIT,0.0,0.0,True,1.35,False,1.35
2026-07-28T13:56:02.953391+00:00,SMC,SELL,1.35,False,PER_STRATEGY_MAX_OPEN_HIT,0.0,0.0,True,1.35,False,1.35
2026-07-28T13:57:03.387670+00:00,SMC,SELL,1.35,False,PER_STRATEGY_MAX_OPEN_HIT,0.0,0.0,True,1.35,False,1.35
2026-07-28T13:58:03.778003+00:00,SMC,SELL,1.35,False,PER_STRATEGY_MAX_OPEN_HIT,0.0,0.0,True,1.35,False,1.35
2026-07-28T13:59:04.214213+00:00,SMC,SELL,1.35,False,PER_STRATEGY_MAX_OPEN_HIT,0.0,0.0,True,1.35,False,1.35
2026-07-28T14:00:04.618412+00:00,SMC,SELL,1.35,False,PER_STRATEGY_MAX_OPEN_HIT,0.0,0.0,True,1.35,False,1.35
2026-07-28T14:01:05.047373+00:00,SMC,SELL,1.35,False,PER_STRATEGY_MAX_OPEN_HIT,0.0,0.0,True,1.35,False,1.35
2026-07-28T14:02:05.503576+00:00,SMC,SELL,1.35,False,PER_STRATEGY_MAX_OPEN_HIT,0.0,0.0,True,1.35,False,1.35
2026-07-28T14:03:05.880700+00:00,SMC,SELL,1.35,False,PER_STRATEGY_MAX_OPEN_HIT,0.0,0.0,True,1.35,False,1.35
2026-07-28T14:04:06.299758+00:00,SMC,SELL,1.35,False,PER_STRATEGY_MAX_OPEN_HIT,0.0,0.0,True,1.35,False,1.35
2026-07-28T14:05:06.717122+00:00,SMC,SELL,1.35,False,PER_STRATEGY_MAX_OPEN_HIT,0.0,0.0,True,1.35,False,1.35
2026-07-28T14:20:11.959156+00:00,SMC,SELL,1.35,False,PER_STRATEGY_MAX_OPEN_HIT,0.0,0.0,True,1.35,False,1.35
2026-07-28T14:21:14.445989+00:00,SMC,SELL,1.35,False,PER_STRATEGY_MAX_OPEN_HIT,0.0,0.0,True,1.35,False,1.35
2026-07-28T14:22:15.712396+00:00,SMC,SELL,1.5,False,PER_STRATEGY_MAX_OPEN_HIT,0.0,0.0,True,1.5,False,1.5
2026-07-28T14:23:17.597291+00:00,SMC,SELL,1.5,False,PER_STRATEGY_MAX_OPEN_HIT,0.0,0.0,True,1.5,False,1.5
2026-07-28T14:24:18.093421+00:00,SMC,SELL,1.35,False,PER_STRATEGY_MAX_OPEN_HIT,0.0,0.0,True,1.35,False,1.35
2026-07-28T14:35:20.778069+00:00,SMC,SELL,1.35,True,,0.75,0.07,True,1.35,True,0.6
2026-07-28T14:39:24.296770+00:00,SMC,SELL,1.35,False,PER_STRATEGY_MAX_OPEN_HIT,0.0,0.0,True,1.35,False,1.35
2026-07-28T14:40:24.735090+00:00,SMC,SELL,1.35,False,PER_STRATEGY_MAX_OPEN_HIT,0.0,0.0,True,1.35,False,1.35
2026-07-28T14:41:25.119019+00:00,SMC,SELL,1.35,False,PER_STRATEGY_MAX_OPEN_HIT,0.0,0.0,True,1.35,False,1.35
2026-07-28T14:42:25.540411+00:00,SMC,SELL,1.35,False,PER_STRATEGY_MAX_OPEN_HIT,0.0,0.0,True,1.35,False,1.35
2026-07-28T14:43:26.038155+00:00,SMC,SELL,1.35,False,PER_STRATEGY_MAX_OPEN_HIT,0.0,0.0,True,1.35,False,1.35
2026-07-28T14:45:26.481042+00:00,SMC,SELL,1.35,False,PER_STRATEGY_MAX_OPEN_HIT,0.0,0.0,True,1.35,False,1.35
2026-07-28T14:46:26.866769+00:00,SMC,SELL,1.35,False,PER_STRATEGY_MAX_OPEN_HIT,0.0,0.0,True,1.35,False,1.35
2026-07-28T14:47:27.498542+00:00,SMC,SELL,1.35,False,PER_STRATEGY_MAX_OPEN_HIT,0.0,0.0,True,1.35,False,1.35
2026-07-28T14:49:28.058930+00:00,SMC,SELL,1.5,False,PER_STRATEGY_MAX_OPEN_HIT,0.0,0.0,True,1.5,False,1.5
2026-07-28T14:50:28.478014+00:00,SMC,SELL,1.35,False,PER_STRATEGY_MAX_OPEN_HIT,0.0,0.0,True,1.35,False,1.35
2026-07-28T14:51:28.853730+00:00,SMC,SELL,1.35,False,PER_STRATEGY_MAX_OPEN_HIT,0.0,0.0,True,1.35,False,1.35
2026-07-28T14:53:29.337560+00:00,SMC,SELL,1.35,False,PER_STRATEGY_MAX_OPEN_HIT,0.0,0.0,True,1.35,False,1.35
2026-07-28T14:54:29.683136+00:00,SMC,SELL,1.35,True,,0.75,0.07,True,1.35,True,0.6
2026-07-28T15:07:33.237302+00:00,SMC,SELL,1.35,False,PER_STRATEGY_MAX_OPEN_HIT,0.0,0.0,True,1.35,False,1.35
2026-07-28T15:09:33.668881+00:00,SMC,SELL,1.35,False,PER_STRATEGY_MAX_OPEN_HIT,0.0,0.0,True,1.35,False,1.35
2026-07-28T15:10:34.076321+00:00,SMC,SELL,1.35,False,PER_STRATEGY_MAX_OPEN_HIT,0.0,0.0,True,1.35,False,1.35
2026-07-28T15:11:34.459118+00:00,SMC,SELL,1.35,False,PER_STRATEGY_MAX_OPEN_HIT,0.0,0.0,True,1.35,False,1.35
2026-07-28T15:13:35.311109+00:00,SMC,SELL,1.35,False,PER_STRATEGY_MAX_OPEN_HIT,0.0,0.0,True,1.35,False,1.35
2026-07-28T15:14:35.762876+00:00,SMC,SELL,1.35,False,PER_STRATEGY_MAX_OPEN_HIT,0.0,0.0,True,1.35,False,1.35
2026-07-28T15:15:36.190358+00:00,SMC,SELL,1.35,False,PER_STRATEGY_MAX_OPEN_HIT,0.0,0.0,True,1.35,False,1.35
2026-07-28T15:32:44.443935+00:00,SMC,SELL,1.35,True,,0.75,0.07,True,1.35,True,0.6
2026-07-28T15:32:45.470757+00:00,MICRO,SELL,1.35,True,,0.75,0.07,True,1.35,True,0.6
2026-07-28T16:15:06.833048+00:00,SMC,SELL,1.35,True,,0.75,0.07,True,1.35,True,0.6
2026-07-28T16:19:09.545571+00:00,SMC,SELL,1.35,False,PER_STRATEGY_MAX_OPEN_HIT,0.0,0.0,True,1.35,False,1.35
2026-07-28T16:22:11.214398+00:00,SMC,SELL,1.35,False,PER_STRATEGY_MAX_OPEN_HIT,0.0,0.0,True,1.35,False,1.35
2026-07-28T16:23:11.672144+00:00,SMC,SELL,1.35,False,PER_STRATEGY_MAX_OPEN_HIT,0.0,0.0,True,1.35,False,1.35
2026-07-28T16:24:12.233812+00:00,SMC,SELL,1.35,False,PER_STRATEGY_MAX_OPEN_HIT,0.0,0.0,True,1.35,False,1.35
2026-07-28T16:25:12.677757+00:00,SMC,SELL,1.35,False,PER_STRATEGY_MAX_OPEN_HIT,0.0,0.0,True,1.35,False,1.35
2026-07-28T16:26:13.060519+00:00,SMC,SELL,1.35,False,PER_STRATEGY_MAX_OPEN_HIT,0.0,0.0,True,1.35,False,1.35
2026-07-28T16:27:13.459179+00:00,SMC,SELL,1.35,False,PER_STRATEGY_MAX_OPEN_HIT,0.0,0.0,True,1.35,False,1.35
2026-07-28T16:28:13.924143+00:00,SMC,SELL,1.35,False,PER_STRATEGY_MAX_OPEN_HIT,0.0,0.0,True,1.35,False,1.35
2026-07-28T16:29:14.294039+00:00,SMC,SELL,1.35,False,PER_STRATEGY_MAX_OPEN_HIT,0.0,0.0,True,1.35,False,1.35
2026-07-28T16:30:14.710230+00:00,SMC,SELL,1.35,False,PER_STRATEGY_MAX_OPEN_HIT,0.0,0.0,True,1.35,False,1.35
2026-07-28T16:31:15.115609+00:00,SMC,SELL,1.35,False,PER_STRATEGY_MAX_OPEN_HIT,0.0,0.0,True,1.35,False,1.35
2026-07-28T16:32:15.541524+00:00,SMC,SELL,1.35,False,PER_STRATEGY_MAX_OPEN_HIT,0.0,0.0,True,1.35,False,1.35
2026-07-28T16:33:15.917369+00:00,SMC,SELL,1.35,False,PER_STRATEGY_MAX_OPEN_HIT,0.0,0.0,True,1.35,False,1.35
2026-07-28T16:34:16.696308+00:00,SMC,SELL,1.35,False,PER_STRATEGY_MAX_OPEN_HIT,0.0,0.0,True,1.35,False,1.35
2026-07-28T16:35:17.315779+00:00,SMC,SELL,1.35,False,PER_STRATEGY_MAX_OPEN_HIT,0.0,0.0,True,1.35,False,1.35
2026-07-28T16:36:17.743482+00:00,SMC,SELL,1.35,False,PER_STRATEGY_MAX_OPEN_HIT,0.0,0.0,True,1.35,False,1.35
2026-07-28T16:37:18.257005+00:00,SMC,SELL,1.35,False,PER_STRATEGY_MAX_OPEN_HIT,0.0,0.0,True,1.35,False,1.35
2026-07-28T16:38:18.710885+00:00,SMC,SELL,1.35,False,PER_STRATEGY_MAX_OPEN_HIT,0.0,0.0,True,1.35,False,1.35
2026-07-28T16:39:19.110454+00:00,SMC,SELL,1.35,False,PER_STRATEGY_MAX_OPEN_HIT,0.0,0.0,True,1.35,False,1.35
2026-07-28T16:41:20.028022+00:00,SMC,SELL,1.35,False,PER_STRATEGY_MAX_OPEN_HIT,0.0,0.0,True,1.35,False,1.35
2026-07-28T16:42:20.453811+00:00,SMC,SELL,1.35,False,PER_STRATEGY_MAX_OPEN_HIT,0.0,0.0,True,1.35,False,1.35
2026-07-28T16:43:20.909250+00:00,SMC,SELL,1.35,False,PER_STRATEGY_MAX_OPEN_HIT,0.0,0.0,True,1.35,False,1.35
2026-07-28T16:44:21.368727+00:00,SMC,SELL,1.35,False,PER_STRATEGY_MAX_OPEN_HIT,0.0,0.0,True,1.35,False,1.35
2026-07-28T16:46:22.307483+00:00,SMC,SELL,1.35,False,PER_STRATEGY_MAX_OPEN_HIT,0.0,0.0,True,1.35,False,1.35
2026-07-28T16:47:22.722120+00:00,SMC,SELL,1.35,False,PER_STRATEGY_MAX_OPEN_HIT,0.0,0.0,True,1.35,False,1.35
2026-07-28T16:48:23.164481+00:00,SMC,SELL,1.35,False,PER_STRATEGY_MAX_OPEN_HIT,0.0,0.0,True,1.35,False,1.35
2026-07-28T16:49:23.571500+00:00,SMC,SELL,1.35,False,PER_STRATEGY_MAX_OPEN_HIT,0.0,0.0,True,1.35,False,1.35
2026-07-28T16:50:23.962945+00:00,SMC,SELL,1.35,False,PER_STRATEGY_MAX_OPEN_HIT,0.0,0.0,True,1.35,False,1.35
2026-07-28T16:51:24.392953+00:00,SMC,SELL,1.35,False,PER_STRATEGY_MAX_OPEN_HIT,0.0,0.0,True,1.35,False,1.35
2026-07-28T16:52:24.825222+00:00,SMC,SELL,1.35,False,PER_STRATEGY_MAX_OPEN_HIT,0.0,0.0,True,1.35,False,1.35
2026-07-28T16:53:25.312220+00:00,SMC,SELL,1.35,False,PER_STRATEGY_MAX_OPEN_HIT,0.0,0.0,True,1.35,False,1.35
2026-07-28T16:54:25.678623+00:00,SMC,SELL,1.35,False,PER_STRATEGY_MAX_OPEN_HIT,0.0,0.0,True,1.35,False,1.35
2026-07-28T16:55:26.097850+00:00,SMC,SELL,1.35,False,PER_STRATEGY_MAX_OPEN_HIT,0.0,0.0,True,1.35,False,1.35
2026-07-28T16:56:26.528386+00:00,SMC,SELL,1.35,False,PER_STRATEGY_MAX_OPEN_HIT,0.0,0.0,True,1.35,False,1.35
2026-07-28T16:57:26.928001+00:00,SMC,SELL,1.35,False,PER_STRATEGY_MAX_OPEN_HIT,0.0,0.0,True,1.35,False,1.35
2026-07-28T16:58:27.367121+00:00,SMC,SELL,1.35,False,PER_STRATEGY_MAX_OPEN_HIT,0.0,0.0,True,1.35,False,1.35
2026-07-28T16:59:27.773439+00:00,SMC,SELL,1.35,False,PER_STRATEGY_MAX_OPEN_HIT,0.0,0.0,True,1.35,False,1.35
2026-07-28T17:00:28.196447+00:00,SMC,SELL,1.35,False,PER_STRATEGY_MAX_OPEN_HIT,0.0,0.0,True,1.35,False,1.35
2026-07-28T17:01:28.647754+00:00,SMC,SELL,1.35,False,PER_STRATEGY_MAX_OPEN_HIT,0.0,0.0,True,1.35,False,1.35
2026-07-28T17:02:29.119031+00:00,SMC,SELL,1.35,False,PER_STRATEGY_MAX_OPEN_HIT,0.0,0.0,True,1.35,False,1.35
2026-07-28T17:03:29.524185+00:00,SMC,SELL,1.35,False,PER_STRATEGY_MAX_OPEN_HIT,0.0,0.0,True,1.35,False,1.35
2026-07-28T17:04:29.931130+00:00,SMC,SELL,1.35,False,PER_STRATEGY_MAX_OPEN_HIT,0.0,0.0,True,1.35,False,1.35
2026-07-28T17:06:30.856823+00:00,SMC,SELL,1.35,False,PER_STRATEGY_MAX_OPEN_HIT,0.0,0.0,True,1.35,False,1.35
2026-07-28T17:07:31.276448+00:00,SMC,SELL,1.35,False,PER_STRATEGY_MAX_OPEN_HIT,0.0,0.0,True,1.35,False,1.35
2026-07-28T17:08:31.735963+00:00,SMC,SELL,1.35,False,PER_STRATEGY_MAX_OPEN_HIT,0.0,0.0,True,1.35,False,1.35
2026-07-28T17:09:32.098063+00:00,SMC,SELL,1.35,False,PER_STRATEGY_MAX_OPEN_HIT,0.0,0.0,True,1.35,False,1.35
2026-07-28T17:10:32.718867+00:00,SMC,SELL,1.35,False,PER_STRATEGY_MAX_OPEN_HIT,0.0,0.0,True,1.35,False,1.35
2026-07-28T17:11:33.129733+00:00,SMC,SELL,1.35,False,PER_STRATEGY_MAX_OPEN_HIT,0.0,0.0,True,1.35,False,1.35
2026-07-28T17:12:33.607709+00:00,SMC,SELL,1.35,False,PER_STRATEGY_MAX_OPEN_HIT,0.0,0.0,True,1.35,False,1.35
2026-07-28T17:13:34.083647+00:00,SMC,SELL,1.35,False,PER_STRATEGY_MAX_OPEN_HIT,0.0,0.0,True,1.35,False,1.35
2026-07-28T17:14:34.457022+00:00,SMC,SELL,1.35,False,PER_STRATEGY_MAX_OPEN_HIT,0.0,0.0,True,1.35,False,1.35
2026-07-28T17:15:34.851043+00:00,SMC,SELL,1.35,False,PER_STRATEGY_MAX_OPEN_HIT,0.0,0.0,True,1.35,False,1.35
2026-07-28T17:16:35.307207+00:00,SMC,SELL,1.35,False,PER_STRATEGY_MAX_OPEN_HIT,0.0,0.0,True,1.35,False,1.35
2026-07-28T17:17:35.742819+00:00,SMC,SELL,1.35,False,PER_STRATEGY_MAX_OPEN_HIT,0.0,0.0,True,1.35,False,1.35
2026-07-28T17:18:36.250697+00:00,SMC,SELL,1.35,False,PER_STRATEGY_MAX_OPEN_HIT,0.0,0.0,True,1.35,False,1.35
2026-07-28T17:19:36.639438+00:00,SMC,SELL,1.35,False,PER_STRATEGY_MAX_OPEN_HIT,0.0,0.0,True,1.35,False,1.35
2026-07-28T17:20:37.015793+00:00,SMC,SELL,1.35,False,PER_STRATEGY_MAX_OPEN_HIT,0.0,0.0,True,1.35,False,1.35
2026-07-28T17:21:37.472526+00:00,SMC,SELL,1.5,False,PER_STRATEGY_MAX_OPEN_HIT,0.0,0.0,True,1.5,False,1.5
2026-07-28T17:22:37.887028+00:00,SMC,SELL,1.35,False,PER_STRATEGY_MAX_OPEN_HIT,0.0,0.0,True,1.35,False,1.35
2026-07-28T17:23:38.300241+00:00,SMC,SELL,1.35,False,PER_STRATEGY_MAX_OPEN_HIT,0.0,0.0,True,1.35,False,1.35
2026-07-28T17:24:38.704252+00:00,SMC,SELL,1.35,False,PER_STRATEGY_MAX_OPEN_HIT,0.0,0.0,True,1.35,False,1.35
2026-07-28T17:25:39.136026+00:00,SMC,SELL,1.35,False,PER_STRATEGY_MAX_OPEN_HIT,0.0,0.0,True,1.35,False,1.35
2026-07-28T17:26:39.537416+00:00,SMC,SELL,1.35,False,PER_STRATEGY_MAX_OPEN_HIT,0.0,0.0,True,1.35,False,1.35
2026-07-28T17:27:40.020269+00:00,SMC,SELL,1.35,False,PER_STRATEGY_MAX_OPEN_HIT,0.0,0.0,True,1.35,False,1.35
2026-07-28T17:28:40.481881+00:00,SMC,SELL,1.35,False,PER_STRATEGY_MAX_OPEN_HIT,0.0,0.0,True,1.35,False,1.35
2026-07-28T17:29:40.875101+00:00,SMC,SELL,1.35,False,PER_STRATEGY_MAX_OPEN_HIT,0.0,0.0,True,1.35,False,1.35
2026-07-28T17:31:41.829074+00:00,SMC,SELL,1.35,False,PER_STRATEGY_MAX_OPEN_HIT,0.0,0.0,True,1.35,False,1.35
2026-07-28T17:32:42.248770+00:00,SMC,SELL,1.35,False,PER_STRATEGY_MAX_OPEN_HIT,0.0,0.0,True,1.35,False,1.35
2026-07-28T17:33:42.718661+00:00,SMC,SELL,1.35,False,PER_STRATEGY_MAX_OPEN_HIT,0.0,0.0,True,1.35,False,1.35
2026-07-28T17:34:43.093883+00:00,SMC,SELL,1.35,False,PER_STRATEGY_MAX_OPEN_HIT,0.0,0.0,True,1.35,False,1.35
2026-07-28T17:35:43.707534+00:00,SMC,SELL,1.35,True,,0.75,0.07,True,1.35,True,0.6
2026-07-28T17:36:45.465437+00:00,MICRO,SELL,1.35,True,,0.75,0.07,True,1.35,True,0.6
2026-07-28T17:38:47.119301+00:00,MICRO,SELL,1.35,False,PER_STRATEGY_MAX_OPEN_HIT,0.0,0.0,True,1.35,False,1.35
2026-07-28T17:39:47.624522+00:00,SMC,SELL,1.35,False,PER_STRATEGY_MAX_OPEN_HIT,0.0,0.0,True,1.35,False,1.35
2026-07-28T17:40:48.078497+00:00,SMC,SELL,1.35,False,PER_STRATEGY_MAX_OPEN_HIT,0.0,0.0,True,1.35,False,1.35
2026-07-28T17:41:48.507889+00:00,SMC,SELL,1.35,False,PER_STRATEGY_MAX_OPEN_HIT,0.0,0.0,True,1.35,False,1.35
2026-07-28T17:42:48.962296+00:00,SMC,SELL,1.35,False,PER_STRATEGY_MAX_OPEN_HIT,0.0,0.0,True,1.35,False,1.35
2026-07-28T17:43:49.469009+00:00,SMC,SELL,1.35,False,PER_STRATEGY_MAX_OPEN_HIT,0.0,0.0,True,1.35,False,1.35
2026-07-28T17:44:49.872786+00:00,SMC,SELL,1.35,False,PER_STRATEGY_MAX_OPEN_HIT,0.0,0.0,True,1.35,False,1.35
2026-07-28T17:45:50.321235+00:00,SMC,SELL,1.35,False,PER_STRATEGY_MAX_OPEN_HIT,0.0,0.0,True,1.35,False,1.35
2026-07-28T17:46:50.732264+00:00,SMC,SELL,1.35,False,PER_STRATEGY_MAX_OPEN_HIT,0.0,0.0,True,1.35,False,1.35
2026-07-28T17:47:51.100836+00:00,SMC,SELL,1.35,False,PER_STRATEGY_MAX_OPEN_HIT,0.0,0.0,True,1.35,False,1.35
2026-07-28T17:48:51.565419+00:00,SMC,SELL,1.35,False,PER_STRATEGY_MAX_OPEN_HIT,0.0,0.0,True,1.35,False,1.35
2026-07-28T17:49:51.975372+00:00,SMC,SELL,1.35,False,PER_STRATEGY_MAX_OPEN_HIT,0.0,0.0,True,1.35,False,1.35
2026-07-28T17:50:52.406869+00:00,SMC,SELL,1.35,False,PER_STRATEGY_MAX_OPEN_HIT,0.0,0.0,True,1.35,False,1.35
2026-07-28T17:51:52.846309+00:00,SMC,SELL,1.35,False,PER_STRATEGY_MAX_OPEN_HIT,0.0,0.0,True,1.35,False,1.35
2026-07-28T17:52:53.305748+00:00,SMC,SELL,1.35,False,PER_STRATEGY_MAX_OPEN_HIT,0.0,0.0,True,1.35,False,1.35
2026-07-28T17:53:53.767070+00:00,SMC,SELL,1.35,False,PER_STRATEGY_MAX_OPEN_HIT,0.0,0.0,True,1.35,False,1.35
2026-07-28T17:54:54.176088+00:00,SMC,SELL,1.35,False,PER_STRATEGY_MAX_OPEN_HIT,0.0,0.0,True,1.35,False,1.35
2026-07-28T17:56:55.817871+00:00,SMC,SELL,1.35,False,PER_STRATEGY_MAX_OPEN_HIT,0.0,0.0,True,1.35,False,1.35
2026-07-28T17:57:56.230473+00:00,SMC,SELL,1.35,False,PER_STRATEGY_MAX_OPEN_HIT,0.0,0.0,True,1.35,False,1.35
2026-07-28T17:58:56.642621+00:00,SMC,SELL,1.35,False,PER_STRATEGY_MAX_OPEN_HIT,0.0,0.0,True,1.35,False,1.35
2026-07-28T17:59:57.071764+00:00,SMC,SELL,1.35,False,PER_STRATEGY_MAX_OPEN_HIT,0.0,0.0,True,1.35,False,1.35
2026-07-28T18:00:57.534767+00:00,SMC,SELL,1.35,False,PER_STRATEGY_MAX_OPEN_HIT,0.0,0.0,True,1.35,False,1.35
2026-07-28T18:01:58.027573+00:00,SMC,SELL,1.35,False,PER_STRATEGY_MAX_OPEN_HIT,0.0,0.0,True,1.35,False,1.35
2026-07-28T18:02:58.502932+00:00,SMC,SELL,1.35,False,PER_STRATEGY_MAX_OPEN_HIT,0.0,0.0,True,1.35,False,1.35
2026-07-28T18:03:58.934446+00:00,SMC,SELL,1.35,False,PER_STRATEGY_MAX_OPEN_HIT,0.0,0.0,True,1.35,False,1.35
2026-07-28T18:04:59.327531+00:00,SMC,SELL,1.35,False,PER_STRATEGY_MAX_OPEN_HIT,0.0,0.0,True,1.35,False,1.35
2026-07-28T18:05:59.713416+00:00,SMC,SELL,1.35,False,PER_STRATEGY_MAX_OPEN_HIT,0.0,0.0,True,1.35,False,1.35
2026-07-28T18:07:00.163721+00:00,SMC,SELL,1.35,False,PER_STRATEGY_MAX_OPEN_HIT,0.0,0.0,True,1.35,False,1.35
2026-07-28T18:08:00.541158+00:00,SMC,SELL,1.35,False,PER_STRATEGY_MAX_OPEN_HIT,0.0,0.0,True,1.35,False,1.35
2026-07-28T18:09:00.989775+00:00,SMC,SELL,1.35,False,PER_STRATEGY_MAX_OPEN_HIT,0.0,0.0,True,1.35,False,1.35
2026-07-28T18:24:01.756534+00:00,SMC,SELL,1.35,False,PER_STRATEGY_MAX_OPEN_HIT,0.0,0.0,True,1.35,False,1.35
2026-07-28T18:25:02.165679+00:00,SMC,SELL,1.35,False,PER_STRATEGY_MAX_OPEN_HIT,0.0,0.0,True,1.35,False,1.35
2026-07-28T18:26:02.572171+00:00,SMC,SELL,1.35,False,PER_STRATEGY_MAX_OPEN_HIT,0.0,0.0,True,1.35,False,1.35
2026-07-28T18:27:02.991083+00:00,SMC,SELL,1.35,False,PER_STRATEGY_MAX_OPEN_HIT,0.0,0.0,True,1.35,False,1.35
2026-07-28T18:28:03.407419+00:00,SMC,SELL,1.35,False,PER_STRATEGY_MAX_OPEN_HIT,0.0,0.0,True,1.35,False,1.35
2026-07-28T18:29:03.834175+00:00,SMC,SELL,1.5,False,PER_STRATEGY_MAX_OPEN_HIT,0.0,0.0,True,1.5,False,1.5
2026-07-28T18:30:04.233802+00:00,SMC,SELL,1.35,False,PER_STRATEGY_MAX_OPEN_HIT,0.0,0.0,True,1.35,False,1.35
2026-07-28T18:31:04.711103+00:00,SMC,SELL,1.35,False,PER_STRATEGY_MAX_OPEN_HIT,0.0,0.0,True,1.35,False,1.35
2026-07-28T18:32:05.121800+00:00,SMC,SELL,1.35,False,PER_STRATEGY_MAX_OPEN_HIT,0.0,0.0,True,1.35,False,1.35
2026-07-28T18:33:05.525591+00:00,SMC,SELL,1.35,False,PER_STRATEGY_MAX_OPEN_HIT,0.0,0.0,True,1.35,False,1.35
2026-07-28T18:34:05.982960+00:00,SMC,SELL,1.35,False,PER_STRATEGY_MAX_OPEN_HIT,0.0,0.0,True,1.35,False,1.35
2026-07-28T18:35:06.566119+00:00,SMC,SELL,1.35,True,,0.75,0.07,True,1.35,True,0.6
2026-07-28T18:39:10.027757+00:00,SMC,SELL,1.35,False,PER_STRATEGY_MAX_OPEN_HIT,0.0,0.0,True,1.35,False,1.35
2026-07-28T18:40:10.408243+00:00,SMC,SELL,1.35,False,PER_STRATEGY_MAX_OPEN_HIT,0.0,0.0,True,1.35,False,1.35
2026-07-28T18:41:10.818244+00:00,SMC,SELL,1.35,False,PER_STRATEGY_MAX_OPEN_HIT,0.0,0.0,True,1.35,False,1.35
2026-07-28T18:42:11.279211+00:00,SMC,SELL,1.35,False,PER_STRATEGY_MAX_OPEN_HIT,0.0,0.0,True,1.35,False,1.35
2026-07-28T18:43:11.683307+00:00,SMC,SELL,1.35,False,PER_STRATEGY_MAX_OPEN_HIT,0.0,0.0,True,1.35,False,1.35
2026-07-28T18:44:12.137421+00:00,SMC,SELL,1.35,False,PER_STRATEGY_MAX_OPEN_HIT,0.0,0.0,True,1.35,False,1.35
2026-07-28T18:45:12.545339+00:00,SMC,SELL,1.35,False,PER_STRATEGY_MAX_OPEN_HIT,0.0,0.0,True,1.35,False,1.35
2026-07-28T18:46:12.944791+00:00,SMC,SELL,1.35,False,PER_STRATEGY_MAX_OPEN_HIT,0.0,0.0,True,1.35,False,1.35
2026-07-28T22:22:46.216040+00:00,SMC,SELL,1.5,True,,0.75,0.07,True,1.5,True,0.75
2026-07-28T22:23:48.345120+00:00,MICRO,SELL,1.35,True,,0.75,0.07,True,1.35,True,0.6
2026-07-28T22:26:50.437186+00:00,SMC,SELL,1.5,False,PER_STRATEGY_MAX_OPEN_HIT,0.0,0.0,True,1.5,False,1.5
2026-07-28T22:28:50.874423+00:00,SMC,SELL,1.5,False,PER_STRATEGY_MAX_OPEN_HIT,0.0,0.0,True,1.5,False,1.5
2026-07-28T22:29:51.254349+00:00,SMC,SELL,1.5,False,PER_STRATEGY_MAX_OPEN_HIT,0.0,0.0,True,1.5,False,1.5
2026-07-28T22:30:51.665442+00:00,SMC,SELL,1.5,False,PER_STRATEGY_MAX_OPEN_HIT,0.0,0.0,True,1.5,False,1.5
2026-07-28T22:31:52.053243+00:00,SMC,SELL,1.5,False,PER_STRATEGY_MAX_OPEN_HIT,0.0,0.0,True,1.5,False,1.5
2026-07-28T22:32:52.451058+00:00,SMC,SELL,1.5,False,PER_STRATEGY_MAX_OPEN_HIT,0.0,0.0,True,1.5,False,1.5
2026-07-28T22:33:52.886320+00:00,SMC,SELL,1.5,False,PER_STRATEGY_MAX_OPEN_HIT,0.0,0.0,True,1.5,False,1.5
2026-07-28T22:34:53.297828+00:00,SMC,SELL,1.5,False,PER_STRATEGY_MAX_OPEN_HIT,0.0,0.0,True,1.5,False,1.5
2026-07-28T22:35:53.702798+00:00,SMC,SELL,1.5,False,PER_STRATEGY_MAX_OPEN_HIT,0.0,0.0,True,1.5,False,1.5
2026-07-28T22:36:54.108949+00:00,SMC,SELL,1.5,False,PER_STRATEGY_MAX_OPEN_HIT,0.0,0.0,True,1.5,False,1.5
2026-07-28T22:37:54.506661+00:00,SMC,SELL,1.5,False,PER_STRATEGY_MAX_OPEN_HIT,0.0,0.0,True,1.5,False,1.5
2026-07-28T22:38:54.932933+00:00,SMC,SELL,1.5,False,PER_STRATEGY_MAX_OPEN_HIT,0.0,0.0,True,1.5,False,1.5
2026-07-28T22:39:55.340334+00:00,SMC,SELL,1.5,False,PER_STRATEGY_MAX_OPEN_HIT,0.0,0.0,True,1.5,False,1.5
2026-07-28T22:40:55.736178+00:00,SMC,SELL,1.5,False,PER_STRATEGY_MAX_OPEN_HIT,0.0,0.0,True,1.5,False,1.5
2026-07-28T22:41:56.138117+00:00,SMC,SELL,1.5,False,PER_STRATEGY_MAX_OPEN_HIT,0.0,0.0,True,1.5,False,1.5
2026-07-28T22:42:56.544126+00:00,SMC,SELL,1.5,False,PER_STRATEGY_MAX_OPEN_HIT,0.0,0.0,True,1.5,False,1.5
2026-07-28T22:43:56.995963+00:00,SMC,SELL,1.5,False,PER_STRATEGY_MAX_OPEN_HIT,0.0,0.0,True,1.5,False,1.5
2026-07-28T22:44:57.370082+00:00,SMC,SELL,1.5,False,PER_STRATEGY_MAX_OPEN_HIT,0.0,0.0,True,1.5,False,1.5
2026-07-28T22:45:57.800708+00:00,SMC,SELL,1.5,False,PER_STRATEGY_MAX_OPEN_HIT,0.0,0.0,True,1.5,False,1.5
2026-07-28T22:46:58.204720+00:00,SMC,SELL,1.5,False,PER_STRATEGY_MAX_OPEN_HIT,0.0,0.0,True,1.5,False,1.5
2026-07-28T22:47:58.586253+00:00,SMC,SELL,1.5,False,PER_STRATEGY_MAX_OPEN_HIT,0.0,0.0,True,1.5,False,1.5
2026-07-28T22:48:59.030504+00:00,SMC,SELL,1.5,False,PER_STRATEGY_MAX_OPEN_HIT,0.0,0.0,True,1.5,False,1.5
2026-07-28T22:49:59.408398+00:00,SMC,SELL,1.5,False,PER_STRATEGY_MAX_OPEN_HIT,0.0,0.0,True,1.5,False,1.5
2026-07-28T22:53:00.784498+00:00,SMC,SELL,1.5,False,PER_STRATEGY_MAX_OPEN_HIT,0.0,0.0,True,1.5,False,1.5
2026-07-28T22:54:01.209673+00:00,SMC,SELL,1.5,False,PER_STRATEGY_MAX_OPEN_HIT,0.0,0.0,True,1.5,False,1.5
2026-07-28T22:55:01.587110+00:00,SMC,SELL,1.5,False,PER_STRATEGY_MAX_OPEN_HIT,0.0,0.0,True,1.5,False,1.5
2026-07-28T22:56:02.013446+00:00,SMC,SELL,1.5,False,PER_STRATEGY_MAX_OPEN_HIT,0.0,0.0,True,1.5,False,1.5
2026-07-28T22:57:02.404959+00:00,SMC,SELL,1.5,False,PER_STRATEGY_MAX_OPEN_HIT,0.0,0.0,True,1.5,False,1.5
2026-07-28T22:58:02.823796+00:00,SMC,SELL,1.5,False,PER_STRATEGY_MAX_OPEN_HIT,0.0,0.0,True,1.5,False,1.5
2026-07-28T22:59:03.272247+00:00,SMC,SELL,1.5,False,PER_STRATEGY_MAX_OPEN_HIT,0.0,0.0,True,1.5,False,1.5
2026-07-28T23:00:03.643704+00:00,SMC,SELL,1.5,False,PER_STRATEGY_MAX_OPEN_HIT,0.0,0.0,True,1.5,False,1.5
2026-07-28T23:01:04.057012+00:00,SMC,SELL,1.5,False,PER_STRATEGY_MAX_OPEN_HIT,0.0,0.0,True,1.5,False,1.5
2026-07-28T23:02:04.466849+00:00,SMC,SELL,1.5,False,PER_STRATEGY_MAX_OPEN_HIT,0.0,0.0,True,1.5,False,1.5
2026-07-28T23:03:04.880711+00:00,SMC,SELL,1.5,False,PER_STRATEGY_MAX_OPEN_HIT,0.0,0.0,True,1.5,False,1.5
2026-07-28T23:04:05.311165+00:00,SMC,SELL,1.5,False,PER_STRATEGY_MAX_OPEN_HIT,0.0,0.0,True,1.5,False,1.5
2026-07-28T23:05:05.705866+00:00,SMC,SELL,1.5,False,PER_STRATEGY_MAX_OPEN_HIT,0.0,0.0,True,1.5,False,1.5
2026-07-28T23:06:06.110248+00:00,SMC,SELL,1.5,False,PER_STRATEGY_MAX_OPEN_HIT,0.0,0.0,True,1.5,False,1.5
2026-07-28T23:07:06.506259+00:00,SMC,SELL,1.5,False,PER_STRATEGY_MAX_OPEN_HIT,0.0,0.0,True,1.5,False,1.5
2026-07-28T23:08:06.912039+00:00,SMC,SELL,1.5,False,PER_STRATEGY_MAX_OPEN_HIT,0.0,0.0,True,1.5,False,1.5
2026-07-28T23:09:07.371868+00:00,SMC,SELL,1.5,False,PER_STRATEGY_MAX_OPEN_HIT,0.0,0.0,True,1.5,False,1.5
2026-07-28T23:10:07.743575+00:00,SMC,SELL,1.5,False,PER_STRATEGY_MAX_OPEN_HIT,0.0,0.0,True,1.5,False,1.5
2026-07-28T23:11:08.166937+00:00,SMC,SELL,1.5,False,PER_STRATEGY_MAX_OPEN_HIT,0.0,0.0,True,1.5,False,1.5
2026-07-28T23:12:08.591126+00:00,SMC,SELL,1.5,False,PER_STRATEGY_MAX_OPEN_HIT,0.0,0.0,True,1.5,False,1.5
2026-07-28T23:13:09.188641+00:00,SMC,SELL,1.5,False,PER_STRATEGY_MAX_OPEN_HIT,0.0,0.0,True,1.5,False,1.5
2026-07-28T23:14:09.827544+00:00,SMC,SELL,1.5,False,PER_STRATEGY_MAX_OPEN_HIT,0.0,0.0,True,1.5,False,1.5
2026-07-28T23:15:10.213031+00:00,SMC,SELL,1.5,False,PER_STRATEGY_MAX_OPEN_HIT,0.0,0.0,True,1.5,False,1.5
2026-07-28T23:16:10.636314+00:00,SMC,SELL,1.5,False,PER_STRATEGY_MAX_OPEN_HIT,0.0,0.0,True,1.5,False,1.5
2026-07-28T23:17:11.053264+00:00,SMC,SELL,1.5,False,PER_STRATEGY_MAX_OPEN_HIT,0.0,0.0,True,1.5,False,1.5
2026-07-28T23:18:11.462855+00:00,SMC,SELL,1.5,False,PER_STRATEGY_MAX_OPEN_HIT,0.0,0.0,True,1.5,False,1.5
2026-07-28T23:19:11.883126+00:00,SMC,SELL,1.5,False,PER_STRATEGY_MAX_OPEN_HIT,0.0,0.0,True,1.5,False,1.5
2026-07-28T23:20:12.271881+00:00,SMC,SELL,1.5,False,PER_STRATEGY_MAX_OPEN_HIT,0.0,0.0,True,1.5,False,1.5
2026-07-28T23:21:12.873377+00:00,SMC,SELL,1.5,False,PER_STRATEGY_MAX_OPEN_HIT,0.0,0.0,True,1.5,False,1.5
2026-07-28T23:22:13.281073+00:00,SMC,SELL,1.5,False,PER_STRATEGY_MAX_OPEN_HIT,0.0,0.0,True,1.5,False,1.5
2026-07-28T23:23:13.692406+00:00,SMC,SELL,1.5,False,PER_STRATEGY_MAX_OPEN_HIT,0.0,0.0,True,1.5,False,1.5
2026-07-28T23:24:14.119361+00:00,SMC,SELL,1.5,False,PER_STRATEGY_MAX_OPEN_HIT,0.0,0.0,True,1.5,False,1.5
2026-07-28T23:26:14.967867+00:00,SMC,SELL,1.5,False,PER_STRATEGY_MAX_OPEN_HIT,0.0,0.0,True,1.5,False,1.5
2026-07-28T23:27:15.386777+00:00,SMC,SELL,1.5,False,PER_STRATEGY_MAX_OPEN_HIT,0.0,0.0,True,1.5,False,1.5
2026-07-28T23:28:15.801529+00:00,SMC,SELL,1.5,False,PER_STRATEGY_MAX_OPEN_HIT,0.0,0.0,True,1.5,False,1.5
2026-07-28T23:29:16.232542+00:00,SMC,SELL,1.5,False,PER_STRATEGY_MAX_OPEN_HIT,0.0,0.0,True,1.5,False,1.5
2026-07-28T23:30:16.635211+00:00,SMC,SELL,1.5,False,PER_STRATEGY_MAX_OPEN_HIT,0.0,0.0,True,1.5,False,1.5
2026-07-28T23:31:17.035947+00:00,SMC,SELL,1.5,False,PER_STRATEGY_MAX_OPEN_HIT,0.0,0.0,True,1.5,False,1.5
2026-07-28T23:32:17.429051+00:00,SMC,SELL,1.5,False,PER_STRATEGY_MAX_OPEN_HIT,0.0,0.0,True,1.5,False,1.5
2026-07-28T23:33:17.845852+00:00,SMC,SELL,1.5,False,PER_STRATEGY_MAX_OPEN_HIT,0.0,0.0,True,1.5,False,1.5
2026-07-28T23:34:18.279420+00:00,SMC,SELL,1.5,False,PER_STRATEGY_MAX_OPEN_HIT,0.0,0.0,True,1.5,False,1.5
2026-07-28T23:35:18.655080+00:00,SMC,SELL,1.5,False,PER_STRATEGY_MAX_OPEN_HIT,0.0,0.0,True,1.5,False,1.5
2026-07-28T23:36:19.066810+00:00,SMC,SELL,1.5,False,PER_STRATEGY_MAX_OPEN_HIT,0.0,0.0,True,1.5,False,1.5
2026-07-28T23:37:19.468242+00:00,SMC,SELL,1.5,False,PER_STRATEGY_MAX_OPEN_HIT,0.0,0.0,True,1.5,False,1.5
2026-07-28T23:39:19.920015+00:00,SMC,SELL,1.5,False,PER_STRATEGY_MAX_OPEN_HIT,0.0,0.0,True,1.5,False,1.5
2026-07-28T23:40:20.312126+00:00,SMC,SELL,1.5,False,PER_STRATEGY_MAX_OPEN_HIT,0.0,0.0,True,1.5,False,1.5
2026-07-28T23:41:20.716125+00:00,SMC,SELL,1.5,False,PER_STRATEGY_MAX_OPEN_HIT,0.0,0.0,True,1.5,False,1.5
2026-07-28T23:42:21.115753+00:00,SMC,SELL,1.5,False,PER_STRATEGY_MAX_OPEN_HIT,0.0,0.0,True,1.5,False,1.5
2026-07-28T23:43:21.514405+00:00,SMC,SELL,1.5,False,PER_STRATEGY_MAX_OPEN_HIT,0.0,0.0,True,1.5,False,1.5
2026-07-28T23:44:21.970205+00:00,SMC,SELL,1.5,False,PER_STRATEGY_MAX_OPEN_HIT,0.0,0.0,True,1.5,False,1.5
2026-07-28T23:48:22.485993+00:00,SMC,SELL,1.5,False,PER_STRATEGY_MAX_OPEN_HIT,0.0,0.0,True,1.5,False,1.5
2026-07-28T23:49:22.936222+00:00,SMC,SELL,1.5,False,PER_STRATEGY_MAX_OPEN_HIT,0.0,0.0,True,1.5,False,1.5
2026-07-28T23:52:23.895658+00:00,SMC,SELL,1.5,False,PER_STRATEGY_MAX_OPEN_HIT,0.0,0.0,True,1.5,False,1.5
2026-07-28T23:53:24.292235+00:00,SMC,SELL,1.5,False,PER_STRATEGY_MAX_OPEN_HIT,0.0,0.0,True,1.5,False,1.5
2026-07-28T23:54:24.777666+00:00,SMC,SELL,1.5,False,PER_STRATEGY_MAX_OPEN_HIT,0.0,0.0,True,1.5,False,1.5
2026-07-28T23:55:25.236065+00:00,SMC,SELL,1.5,False,PER_STRATEGY_MAX_OPEN_HIT,0.0,0.0,True,1.5,False,1.5
2026-07-31T00:28:40.345870+00:00,MICRO,SELL,1.35,True,,0.75,0.07,True,1.35,True,0.6
2026-07-31T00:33:44.503989+00:00,MICRO,SELL,1.35,False,PER_STRATEGY_MAX_OPEN_HIT,0.0,0.0,True,1.35,False,1.35
2026-07-31T00:34:45.150792+00:00,MICRO,SELL,1.35,False,PER_STRATEGY_MAX_OPEN_HIT,0.0,0.0,True,1.35,False,1.35
2026-07-31T00:36:46.407447+00:00,MICRO,SELL,1.35,False,PER_STRATEGY_MAX_OPEN_HIT,0.0,0.0,True,1.35,False,1.35
2026-07-31T00:39:48.015236+00:00,MICRO,SELL,1.35,False,PER_STRATEGY_MAX_OPEN_HIT,0.0,0.0,True,1.35,False,1.35
2026-07-31T00:41:49.065062+00:00,MICRO,SELL,1.35,False,PER_STRATEGY_MAX_OPEN_HIT,0.0,0.0,True,1.35,False,1.35
2026-07-31T00:52:55.696046+00:00,MICRO,BUY,1.35,False,PER_STRATEGY_MAX_OPEN_HIT,0.0,0.0,True,1.35,False,1.35
2026-07-31T01:03:01.163434+00:00,MICRO,BUY,1.35,False,PER_STRATEGY_MAX_OPEN_HIT,0.0,0.0,True,1.35,False,1.35
2026-07-31T01:04:01.958362+00:00,MICRO,BUY,1.35,False,PER_STRATEGY_MAX_OPEN_HIT,0.0,0.0,True,1.35,False,1.35
2026-07-31T01:11:05.963414+00:00,MICRO,SELL,1.35,False,PER_STRATEGY_MAX_OPEN_HIT,0.0,0.0,True,1.35,False,1.35
2026-07-31T01:12:06.452150+00:00,MICRO,SELL,1.35,False,PER_STRATEGY_MAX_OPEN_HIT,0.0,0.0,True,1.35,False,1.35
2026-07-31T01:13:07.039763+00:00,MICRO,SELL,1.35,False,PER_STRATEGY_MAX_OPEN_HIT,0.0,0.0,True,1.35,False,1.35
2026-07-31T01:14:07.586774+00:00,MICRO,SELL,1.35,False,PER_STRATEGY_MAX_OPEN_HIT,0.0,0.0,True,1.35,False,1.35
2026-07-31T01:31:16.593205+00:00,MICRO,SELL,1.35,False,PER_STRATEGY_MAX_OPEN_HIT,0.0,0.0,True,1.35,False,1.35
2026-07-31T01:32:17.081865+00:00,MICRO,SELL,1.35,False,PER_STRATEGY_MAX_OPEN_HIT,0.0,0.0,True,1.35,False,1.35
2026-07-31T01:33:17.560255+00:00,MICRO,SELL,1.35,False,PER_STRATEGY_MAX_OPEN_HIT,0.0,0.0,True,1.35,False,1.35
2026-07-31T01:34:18.276061+00:00,MICRO,SELL,1.35,True,,0.75,0.07,True,1.35,True,0.6
2026-07-31T01:37:20.605336+00:00,MICRO,SELL,1.35,False,PER_STRATEGY_MAX_OPEN_HIT,0.0,0.0,True,1.35,False,1.35
2026-07-31T01:38:21.150490+00:00,MICRO,SELL,1.35,False,PER_STRATEGY_MAX_OPEN_HIT,0.0,0.0,True,1.35,False,1.35
2026-07-31T01:39:21.626848+00:00,MICRO,SELL,1.35,False,PER_STRATEGY_MAX_OPEN_HIT,0.0,0.0,True,1.35,False,1.35
2026-07-31T01:45:24.537304+00:00,SMC,BUY,1.5,True,,0.75,0.07,True,1.5,True,0.75
2026-07-31T01:47:25.616765+00:00,MICRO,BUY,1.35,False,PER_STRATEGY_MAX_OPEN_HIT,0.0,0.0,True,1.35,False,1.35
2026-07-31T01:50:27.067728+00:00,MICRO,SELL,1.35,False,PER_STRATEGY_MAX_OPEN_HIT,0.0,0.0,True,1.35,False,1.35
2026-07-31T01:55:29.486943+00:00,MICRO,BUY,1.35,False,PER_STRATEGY_MAX_OPEN_HIT,0.0,0.0,True,1.35,False,1.35
2026-07-31T01:56:29.995575+00:00,MICRO,BUY,1.35,False,PER_STRATEGY_MAX_OPEN_HIT,0.0,0.0,True,1.35,False,1.35
2026-07-31T01:57:30.427052+00:00,MICRO,BUY,1.35,False,PER_STRATEGY_MAX_OPEN_HIT,0.0,0.0,True,1.35,False,1.35
2026-07-31T01:58:30.881811+00:00,MICRO,BUY,1.35,False,PER_STRATEGY_MAX_OPEN_HIT,0.0,0.0,True,1.35,False,1.35
2026-07-31T02:05:37.224213+00:00,MICRO,BUY,1.35,False,PER_STRATEGY_MAX_OPEN_HIT,0.0,0.0,True,1.35,False,1.35
2026-07-31T02:06:37.861673+00:00,MICRO,BUY,1.35,False,PER_STRATEGY_MAX_OPEN_HIT,0.0,0.0,True,1.35,False,1.35
2026-07-31T02:07:38.594369+00:00,MICRO,BUY,1.35,False,PER_STRATEGY_MAX_OPEN_HIT,0.0,0.0,True,1.35,False,1.35
2026-07-31T02:09:39.568069+00:00,MICRO,BUY,1.35,False,PER_STRATEGY_MAX_OPEN_HIT,0.0,0.0,True,1.35,False,1.35
2026-07-31T02:15:42.466166+00:00,MICRO,SELL,1.35,False,PER_STRATEGY_MAX_OPEN_HIT,0.0,0.0,True,1.35,False,1.35
2026-07-31T02:16:42.943259+00:00,MICRO,SELL,1.35,False,PER_STRATEGY_MAX_OPEN_HIT,0.0,0.0,True,1.35,False,1.35
2026-07-31T02:18:43.412824+00:00,MICRO,SELL,1.35,False,PER_STRATEGY_MAX_OPEN_HIT,0.0,0.0,True,1.35,False,1.35
2026-07-31T02:19:43.866810+00:00,MICRO,SELL,1.35,False,PER_STRATEGY_MAX_OPEN_HIT,0.0,0.0,True,1.35,False,1.35
2026-07-31T02:41:45.344148+00:00,MICRO,SELL,1.35,False,PER_STRATEGY_MAX_OPEN_HIT,0.0,0.0,True,1.35,False,1.35
2026-07-31T02:42:45.829098+00:00,MICRO,SELL,1.35,False,PER_STRATEGY_MAX_OPEN_HIT,0.0,0.0,True,1.35,False,1.35
2026-07-31T02:43:46.445704+00:00,MICRO,SELL,1.35,True,,0.75,0.07,True,1.35,True,0.6
2026-07-31T02:55:52.948513+00:00,MICRO,BUY,1.35,False,PER_STRATEGY_MAX_OPEN_HIT,0.0,0.0,True,1.35,False,1.35
2026-07-31T03:00:55.419590+00:00,MICRO,SELL,1.35,False,PER_STRATEGY_MAX_OPEN_HIT,0.0,0.0,True,1.35,False,1.35
2026-07-31T03:01:55.838034+00:00,MICRO,SELL,1.35,False,PER_STRATEGY_MAX_OPEN_HIT,0.0,0.0,True,1.35,False,1.35
2026-07-31T03:02:56.361570+00:00,MICRO,SELL,1.35,False,PER_STRATEGY_MAX_OPEN_HIT,0.0,0.0,True,1.35,False,1.35
2026-07-31T03:03:56.789440+00:00,MICRO,SELL,1.35,False,PER_STRATEGY_MAX_OPEN_HIT,0.0,0.0,True,1.35,False,1.35
2026-07-31T03:04:57.292422+00:00,MICRO,SELL,1.35,False,PER_STRATEGY_MAX_OPEN_HIT,0.0,0.0,True,1.35,False,1.35
2026-07-31T03:20:04.740462+00:00,SMC,BUY,1.5,True,,0.75,0.07,True,1.5,True,0.75
2026-07-31T03:32:10.806030+00:00,MICRO,BUY,1.35,False,PER_STRATEGY_MAX_OPEN_HIT,0.0,0.0,True,1.35,False,1.35
2026-07-31T03:45:17.494934+00:00,SMC,BUY,1.5,True,,0.75,0.07,True,1.5,True,0.75
2026-07-31T03:46:17.970985+00:00,SMC,BUY,1.5,True,,0.75,0.07,True,1.5,True,0.75
2026-07-31T03:47:18.460900+00:00,SMC,BUY,1.5,True,,0.75,0.07,True,1.5,True,0.75
2026-07-31T03:48:18.947065+00:00,SMC,BUY,1.5,True,,0.75,0.07,True,1.5,True,0.75
2026-07-31T03:49:19.381930+00:00,SMC,BUY,1.5,True,,0.75,0.07,True,1.5,True,0.75
2026-07-31T03:50:19.867689+00:00,SMC,BUY,1.5,True,,0.75,0.07,True,1.5,True,0.75
2026-07-31T03:51:20.348199+00:00,SMC,BUY,1.5,True,,0.75,0.07,True,1.5,True,0.75
2026-07-31T03:52:20.821981+00:00,SMC,BUY,1.5,True,,0.75,0.07,True,1.5,True,0.75
2026-07-31T03:55:22.252092+00:00,MICRO,SELL,1.35,False,PER_STRATEGY_MAX_OPEN_HIT,0.0,0.0,True,1.35,False,1.35
2026-07-31T04:06:27.685105+00:00,MICRO,SELL,1.35,False,PER_STRATEGY_MAX_OPEN_HIT,0.0,0.0,True,1.35,False,1.35
2026-07-31T04:16:33.339731+00:00,MICRO,BUY,1.35,False,PER_STRATEGY_MAX_OPEN_HIT,0.0,0.0,True,1.35,False,1.35
2026-07-31T04:17:33.857570+00:00,MICRO,BUY,1.35,False,PER_STRATEGY_MAX_OPEN_HIT,0.0,0.0,True,1.35,False,1.35
2026-07-31T04:20:35.387712+00:00,MICRO,SELL,1.35,False,PER_STRATEGY_MAX_OPEN_HIT,0.0,0.0,True,1.35,False,1.35
2026-07-31T04:21:35.910795+00:00,MICRO,SELL,1.35,False,PER_STRATEGY_MAX_OPEN_HIT,0.0,0.0,True,1.35,False,1.35
2026-07-31T04:22:36.440414+00:00,MICRO,SELL,1.35,False,PER_STRATEGY_MAX_OPEN_HIT,0.0,0.0,True,1.35,False,1.35
2026-07-31T04:23:36.976341+00:00,MICRO,SELL,1.35,False,PER_STRATEGY_MAX_OPEN_HIT,0.0,0.0,True,1.35,False,1.35
2026-07-31T04:27:39.066406+00:00,SMC,BUY,1.5,True,,0.75,0.07,True,1.5,True,0.75
2026-07-31T04:29:40.175291+00:00,SMC,BUY,1.35,True,,0.75,0.07,True,1.35,True,0.6
2026-07-31T04:30:40.682043+00:00,SMC,BUY,1.5,True,,0.75,0.07,True,1.5,True,0.75
2026-07-31T04:32:41.727320+00:00,SMC,BUY,1.5,True,,0.75,0.07,True,1.5,True,0.75
2026-07-31T04:33:42.405397+00:00,SMC,BUY,1.5,True,,0.75,0.07,True,1.5,True,0.75
2026-07-31T04:34:42.906870+00:00,SMC,BUY,1.5,True,,0.75,0.07,True,1.5,True,0.75
2026-07-31T04:35:43.525210+00:00,SMC,BUY,1.5,True,,0.75,0.07,True,1.5,True,0.75
2026-07-31T04:36:44.057459+00:00,SMC,BUY,1.5,True,,0.75,0.07,True,1.5,True,0.75
2026-07-31T04:37:44.575023+00:00,SMC,BUY,1.5,True,,0.75,0.07,True,1.5,True,0.75
2026-07-31T04:38:45.189457+00:00,SMC,BUY,1.5,True,,0.75,0.07,True,1.5,True,0.75
2026-07-31T04:39:45.689996+00:00,SMC,BUY,1.5,True,,0.75,0.07,True,1.5,True,0.75
2026-07-31T04:40:46.239717+00:00,SMC,BUY,1.5,True,,0.75,0.07,True,1.5,True,0.75
2026-07-31T04:41:46.882666+00:00,SMC,BUY,1.5,True,,0.75,0.07,True,1.5,True,0.75
2026-07-31T04:42:47.408607+00:00,SMC,BUY,1.5,True,,0.75,0.07,True,1.5,True,0.75
2026-07-31T04:43:47.944634+00:00,MICRO,SELL,1.35,False,PER_STRATEGY_MAX_OPEN_HIT,0.0,0.0,True,1.35,False,1.35
2026-07-31T04:44:48.416399+00:00,MICRO,SELL,1.35,False,PER_STRATEGY_MAX_OPEN_HIT,0.0,0.0,True,1.35,False,1.35
2026-07-31T04:47:50.146234+00:00,MICRO,SELL,1.35,False,PER_STRATEGY_MAX_OPEN_HIT,0.0,0.0,True,1.35,False,1.35
2026-07-31T04:48:50.700054+00:00,MICRO,SELL,1.35,False,PER_STRATEGY_MAX_OPEN_HIT,0.0,0.0,True,1.35,False,1.35
2026-07-31T04:49:51.207909+00:00,MICRO,SELL,1.35,False,PER_STRATEGY_MAX_OPEN_HIT,0.0,0.0,True,1.35,False,1.35
2026-07-31T04:57:55.458310+00:00,MICRO,BUY,1.35,False,PER_STRATEGY_MAX_OPEN_HIT,0.0,0.0,True,1.35,False,1.35
2026-07-31T04:59:56.532347+00:00,MICRO,BUY,1.35,False,PER_STRATEGY_MAX_OPEN_HIT,0.0,0.0,True,1.35,False,1.35
2026-07-31T05:01:57.054668+00:00,SMC,BUY,1.5,True,,0.75,0.07,True,1.5,True,0.75
2026-07-31T05:03:57.659365+00:00,SMC,BUY,1.5,True,,0.75,0.07,True,1.5,True,0.75
2026-07-31T05:04:58.153825+00:00,SMC,BUY,1.5,True,,0.75,0.07,True,1.5,True,0.75
2026-07-31T05:05:58.662710+00:00,SMC,BUY,1.5,True,,0.75,0.07,True,1.5,True,0.75
2026-07-31T05:06:59.206728+00:00,SMC,BUY,1.35,True,,0.75,0.07,True,1.35,True,0.6
2026-07-31T05:07:59.766942+00:00,SMC,BUY,1.35,True,,0.75,0.07,True,1.35,True,0.6
2026-07-31T05:09:00.396938+00:00,SMC,BUY,1.35,True,,0.75,0.07,True,1.35,True,0.6
2026-07-31T05:10:00.886832+00:00,SMC,BUY,1.35,True,,0.75,0.07,True,1.35,True,0.6
2026-07-31T05:11:01.435989+00:00,SMC,BUY,1.5,True,,0.75,0.07,True,1.5,True,0.75
2026-07-31T05:14:02.071125+00:00,MICRO,SELL,1.35,False,PER_STRATEGY_MAX_OPEN_HIT,0.0,0.0,True,1.35,False,1.35
2026-07-31T05:18:03.757321+00:00,SMC,BUY,1.35,True,,0.75,0.07,True,1.35,True,0.6
2026-07-31T05:20:04.464825+00:00,SMC,BUY,1.5,True,,0.75,0.07,True,1.5,True,0.75
2026-07-31T05:24:06.619339+00:00,SMC,BUY,1.5,True,,0.75,0.07,True,1.5,True,0.75
2026-07-31T05:25:07.206653+00:00,SMC,BUY,1.5,True,,0.75,0.07,True,1.5,True,0.75
2026-07-31T05:44:15.341072+00:00,MICRO,SELL,1.35,False,PER_STRATEGY_MAX_OPEN_HIT,0.0,0.0,True,1.35,False,1.35
2026-07-31T05:45:15.924340+00:00,MICRO,SELL,1.35,False,PER_STRATEGY_MAX_OPEN_HIT,0.0,0.0,True,1.35,False,1.35
2026-07-31T05:46:16.425070+00:00,MICRO,SELL,1.35,False,PER_STRATEGY_MAX_OPEN_HIT,0.0,0.0,True,1.35,False,1.35
2026-07-31T05:47:16.974907+00:00,MICRO,SELL,1.35,False,PER_STRATEGY_MAX_OPEN_HIT,0.0,0.0,True,1.35,False,1.35
2026-07-31T06:05:26.557508+00:00,MICRO,BUY,1.35,False,PER_STRATEGY_MAX_OPEN_HIT,0.0,0.0,True,1.35,False,1.35
2026-07-31T06:06:27.071032+00:00,MICRO,BUY,1.35,False,PER_STRATEGY_MAX_OPEN_HIT,0.0,0.0,True,1.35,False,1.35
2026-07-31T06:07:27.614375+00:00,MICRO,BUY,1.35,False,PER_STRATEGY_MAX_OPEN_HIT,0.0,0.0,True,1.35,False,1.35
2026-07-31T06:08:28.165111+00:00,MICRO,BUY,1.35,False,PER_STRATEGY_MAX_OPEN_HIT,0.0,0.0,True,1.35,False,1.35
2026-07-31T06:16:32.609202+00:00,SMC,BUY,1.5,True,,0.75,0.07,True,1.5,True,0.75
2026-07-31T06:20:35.758822+00:00,SMC,BUY,1.5,False,PER_STRATEGY_MAX_OPEN_HIT,0.0,0.0,True,1.5,False,1.5
2026-07-31T06:21:36.168935+00:00,SMC,BUY,1.5,False,PER_STRATEGY_MAX_OPEN_HIT,0.0,0.0,True,1.5,False,1.5
2026-07-31T06:22:36.609222+00:00,SMC,BUY,1.5,False,PER_STRATEGY_MAX_OPEN_HIT,0.0,0.0,True,1.5,False,1.5
2026-07-31T06:23:37.046476+00:00,SMC,BUY,1.5,False,PER_STRATEGY_MAX_OPEN_HIT,0.0,0.0,True,1.5,False,1.5
2026-07-31T06:24:37.477456+00:00,SMC,BUY,1.5,False,PER_STRATEGY_MAX_OPEN_HIT,0.0,0.0,True,1.5,False,1.5
2026-07-31T06:25:37.952238+00:00,SMC,BUY,1.5,False,PER_STRATEGY_MAX_OPEN_HIT,0.0,0.0,True,1.5,False,1.5
2026-07-31T06:27:39.764272+00:00,SMC,BUY,1.5,False,PER_STRATEGY_MAX_OPEN_HIT,0.0,0.0,True,1.5,False,1.5
2026-07-31T06:28:40.502384+00:00,SMC,BUY,1.5,False,PER_STRATEGY_MAX_OPEN_HIT,0.0,0.0,True,1.5,False,1.5
2026-07-31T06:29:40.913807+00:00,SMC,BUY,1.5,False,PER_STRATEGY_MAX_OPEN_HIT,0.0,0.0,True,1.5,False,1.5
2026-07-31T06:30:41.452353+00:00,SMC,BUY,1.5,False,PER_STRATEGY_MAX_OPEN_HIT,0.0,0.0,True,1.5,False,1.5
2026-07-31T06:31:41.847748+00:00,SMC,BUY,1.5,False,PER_STRATEGY_MAX_OPEN_HIT,0.0,0.0,True,1.5,False,1.5
2026-07-31T06:34:42.959548+00:00,MICRO,SELL,1.35,True,,0.75,0.07,True,1.35,True,0.6
2026-07-31T06:47:48.206475+00:00,MICRO,BUY,1.35,True,,0.75,0.07,True,1.35,True,0.6
2026-07-31T06:48:48.668347+00:00,MICRO,BUY,1.35,True,,0.75,0.07,True,1.35,True,0.6
2026-07-31T06:49:49.157832+00:00,MICRO,BUY,1.35,True,,0.75,0.07,True,1.35,True,0.6
2026-07-31T06:50:49.634885+00:00,MICRO,BUY,1.35,True,,0.75,0.07,True,1.35,True,0.6
2026-07-31T06:51:50.199700+00:00,MICRO,BUY,1.35,True,,0.75,0.07,True,1.35,True,0.6
2026-07-31T06:52:50.693577+00:00,MICRO,BUY,1.35,True,,0.75,0.07,True,1.35,True,0.6
2026-07-31T06:53:51.157946+00:00,MICRO,BUY,1.35,True,,0.75,0.07,True,1.35,True,0.6
2026-07-31T06:54:51.655075+00:00,MICRO,BUY,1.35,True,,0.75,0.07,True,1.35,True,0.6
2026-07-31T06:55:52.155742+00:00,MICRO,BUY,1.35,True,,0.75,0.07,True,1.35,True,0.6
2026-07-31T07:42:14.902699+00:00,MICRO,BUY,1.35,True,,0.75,0.07,True,1.35,True,0.6
2026-07-31T07:49:18.847130+00:00,MICRO,BUY,1.35,False,PER_STRATEGY_MAX_OPEN_HIT,0.0,0.0,True,1.35,False,1.35
2026-07-31T10:00:24.914892+00:00,MICRO,SELL,1.35,True,,0.75,0.07,True,1.35,True,0.6
2026-07-31T10:06:28.988675+00:00,MICRO,BUY,1.35,False,PER_STRATEGY_MAX_OPEN_HIT,0.0,0.0,True,1.35,False,1.35
2026-07-31T10:08:29.950480+00:00,MICRO,BUY,1.35,False,PER_STRATEGY_MAX_OPEN_HIT,0.0,0.0,True,1.35,False,1.35
2026-07-31T10:16:33.729689+00:00,MICRO,SELL,1.35,False,PER_STRATEGY_MAX_OPEN_HIT,0.0,0.0,True,1.35,False,1.35
2026-07-31T10:17:34.198533+00:00,MICRO,SELL,1.35,False,PER_STRATEGY_MAX_OPEN_HIT,0.0,0.0,True,1.35,False,1.35
2026-07-31T10:18:34.661730+00:00,MICRO,SELL,1.35,False,PER_STRATEGY_MAX_OPEN_HIT,0.0,0.0,True,1.35,False,1.35
2026-07-31T10:19:35.206143+00:00,MICRO,SELL,1.35,False,PER_STRATEGY_MAX_OPEN_HIT,0.0,0.0,True,1.35,False,1.35
2026-07-31T10:30:41.041112+00:00,MICRO,BUY,1.35,False,PER_STRATEGY_MAX_OPEN_HIT,0.0,0.0,True,1.35,False,1.35
2026-07-31T10:31:41.466486+00:00,MICRO,BUY,1.35,False,PER_STRATEGY_MAX_OPEN_HIT,0.0,0.0,True,1.35,False,1.35
2026-07-31T10:32:41.945532+00:00,MICRO,BUY,1.35,False,PER_STRATEGY_MAX_OPEN_HIT,0.0,0.0,True,1.35,False,1.35
2026-07-31T10:33:42.409986+00:00,MICRO,BUY,1.35,False,PER_STRATEGY_MAX_OPEN_HIT,0.0,0.0,True,1.35,False,1.35
2026-07-31T10:45:48.275192+00:00,MICRO,BUY,1.35,False,PER_STRATEGY_MAX_OPEN_HIT,0.0,0.0,True,1.35,False,1.35
2026-07-31T10:46:48.684595+00:00,MICRO,BUY,1.35,False,PER_STRATEGY_MAX_OPEN_HIT,0.0,0.0,True,1.35,False,1.35
2026-07-31T10:47:49.172208+00:00,MICRO,BUY,1.35,False,PER_STRATEGY_MAX_OPEN_HIT,0.0,0.0,True,1.35,False,1.35
2026-07-31T10:48:49.637935+00:00,MICRO,BUY,1.35,False,PER_STRATEGY_MAX_OPEN_HIT,0.0,0.0,True,1.35,False,1.35
2026-07-31T15:52:16.120482+00:00,MICRO,BUY,1.35,True,,0.75,0.07,True,1.35,True,0.6
2026-07-31T15:54:17.778002+00:00,MICRO,BUY,1.35,False,PER_STRATEGY_MAX_OPEN_HIT,0.0,0.0,True,1.35,False,1.35
2026-07-31T16:00:20.852002+00:00,MICRO,SELL,1.35,False,PER_STRATEGY_MAX_OPEN_HIT,0.0,0.0,True,1.35,False,1.35
2026-07-31T16:01:21.349659+00:00,MICRO,SELL,1.35,False,PER_STRATEGY_MAX_OPEN_HIT,0.0,0.0,True,1.35,False,1.35
2026-07-31T16:06:23.886028+00:00,MICRO,SELL,1.35,False,PER_STRATEGY_MAX_OPEN_HIT,0.0,0.0,True,1.35,False,1.35
2026-07-31T16:07:24.381258+00:00,MICRO,SELL,1.35,False,PER_STRATEGY_MAX_OPEN_HIT,0.0,0.0,True,1.35,False,1.35
2026-07-31T16:14:28.001968+00:00,MICRO,BUY,1.35,False,PER_STRATEGY_MAX_OPEN_HIT,0.0,0.0,True,1.35,False,1.35
2026-07-31T16:16:28.966895+00:00,MICRO,SELL,1.35,False,PER_STRATEGY_MAX_OPEN_HIT,0.0,0.0,True,1.35,False,1.35
2026-07-31T16:24:33.045842+00:00,MICRO,BUY,1.35,False,PER_STRATEGY_MAX_OPEN_HIT,0.0,0.0,True,1.35,False,1.35
2026-07-31T16:32:36.859010+00:00,MICRO,BUY,1.35,False,PER_STRATEGY_MAX_OPEN_HIT,0.0,0.0,True,1.35,False,1.35
2026-07-31T16:33:37.299908+00:00,MICRO,BUY,1.35,False,PER_STRATEGY_MAX_OPEN_HIT,0.0,0.0,True,1.35,False,1.35
2026-07-31T16:34:37.803970+00:00,MICRO,BUY,1.35,False,PER_STRATEGY_MAX_OPEN_HIT,0.0,0.0,True,1.35,False,1.35
2026-07-31T16:41:41.121499+00:00,MICRO,SELL,1.35,False,PER_STRATEGY_MAX_OPEN_HIT,0.0,0.0,True,1.35,False,1.35
2026-07-31T16:42:41.622891+00:00,MICRO,SELL,1.35,False,PER_STRATEGY_MAX_OPEN_HIT,0.0,0.0,True,1.35,False,1.35
2026-07-31T16:43:42.091285+00:00,MICRO,SELL,1.35,False,PER_STRATEGY_MAX_OPEN_HIT,0.0,0.0,True,1.35,False,1.35
2026-07-31T16:44:42.584542+00:00,MICRO,SELL,1.35,False,PER_STRATEGY_MAX_OPEN_HIT,0.0,0.0,True,1.35,False,1.35
2026-07-31T16:50:45.455292+00:00,SMC,BUY,1.5,True,,0.75,0.07,True,1.5,True,0.75
2026-07-31T16:51:46.502657+00:00,MICRO,BUY,1.35,False,PER_STRATEGY_MAX_OPEN_HIT,0.0,0.0,True,1.35,False,1.35
2026-07-31T17:01:51.909192+00:00,MICRO,BUY,1.35,False,PER_STRATEGY_MAX_OPEN_HIT,0.0,0.0,True,1.35,False,1.35
2026-07-31T17:14:58.575106+00:00,MICRO,BUY,1.35,False,PER_STRATEGY_MAX_OPEN_HIT,0.0,0.0,True,1.35,False,1.35
2026-07-31T17:18:00.183543+00:00,MICRO,BUY,1.35,False,PER_STRATEGY_MAX_OPEN_HIT,0.0,0.0,True,1.35,False,1.35
2026-07-31T17:30:06.121638+00:00,SMC,BUY,1.5,False,PER_STRATEGY_MAX_OPEN_HIT,0.0,0.0,True,1.5,False,1.5
2026-07-31T17:31:06.551101+00:00,SMC,BUY,1.5,False,PER_STRATEGY_MAX_OPEN_HIT,0.0,0.0,True,1.5,False,1.5
2026-07-31T17:32:06.954406+00:00,SMC,BUY,1.5,False,PER_STRATEGY_MAX_OPEN_HIT,0.0,0.0,True,1.5,False,1.5
2026-07-31T17:33:07.403616+00:00,SMC,BUY,1.5,False,PER_STRATEGY_MAX_OPEN_HIT,0.0,0.0,True,1.5,False,1.5
2026-07-31T17:34:07.806127+00:00,SMC,BUY,1.5,False,PER_STRATEGY_MAX_OPEN_HIT,0.0,0.0,True,1.5,False,1.5
2026-07-31T17:35:08.245086+00:00,SMC,BUY,1.5,False,PER_STRATEGY_MAX_OPEN_HIT,0.0,0.0,True,1.5,False,1.5
2026-07-31T17:36:08.667772+00:00,SMC,BUY,1.5,False,PER_STRATEGY_MAX_OPEN_HIT,0.0,0.0,True,1.5,False,1.5
2026-07-31T17:37:09.038624+00:00,SMC,BUY,1.5,False,PER_STRATEGY_MAX_OPEN_HIT,0.0,0.0,True,1.5,False,1.5
2026-07-31T17:38:09.498062+00:00,SMC,BUY,1.5,False,PER_STRATEGY_MAX_OPEN_HIT,0.0,0.0,True,1.5,False,1.5
2026-07-31T17:40:10.344653+00:00,SMC,BUY,1.5,False,PER_STRATEGY_MAX_OPEN_HIT,0.0,0.0,True,1.5,False,1.5
2026-07-31T17:41:10.777325+00:00,SMC,BUY,1.5,False,PER_STRATEGY_MAX_OPEN_HIT,0.0,0.0,True,1.5,False,1.5
2026-07-31T17:42:11.226473+00:00,SMC,BUY,1.5,False,PER_STRATEGY_MAX_OPEN_HIT,0.0,0.0,True,1.5,False,1.5
2026-07-31T17:43:11.677435+00:00,SMC,BUY,1.5,False,PER_STRATEGY_MAX_OPEN_HIT,0.0,0.0,True,1.5,False,1.5
2026-07-31T17:44:12.063074+00:00,SMC,BUY,1.5,False,PER_STRATEGY_MAX_OPEN_HIT,0.0,0.0,True,1.5,False,1.5
2026-07-31T17:45:12.486997+00:00,SMC,BUY,1.5,False,PER_STRATEGY_MAX_OPEN_HIT,0.0,0.0,True,1.5,False,1.5
2026-07-31T17:46:12.893608+00:00,SMC,BUY,1.5,False,PER_STRATEGY_MAX_OPEN_HIT,0.0,0.0,True,1.5,False,1.5
2026-07-31T17:47:13.335446+00:00,SMC,BUY,1.5,False,PER_STRATEGY_MAX_OPEN_HIT,0.0,0.0,True,1.5,False,1.5
2026-07-31T17:48:13.829372+00:00,SMC,BUY,1.5,False,PER_STRATEGY_MAX_OPEN_HIT,0.0,0.0,True,1.5,False,1.5
2026-07-31T17:49:14.253985+00:00,SMC,BUY,1.5,False,PER_STRATEGY_MAX_OPEN_HIT,0.0,0.0,True,1.5,False,1.5
2026-07-31T17:50:14.723803+00:00,SMC,BUY,1.5,False,PER_STRATEGY_MAX_OPEN_HIT,0.0,0.0,True,1.5,False,1.5
2026-07-31T17:51:15.296673+00:00,SMC,BUY,1.5,True,,0.75,0.07,True,1.5,True,0.75
2026-07-31T17:55:19.002908+00:00,SMC,BUY,1.5,False,PER_STRATEGY_MAX_OPEN_HIT,0.0,0.0,True,1.5,False,1.5
2026-07-31T17:56:19.386010+00:00,SMC,BUY,1.5,False,PER_STRATEGY_MAX_OPEN_HIT,0.0,0.0,True,1.5,False,1.5
2026-07-31T17:57:19.789969+00:00,SMC,BUY,1.5,False,PER_STRATEGY_MAX_OPEN_HIT,0.0,0.0,True,1.5,False,1.5
2026-07-31T17:58:20.229297+00:00,SMC,BUY,1.5,False,PER_STRATEGY_MAX_OPEN_HIT,0.0,0.0,True,1.5,False,1.5
2026-07-31T17:59:20.597541+00:00,SMC,BUY,1.5,False,PER_STRATEGY_MAX_OPEN_HIT,0.0,0.0,True,1.5,False,1.5
2026-07-31T18:00:21.016572+00:00,SMC,BUY,1.5,False,PER_STRATEGY_MAX_OPEN_HIT,0.0,0.0,True,1.5,False,1.5
2026-07-31T18:01:21.404398+00:00,SMC,BUY,1.5,False,PER_STRATEGY_MAX_OPEN_HIT,0.0,0.0,True,1.5,False,1.5
2026-07-31T18:03:22.315596+00:00,SMC,BUY,1.5,False,PER_STRATEGY_MAX_OPEN_HIT,0.0,0.0,True,1.5,False,1.5
2026-08-06T10:12:04.953415+00:00,MICRO,SELL,1.35,True,,0.75,0.07,True,1.35,True,0.6
2026-08-06T10:16:08.210413+00:00,MICRO,SELL,1.35,False,PER_STRATEGY_MAX_OPEN_HIT,0.0,0.0,True,1.35,False,1.35
2026-08-06T10:17:08.862256+00:00,MICRO,SELL,1.35,False,PER_STRATEGY_MAX_OPEN_HIT,0.0,0.0,True,1.35,False,1.35
2026-08-06T10:19:09.887206+00:00,MICRO,SELL,1.35,False,PER_STRATEGY_MAX_OPEN_HIT,0.0,0.0,True,1.35,False,1.35
2026-08-06T10:31:17.402233+00:00,MICRO,SELL,1.35,False,PER_STRATEGY_MAX_OPEN_HIT,0.0,0.0,True,1.35,False,1.35
2026-08-06T10:42:23.179581+00:00,MICRO,SELL,1.35,False,PER_STRATEGY_MAX_OPEN_HIT,0.0,0.0,True,1.35,False,1.35
2026-08-06T11:02:32.205705+00:00,MICRO,BUY,1.35,False,PER_STRATEGY_MAX_OPEN_HIT,0.0,0.0,True,1.35,False,1.35
2026-08-06T11:48:50.028980+00:00,MICRO,SELL,1.35,False,PER_STRATEGY_MAX_OPEN_HIT,0.0,0.0,True,1.35,False,1.35
2026-08-06T11:49:50.598291+00:00,MICRO,SELL,1.35,False,PER_STRATEGY_MAX_OPEN_HIT,0.0,0.0,True,1.35,False,1.35
2026-08-06T11:59:55.675789+00:00,MICRO,BUY,1.35,False,PER_STRATEGY_MAX_OPEN_HIT,0.0,0.0,True,1.35,False,1.35
2026-08-06T12:44:18.429991+00:00,MICRO,SELL,1.35,False,PER_STRATEGY_MAX_OPEN_HIT,0.0,0.0,True,1.35,False,1.35
2026-08-06T12:46:19.544946+00:00,MICRO,SELL,1.35,False,PER_STRATEGY_MAX_OPEN_HIT,0.0,0.0,True,1.35,False,1.35
2026-08-06T12:52:22.548949+00:00,MICRO,SELL,1.35,False,PER_STRATEGY_MAX_OPEN_HIT,0.0,0.0,True,1.35,False,1.35
2026-08-06T12:53:23.089959+00:00,MICRO,SELL,1.35,False,PER_STRATEGY_MAX_OPEN_HIT,0.0,0.0,True,1.35,False,1.35
2026-08-06T13:06:27.309614+00:00,MICRO,SELL,1.35,False,PER_STRATEGY_MAX_OPEN_HIT,0.0,0.0,True,1.35,False,1.35
2026-08-06T13:07:27.921099+00:00,MICRO,SELL,1.35,False,PER_STRATEGY_MAX_OPEN_HIT,0.0,0.0,True,1.35,False,1.35
2026-08-06T13:08:28.822361+00:00,MICRO,SELL,1.35,False,PER_STRATEGY_MAX_OPEN_HIT,0.0,0.0,True,1.35,False,1.35
2026-08-06T13:09:29.912867+00:00,MICRO,SELL,1.35,True,,0.75,0.07,True,1.35,True,0.6
2026-08-06T13:35:42.552132+00:00,SMC,BUY,1.5,True,,0.75,0.07,True,1.5,True,0.75
2026-08-06T13:36:43.086966+00:00,SMC,BUY,1.5,True,,0.75,0.07,True,1.5,True,0.75
2026-08-06T13:37:43.681659+00:00,SMC,BUY,1.5,True,,0.75,0.07,True,1.5,True,0.75
2026-08-06T13:37:43.725459+00:00,MICRO,BUY,1.35,False,PER_STRATEGY_MAX_OPEN_HIT,0.0,0.0,True,1.35,False,1.35
2026-08-06T13:38:44.278734+00:00,SMC,BUY,1.5,True,,0.75,0.07,True,1.5,True,0.75
2026-08-06T13:38:45.160362+00:00,MICRO,BUY,1.35,True,,0.75,0.07,True,1.35,True,0.6
2026-08-06T13:41:47.723621+00:00,MICRO,BUY,1.35,False,PER_STRATEGY_MAX_OPEN_HIT,0.0,0.0,True,1.35,False,1.35
2026-08-06T13:42:48.320301+00:00,SMC,BUY,1.5,False,PER_STRATEGY_MAX_OPEN_HIT,0.0,0.0,True,1.5,False,1.5
2026-08-06T13:43:48.764482+00:00,SMC,BUY,1.35,False,PER_STRATEGY_MAX_OPEN_HIT,0.0,0.0,True,1.35,False,1.35
2026-08-06T13:44:49.284103+00:00,SMC,BUY,1.5,False,PER_STRATEGY_MAX_OPEN_HIT,0.0,0.0,True,1.5,False,1.5
2026-08-06T13:50:52.529438+00:00,SMC,BUY,1.35,False,PER_STRATEGY_MAX_OPEN_HIT,0.0,0.0,True,1.35,False,1.35
2026-08-06T13:55:55.411663+00:00,MICRO,BUY,1.35,False,PER_STRATEGY_MAX_OPEN_HIT,0.0,0.0,True,1.35,False,1.35
2026-08-06T14:36:12.831447+00:00,SMC,BUY,1.35,False,PER_STRATEGY_MAX_OPEN_HIT,0.0,0.0,True,1.35,False,1.35
2026-08-06T14:49:20.405598+00:00,MICRO,SELL,1.35,False,PER_STRATEGY_MAX_OPEN_HIT,0.0,0.0,True,1.35,False,1.35
2026-08-06T15:26:39.645835+00:00,MICRO,BUY,1.35,False,PER_STRATEGY_MAX_OPEN_HIT,0.0,0.0,True,1.35,False,1.35
2026-08-06T16:27:16.702840+00:00,MICRO,BUY,1.35,True,,0.75,0.07,True,1.35,True,0.6
2026-08-06T16:29:18.709331+00:00,MICRO,BUY,1.35,False,PER_STRATEGY_MAX_OPEN_HIT,0.0,0.0,True,1.35,False,1.35
2026-08-06T16:32:20.457897+00:00,MICRO,BUY,1.35,False,PER_STRATEGY_MAX_OPEN_HIT,0.0,0.0,True,1.35,False,1.35
2026-08-06T16:38:24.210728+00:00,MICRO,BUY,1.35,False,PER_STRATEGY_MAX_OPEN_HIT,0.0,0.0,True,1.35,False,1.35
2026-08-06T16:39:24.771147+00:00,MICRO,BUY,1.35,False,PER_STRATEGY_MAX_OPEN_HIT,0.0,0.0,True,1.35,False,1.35
2026-08-06T16:45:28.205768+00:00,SMC,BUY,1.35,True,,0.75,0.07,True,1.35,True,0.6
2026-08-06T16:50:31.798158+00:00,SMC,BUY,1.35,False,PER_STRATEGY_MAX_OPEN_HIT,0.0,0.0,True,1.35,False,1.35
2026-08-06T16:55:34.542061+00:00,SMC,BUY,1.5,False,PER_STRATEGY_MAX_OPEN_HIT,0.0,0.0,True,1.5,False,1.5
2026-08-06T16:56:35.064047+00:00,SMC,BUY,1.5,False,PER_STRATEGY_MAX_OPEN_HIT,0.0,0.0,True,1.5,False,1.5
2026-08-06T16:57:35.504861+00:00,SMC,BUY,1.5,False,PER_STRATEGY_MAX_OPEN_HIT,0.0,0.0,True,1.5,False,1.5
2026-08-06T16:58:35.945012+00:00,SMC,BUY,1.35,False,PER_STRATEGY_MAX_OPEN_HIT,0.0,0.0,True,1.35,False,1.35
2026-08-06T16:59:36.574917+00:00,SMC,BUY,1.5,False,PER_STRATEGY_MAX_OPEN_HIT,0.0,0.0,True,1.5,False,1.5
2026-08-06T17:00:37.164085+00:00,SMC,BUY,1.35,False,PER_STRATEGY_MAX_OPEN_HIT,0.0,0.0,True,1.35,False,1.35
2026-08-06T17:01:37.700689+00:00,SMC,BUY,1.35,False,PER_STRATEGY_MAX_OPEN_HIT,0.0,0.0,True,1.35,False,1.35
2026-08-06T17:02:38.164842+00:00,SMC,BUY,1.35,False,PER_STRATEGY_MAX_OPEN_HIT,0.0,0.0,True,1.35,False,1.35
2026-08-06T17:03:38.629924+00:00,SMC,BUY,1.35,False,PER_STRATEGY_MAX_OPEN_HIT,0.0,0.0,True,1.35,False,1.35
2026-08-06T17:04:39.188700+00:00,SMC,BUY,1.35,False,PER_STRATEGY_MAX_OPEN_HIT,0.0,0.0,True,1.35,False,1.35
2026-08-06T17:05:39.667191+00:00,SMC,BUY,1.35,False,PER_STRATEGY_MAX_OPEN_HIT,0.0,0.0,True,1.35,False,1.35
2026-08-06T17:06:40.151403+00:00,SMC,BUY,1.35,False,PER_STRATEGY_MAX_OPEN_HIT,0.0,0.0,True,1.35,False,1.35
2026-08-06T17:07:40.602949+00:00,SMC,BUY,1.35,False,PER_STRATEGY_MAX_OPEN_HIT,0.0,0.0,True,1.35,False,1.35
2026-08-06T17:08:41.194627+00:00,SMC,BUY,1.35,False,PER_STRATEGY_MAX_OPEN_HIT,0.0,0.0,True,1.35,False,1.35
2026-08-06T17:09:41.840784+00:00,SMC,BUY,1.35,False,PER_STRATEGY_MAX_OPEN_HIT,0.0,0.0,True,1.35,False,1.35
2026-08-06T17:10:42.366180+00:00,SMC,BUY,1.35,False,PER_STRATEGY_MAX_OPEN_HIT,0.0,0.0,True,1.35,False,1.35
2026-08-06T17:11:42.852811+00:00,SMC,BUY,1.35,False,PER_STRATEGY_MAX_OPEN_HIT,0.0,0.0,True,1.35,False,1.35
2026-08-06T17:12:43.297769+00:00,SMC,BUY,1.35,False,PER_STRATEGY_MAX_OPEN_HIT,0.0,0.0,True,1.35,False,1.35
2026-08-06T17:13:43.829432+00:00,SMC,BUY,1.35,False,PER_STRATEGY_MAX_OPEN_HIT,0.0,0.0,True,1.35,False,1.35
2026-08-06T17:14:44.526372+00:00,SMC,BUY,1.35,False,PER_STRATEGY_MAX_OPEN_HIT,0.0,0.0,True,1.35,False,1.35
2026-08-06T17:15:44.999414+00:00,SMC,BUY,1.5,False,PER_STRATEGY_MAX_OPEN_HIT,0.0,0.0,True,1.5,False,1.5
2026-08-06T17:16:45.501344+00:00,SMC,BUY,1.35,False,PER_STRATEGY_MAX_OPEN_HIT,0.0,0.0,True,1.35,False,1.35
2026-08-06T17:17:48.361661+00:00,SMC,BUY,1.35,False,PER_STRATEGY_MAX_OPEN_HIT,0.0,0.0,True,1.35,False,1.35
2026-08-06T17:18:49.148221+00:00,SMC,BUY,1.35,False,PER_STRATEGY_MAX_OPEN_HIT,0.0,0.0,True,1.35,False,1.35
2026-08-06T17:19:49.629073+00:00,SMC,BUY,1.35,False,PER_STRATEGY_MAX_OPEN_HIT,0.0,0.0,True,1.35,False,1.35
2026-08-06T17:20:50.076993+00:00,SMC,SELL,1.5,False,PER_STRATEGY_MAX_OPEN_HIT,0.0,0.0,True,1.5,False,1.5
2026-08-06T17:21:50.648965+00:00,SMC,SELL,1.5,False,PER_STRATEGY_MAX_OPEN_HIT,0.0,0.0,True,1.5,False,1.5
2026-08-06T17:22:51.123174+00:00,SMC,SELL,1.5,False,PER_STRATEGY_MAX_OPEN_HIT,0.0,0.0,True,1.5,False,1.5
2026-08-06T17:23:51.590671+00:00,SMC,SELL,1.5,False,PER_STRATEGY_MAX_OPEN_HIT,0.0,0.0,True,1.5,False,1.5
2026-08-06T17:24:52.101195+00:00,SMC,SELL,1.5,False,PER_STRATEGY_MAX_OPEN_HIT,0.0,0.0,True,1.5,False,1.5
2026-08-06T17:25:52.621507+00:00,SMC,SELL,1.5,False,PER_STRATEGY_MAX_OPEN_HIT,0.0,0.0,True,1.5,False,1.5
2026-08-06T17:26:53.111946+00:00,SMC,SELL,1.5,False,PER_STRATEGY_MAX_OPEN_HIT,0.0,0.0,True,1.5,False,1.5
2026-08-06T17:27:53.700242+00:00,SMC,SELL,1.5,False,PER_STRATEGY_MAX_OPEN_HIT,0.0,0.0,True,1.5,False,1.5
2026-08-06T17:28:54.191946+00:00,SMC,SELL,1.5,False,PER_STRATEGY_MAX_OPEN_HIT,0.0,0.0,True,1.5,False,1.5
2026-08-06T17:29:54.711035+00:00,SMC,SELL,1.65,False,PER_STRATEGY_MAX_OPEN_HIT,0.0,0.0,True,1.65,False,1.65
2026-08-06T17:30:55.204134+00:00,SMC,SELL,1.65,False,PER_STRATEGY_MAX_OPEN_HIT,0.0,0.0,True,1.65,False,1.65
2026-08-06T17:31:55.739633+00:00,SMC,SELL,1.65,False,PER_STRATEGY_MAX_OPEN_HIT,0.0,0.0,True,1.65,False,1.65
2026-08-06T17:32:56.163718+00:00,SMC,SELL,1.65,False,PER_STRATEGY_MAX_OPEN_HIT,0.0,0.0,True,1.65,False,1.65
2026-08-06T17:33:56.615790+00:00,SMC,SELL,1.65,False,PER_STRATEGY_MAX_OPEN_HIT,0.0,0.0,True,1.65,False,1.65
2026-08-06T17:34:57.200647+00:00,SMC,SELL,1.65,False,PER_STRATEGY_MAX_OPEN_HIT,0.0,0.0,True,1.65,False,1.65
2026-08-06T17:35:57.768896+00:00,SMC,SELL,1.5,False,PER_STRATEGY_MAX_OPEN_HIT,0.0,0.0,True,1.5,False,1.5
2026-08-06T17:36:58.284628+00:00,SMC,SELL,1.5,False,PER_STRATEGY_MAX_OPEN_HIT,0.0,0.0,True,1.5,False,1.5
2026-08-06T17:37:58.698721+00:00,SMC,SELL,1.5,False,PER_STRATEGY_MAX_OPEN_HIT,0.0,0.0,True,1.5,False,1.5
2026-08-06T17:38:59.193585+00:00,SMC,SELL,1.5,False,PER_STRATEGY_MAX_OPEN_HIT,0.0,0.0,True,1.5,False,1.5
2026-08-06T17:39:59.664109+00:00,SMC,SELL,1.5,False,PER_STRATEGY_MAX_OPEN_HIT,0.0,0.0,True,1.5,False,1.5
2026-08-06T17:41:00.288277+00:00,SMC,SELL,1.5,False,PER_STRATEGY_MAX_OPEN_HIT,0.0,0.0,True,1.5,False,1.5
2026-08-06T17:42:00.868788+00:00,SMC,SELL,1.5,False,PER_STRATEGY_MAX_OPEN_HIT,0.0,0.0,True,1.5,False,1.5
2026-08-06T17:43:01.279202+00:00,SMC,SELL,1.5,False,PER_STRATEGY_MAX_OPEN_HIT,0.0,0.0,True,1.5,False,1.5
2026-08-06T17:44:01.763465+00:00,SMC,SELL,1.5,False,PER_STRATEGY_MAX_OPEN_HIT,0.0,0.0,True,1.5,False,1.5
2026-08-06T17:45:02.281632+00:00,SMC,BUY,1.5,False,PER_STRATEGY_MAX_OPEN_HIT,0.0,0.0,True,1.5,False,1.5
2026-08-06T17:46:02.792421+00:00,SMC,SELL,1.5,False,PER_STRATEGY_MAX_OPEN_HIT,0.0,0.0,True,1.5,False,1.5
2026-08-06T17:47:03.427589+00:00,SMC,SELL,1.5,False,PER_STRATEGY_MAX_OPEN_HIT,0.0,0.0,True,1.5,False,1.5
2026-08-06T17:48:03.899373+00:00,SMC,SELL,1.5,False,PER_STRATEGY_MAX_OPEN_HIT,0.0,0.0,True,1.5,False,1.5
2026-08-06T17:49:04.386442+00:00,SMC,SELL,1.5,False,PER_STRATEGY_MAX_OPEN_HIT,0.0,0.0,True,1.5,False,1.5
2026-08-06T17:50:04.880954+00:00,SMC,SELL,1.5,False,PER_STRATEGY_MAX_OPEN_HIT,0.0,0.0,True,1.5,False,1.5
2026-08-06T17:51:05.414368+00:00,SMC,SELL,1.5,False,PER_STRATEGY_MAX_OPEN_HIT,0.0,0.0,True,1.5,False,1.5
2026-08-06T17:52:05.955168+00:00,SMC,SELL,1.5,False,PER_STRATEGY_MAX_OPEN_HIT,0.0,0.0,True,1.5,False,1.5
2026-08-06T17:53:06.385598+00:00,SMC,BUY,1.5,False,PER_STRATEGY_MAX_OPEN_HIT,0.0,0.0,True,1.5,False,1.5
2026-08-06T17:54:06.861436+00:00,SMC,BUY,1.5,False,PER_STRATEGY_MAX_OPEN_HIT,0.0,0.0,True,1.5,False,1.5
2026-08-06T17:55:07.305415+00:00,SMC,BUY,1.5,False,PER_STRATEGY_MAX_OPEN_HIT,0.0,0.0,True,1.5,False,1.5
2026-08-06T17:56:07.741479+00:00,SMC,BUY,1.5,False,PER_STRATEGY_MAX_OPEN_HIT,0.0,0.0,True,1.5,False,1.5
2026-08-06T17:57:08.410335+00:00,SMC,BUY,1.5,False,PER_STRATEGY_MAX_OPEN_HIT,0.0,0.0,True,1.5,False,1.5
2026-08-06T17:58:08.840476+00:00,SMC,BUY,1.5,False,PER_STRATEGY_MAX_OPEN_HIT,0.0,0.0,True,1.5,False,1.5
2026-08-06T17:59:09.331189+00:00,SMC,BUY,1.5,False,PER_STRATEGY_MAX_OPEN_HIT,0.0,0.0,True,1.5,False,1.5
2026-08-06T18:00:09.901288+00:00,SMC,BUY,1.5,False,PER_STRATEGY_MAX_OPEN_HIT,0.0,0.0,True,1.5,False,1.5
2026-08-06T18:01:10.407662+00:00,SMC,BUY,1.5,False,PER_STRATEGY_MAX_OPEN_HIT,0.0,0.0,True,1.5,False,1.5
2026-08-06T18:02:11.017365+00:00,SMC,BUY,1.5,False,PER_STRATEGY_MAX_OPEN_HIT,0.0,0.0,True,1.5,False,1.5
2026-08-06T18:03:11.448723+00:00,SMC,BUY,1.5,False,PER_STRATEGY_MAX_OPEN_HIT,0.0,0.0,True,1.5,False,1.5
2026-08-06T18:04:11.955610+00:00,SMC,SELL,1.5,False,PER_STRATEGY_MAX_OPEN_HIT,0.0,0.0,True,1.5,False,1.5
2026-08-06T18:05:12.477664+00:00,SMC,BUY,1.5,False,PER_STRATEGY_MAX_OPEN_HIT,0.0,0.0,True,1.5,False,1.5
2026-08-06T18:06:12.931454+00:00,SMC,BUY,1.5,False,PER_STRATEGY_MAX_OPEN_HIT,0.0,0.0,True,1.5,False,1.5
2026-08-06T18:07:13.450094+00:00,SMC,BUY,1.5,False,PER_STRATEGY_MAX_OPEN_HIT,0.0,0.0,True,1.5,False,1.5
2026-08-06T18:08:14.091858+00:00,SMC,BUY,1.5,False,PER_STRATEGY_MAX_OPEN_HIT,0.0,0.0,True,1.5,False,1.5
2026-08-06T18:09:14.690354+00:00,SMC,BUY,1.5,False,PER_STRATEGY_MAX_OPEN_HIT,0.0,0.0,True,1.5,False,1.5
2026-08-06T18:10:15.328154+00:00,SMC,BUY,1.5,False,PER_STRATEGY_MAX_OPEN_HIT,0.0,0.0,True,1.5,False,1.5
2026-08-06T18:11:15.817685+00:00,SMC,BUY,1.5,False,PER_STRATEGY_MAX_OPEN_HIT,0.0,0.0,True,1.5,False,1.5
2026-08-06T18:12:16.354736+00:00,SMC,BUY,1.5,False,PER_STRATEGY_MAX_OPEN_HIT,0.0,0.0,True,1.5,False,1.5
2026-08-06T18:13:16.801117+00:00,SMC,BUY,1.5,False,PER_STRATEGY_MAX_OPEN_HIT,0.0,0.0,True,1.5,False,1.5
2026-08-06T18:14:17.287355+00:00,SMC,BUY,1.5,False,PER_STRATEGY_MAX_OPEN_HIT,0.0,0.0,True,1.5,False,1.5
2026-08-06T18:15:17.767647+00:00,SMC,BUY,1.5,False,PER_STRATEGY_MAX_OPEN_HIT,0.0,0.0,True,1.5,False,1.5
2026-08-06T18:16:18.253953+00:00,SMC,BUY,1.5,False,PER_STRATEGY_MAX_OPEN_HIT,0.0,0.0,True,1.5,False,1.5
2026-08-06T18:17:18.761439+00:00,SMC,BUY,1.5,False,PER_STRATEGY_MAX_OPEN_HIT,0.0,0.0,True,1.5,False,1.5
2026-08-06T18:18:19.202823+00:00,SMC,BUY,1.5,False,PER_STRATEGY_MAX_OPEN_HIT,0.0,0.0,True,1.5,False,1.5
2026-08-06T18:19:19.692299+00:00,SMC,BUY,1.5,False,PER_STRATEGY_MAX_OPEN_HIT,0.0,0.0,True,1.5,False,1.5
2026-08-06T18:21:20.210470+00:00,SMC,BUY,1.5,False,PER_STRATEGY_MAX_OPEN_HIT,0.0,0.0,True,1.5,False,1.5
2026-08-06T18:22:20.694374+00:00,SMC,BUY,1.35,False,PER_STRATEGY_MAX_OPEN_HIT,0.0,0.0,True,1.35,False,1.35
2026-08-06T18:25:21.205208+00:00,SMC,BUY,1.5,False,PER_STRATEGY_MAX_OPEN_HIT,0.0,0.0,True,1.5,False,1.5
2026-08-06T18:33:21.939485+00:00,SMC,SELL,1.5,False,PER_STRATEGY_MAX_OPEN_HIT,0.0,0.0,True,1.5,False,1.5
2026-08-06T18:34:22.358191+00:00,SMC,SELL,1.5,False,PER_STRATEGY_MAX_OPEN_HIT,0.0,0.0,True,1.5,False,1.5
2026-08-06T18:35:22.889414+00:00,SMC,SELL,1.5,False,PER_STRATEGY_MAX_OPEN_HIT,0.0,0.0,True,1.5,False,1.5
2026-08-06T18:36:23.392502+00:00,SMC,SELL,1.5,False,PER_STRATEGY_MAX_OPEN_HIT,0.0,0.0,True,1.5,False,1.5
2026-08-06T18:37:23.872721+00:00,SMC,SELL,1.5,False,PER_STRATEGY_MAX_OPEN_HIT,0.0,0.0,True,1.5,False,1.5
2026-08-06T18:38:24.497581+00:00,SMC,SELL,1.5,False,PER_STRATEGY_MAX_OPEN_HIT,0.0,0.0,True,1.5,False,1.5
2026-08-06T18:39:24.911620+00:00,SMC,SELL,1.5,False,PER_STRATEGY_MAX_OPEN_HIT,0.0,0.0,True,1.5,False,1.5
2026-08-06T18:40:25.365848+00:00,SMC,SELL,1.5,False,PER_STRATEGY_MAX_OPEN_HIT,0.0,0.0,True,1.5,False,1.5
2026-08-06T18:41:25.900468+00:00,SMC,SELL,1.5,False,PER_STRATEGY_MAX_OPEN_HIT,0.0,0.0,True,1.5,False,1.5
2026-08-06T18:42:26.449026+00:00,SMC,SELL,1.5,False,PER_STRATEGY_MAX_OPEN_HIT,0.0,0.0,True,1.5,False,1.5
2026-08-06T18:43:26.942715+00:00,SMC,SELL,1.5,False,PER_STRATEGY_MAX_OPEN_HIT,0.0,0.0,True,1.5,False,1.5
2026-08-06T18:44:27.386540+00:00,SMC,SELL,1.5,False,PER_STRATEGY_MAX_OPEN_HIT,0.0,0.0,True,1.5,False,1.5
2026-08-06T18:45:27.847806+00:00,SMC,SELL,1.5,False,PER_STRATEGY_MAX_OPEN_HIT,0.0,0.0,True,1.5,False,1.5
2026-08-06T18:46:28.427252+00:00,SMC,SELL,1.5,False,PER_STRATEGY_MAX_OPEN_HIT,0.0,0.0,True,1.5,False,1.5
2026-08-06T18:47:29.133268+00:00,SMC,SELL,1.5,False,PER_STRATEGY_MAX_OPEN_HIT,0.0,0.0,True,1.5,False,1.5
2026-08-06T18:48:29.721663+00:00,SMC,SELL,1.5,False,PER_STRATEGY_MAX_OPEN_HIT,0.0,0.0,True,1.5,False,1.5
2026-08-06T18:49:30.164247+00:00,SMC,SELL,1.5,False,PER_STRATEGY_MAX_OPEN_HIT,0.0,0.0,True,1.5,False,1.5
2026-08-06T18:50:30.617897+00:00,SMC,SELL,1.5,False,PER_STRATEGY_MAX_OPEN_HIT,0.0,0.0,True,1.5,False,1.5
2026-08-06T18:51:31.193815+00:00,SMC,SELL,1.5,False,PER_STRATEGY_MAX_OPEN_HIT,0.0,0.0,True,1.5,False,1.5
2026-08-06T18:52:31.769019+00:00,SMC,SELL,1.5,False,PER_STRATEGY_MAX_OPEN_HIT,0.0,0.0,True,1.5,False,1.5
2026-08-06T18:53:32.396398+00:00,SMC,SELL,1.5,False,PER_STRATEGY_MAX_OPEN_HIT,0.0,0.0,True,1.5,False,1.5
2026-08-06T18:54:32.836202+00:00,SMC,SELL,1.5,False,PER_STRATEGY_MAX_OPEN_HIT,0.0,0.0,True,1.5,False,1.5
2026-08-07T00:00:42.051655+00:00,SMC,BUY,1.5,True,,0.75,0.07,True,1.5,True,0.75
2026-08-07T00:01:44.779981+00:00,MICRO,SELL,1.35,True,,0.75,0.07,True,1.35,True,0.6
2026-08-07T00:04:46.449016+00:00,SMC,BUY,1.35,False,PER_STRATEGY_MAX_OPEN_HIT,0.0,0.0,True,1.35,False,1.35
2026-08-07T00:05:46.897850+00:00,SMC,BUY,1.5,False,PER_STRATEGY_MAX_OPEN_HIT,0.0,0.0,True,1.5,False,1.5
2026-08-07T00:06:47.351810+00:00,SMC,BUY,1.5,False,PER_STRATEGY_MAX_OPEN_HIT,0.0,0.0,True,1.5,False,1.5
2026-08-07T00:07:47.817785+00:00,SMC,BUY,1.5,False,PER_STRATEGY_MAX_OPEN_HIT,0.0,0.0,True,1.5,False,1.5
2026-08-07T00:08:48.453987+00:00,SMC,BUY,1.5,False,PER_STRATEGY_MAX_OPEN_HIT,0.0,0.0,True,1.5,False,1.5
2026-08-07T00:09:48.885840+00:00,SMC,BUY,1.5,False,PER_STRATEGY_MAX_OPEN_HIT,0.0,0.0,True,1.5,False,1.5
2026-08-07T00:10:49.503097+00:00,SMC,SELL,1.5,False,PER_STRATEGY_MAX_OPEN_HIT,0.0,0.0,True,1.5,False,1.5
2026-08-07T00:11:50.057496+00:00,SMC,SELL,1.5,False,PER_STRATEGY_MAX_OPEN_HIT,0.0,0.0,True,1.5,False,1.5
2026-08-07T00:12:50.478305+00:00,SMC,SELL,1.5,False,PER_STRATEGY_MAX_OPEN_HIT,0.0,0.0,True,1.5,False,1.5
2026-08-07T00:13:50.914800+00:00,SMC,SELL,1.5,False,PER_STRATEGY_MAX_OPEN_HIT,0.0,0.0,True,1.5,False,1.5
2026-08-07T00:14:51.334892+00:00,SMC,SELL,1.5,False,PER_STRATEGY_MAX_OPEN_HIT,0.0,0.0,True,1.5,False,1.5
2026-08-07T00:15:51.828612+00:00,SMC,SELL,1.5,True,,0.75,0.07,True,1.5,True,0.75
2026-08-07T00:18:53.945792+00:00,MICRO,SELL,1.35,True,,0.75,0.07,True,1.35,True,0.6
2026-08-07T00:19:55.044640+00:00,SMC,SELL,1.5,False,PER_STRATEGY_MAX_OPEN_HIT,0.0,0.0,True,1.5,False,1.5
2026-08-07T00:20:55.630564+00:00,SMC,SELL,1.5,False,PER_STRATEGY_MAX_OPEN_HIT,0.0,0.0,True,1.5,False,1.5
2026-08-07T00:21:56.058717+00:00,SMC,SELL,1.5,False,PER_STRATEGY_MAX_OPEN_HIT,0.0,0.0,True,1.5,False,1.5
2026-08-07T00:22:56.510704+00:00,SMC,SELL,1.5,False,PER_STRATEGY_MAX_OPEN_HIT,0.0,0.0,True,1.5,False,1.5
2026-08-07T00:23:57.052247+00:00,SMC,SELL,1.5,False,PER_STRATEGY_MAX_OPEN_HIT,0.0,0.0,True,1.5,False,1.5
2026-08-07T00:24:57.485690+00:00,SMC,SELL,1.5,False,PER_STRATEGY_MAX_OPEN_HIT,0.0,0.0,True,1.5,False,1.5
2026-08-07T00:25:57.952134+00:00,SMC,SELL,1.35,False,PER_STRATEGY_MAX_OPEN_HIT,0.0,0.0,True,1.35,False,1.35
2026-08-07T00:26:58.547971+00:00,SMC,SELL,1.35,False,PER_STRATEGY_MAX_OPEN_HIT,0.0,0.0,True,1.35,False,1.35
2026-08-07T00:27:58.989316+00:00,SMC,SELL,1.35,True,,0.75,0.07,True,1.35,True,0.6
2026-08-07T00:32:02.169200+00:00,SMC,SELL,1.5,False,PER_STRATEGY_MAX_OPEN_HIT,0.0,0.0,True,1.5,False,1.5
2026-08-07T00:33:02.669859+00:00,SMC,SELL,1.5,False,PER_STRATEGY_MAX_OPEN_HIT,0.0,0.0,True,1.5,False,1.5
2026-08-07T00:34:03.181170+00:00,SMC,SELL,1.5,False,PER_STRATEGY_MAX_OPEN_HIT,0.0,0.0,True,1.5,False,1.5
2026-08-07T00:35:03.840201+00:00,SMC,BUY,1.35,False,PER_STRATEGY_MAX_OPEN_HIT,0.0,0.0,True,1.35,False,1.35
2026-08-07T00:36:04.320885+00:00,SMC,SELL,1.5,False,PER_STRATEGY_MAX_OPEN_HIT,0.0,0.0,True,1.5,False,1.5
2026-08-07T00:37:04.781536+00:00,SMC,SELL,1.5,False,PER_STRATEGY_MAX_OPEN_HIT,0.0,0.0,True,1.5,False,1.5
2026-08-07T00:38:05.339586+00:00,SMC,SELL,1.35,False,PER_STRATEGY_MAX_OPEN_HIT,0.0,0.0,True,1.35,False,1.35
2026-08-07T00:39:05.783102+00:00,SMC,SELL,1.5,False,PER_STRATEGY_MAX_OPEN_HIT,0.0,0.0,True,1.5,False,1.5
2026-08-07T00:40:06.223206+00:00,SMC,SELL,1.5,False,PER_STRATEGY_MAX_OPEN_HIT,0.0,0.0,True,1.5,False,1.5
2026-08-07T00:41:06.754759+00:00,SMC,SELL,1.5,False,PER_STRATEGY_MAX_OPEN_HIT,0.0,0.0,True,1.5,False,1.5
2026-08-07T00:42:07.321428+00:00,SMC,SELL,1.35,False,PER_STRATEGY_MAX_OPEN_HIT,0.0,0.0,True,1.35,False,1.35
2026-08-07T00:43:07.815353+00:00,SMC,SELL,1.5,False,PER_STRATEGY_MAX_OPEN_HIT,0.0,0.0,True,1.5,False,1.5
2026-08-07T00:44:08.274752+00:00,SMC,SELL,1.5,False,PER_STRATEGY_MAX_OPEN_HIT,0.0,0.0,True,1.5,False,1.5
2026-08-07T00:45:08.701234+00:00,SMC,SELL,1.5,False,PER_STRATEGY_MAX_OPEN_HIT,0.0,0.0,True,1.5,False,1.5
2026-08-07T00:46:09.289618+00:00,SMC,SELL,1.5,False,PER_STRATEGY_MAX_OPEN_HIT,0.0,0.0,True,1.5,False,1.5
2026-08-07T00:47:09.825548+00:00,SMC,SELL,1.5,False,PER_STRATEGY_MAX_OPEN_HIT,0.0,0.0,True,1.5,False,1.5
2026-08-07T00:48:10.275024+00:00,SMC,SELL,1.5,False,PER_STRATEGY_MAX_OPEN_HIT,0.0,0.0,True,1.5,False,1.5
2026-08-07T00:49:10.926860+00:00,SMC,SELL,1.35,False,PER_STRATEGY_MAX_OPEN_HIT,0.0,0.0,True,1.35,False,1.35
2026-08-07T00:50:11.428754+00:00,SMC,SELL,1.35,False,PER_STRATEGY_MAX_OPEN_HIT,0.0,0.0,True,1.35,False,1.35
2026-08-07T00:51:11.918395+00:00,SMC,SELL,1.35,False,PER_STRATEGY_MAX_OPEN_HIT,0.0,0.0,True,1.35,False,1.35
2026-08-07T00:52:12.359299+00:00,SMC,SELL,1.35,False,PER_STRATEGY_MAX_OPEN_HIT,0.0,0.0,True,1.35,False,1.35
2026-08-07T00:53:12.923100+00:00,SMC,SELL,1.35,False,PER_STRATEGY_MAX_OPEN_HIT,0.0,0.0,True,1.35,False,1.35
2026-08-07T00:54:13.386489+00:00,SMC,SELL,1.35,False,PER_STRATEGY_MAX_OPEN_HIT,0.0,0.0,True,1.35,False,1.35
2026-08-07T00:55:13.883136+00:00,SMC,SELL,1.5,False,PER_STRATEGY_MAX_OPEN_HIT,0.0,0.0,True,1.5,False,1.5
2026-08-07T00:56:14.572007+00:00,SMC,SELL,1.5,False,PER_STRATEGY_MAX_OPEN_HIT,0.0,0.0,True,1.5,False,1.5
2026-08-07T00:57:15.006622+00:00,SMC,SELL,1.5,False,PER_STRATEGY_MAX_OPEN_HIT,0.0,0.0,True,1.5,False,1.5
2026-08-07T00:58:15.440051+00:00,SMC,SELL,1.35,False,PER_STRATEGY_MAX_OPEN_HIT,0.0,0.0,True,1.35,False,1.35
2026-08-07T00:59:15.876643+00:00,SMC,SELL,1.35,False,PER_STRATEGY_MAX_OPEN_HIT,0.0,0.0,True,1.35,False,1.35
2026-08-07T01:00:16.382053+00:00,SMC,SELL,1.5,False,PER_STRATEGY_MAX_OPEN_HIT,0.0,0.0,True,1.5,False,1.5
2026-08-07T01:01:16.925810+00:00,SMC,SELL,1.5,False,PER_STRATEGY_MAX_OPEN_HIT,0.0,0.0,True,1.5,False,1.5
2026-08-07T01:02:17.335721+00:00,SMC,SELL,1.5,False,PER_STRATEGY_MAX_OPEN_HIT,0.0,0.0,True,1.5,False,1.5
2026-08-07T01:03:17.749431+00:00,SMC,SELL,1.5,False,PER_STRATEGY_MAX_OPEN_HIT,0.0,0.0,True,1.5,False,1.5
2026-08-07T01:04:18.204139+00:00,SMC,SELL,1.5,False,PER_STRATEGY_MAX_OPEN_HIT,0.0,0.0,True,1.5,False,1.5
2026-08-07T01:05:18.625037+00:00,SMC,SELL,1.5,False,PER_STRATEGY_MAX_OPEN_HIT,0.0,0.0,True,1.5,False,1.5
2026-08-07T01:06:19.251242+00:00,SMC,SELL,1.5,False,PER_STRATEGY_MAX_OPEN_HIT,0.0,0.0,True,1.5,False,1.5
2026-08-07T01:07:19.689056+00:00,SMC,SELL,1.5,False,PER_STRATEGY_MAX_OPEN_HIT,0.0,0.0,True,1.5,False,1.5
2026-08-07T01:08:20.373787+00:00,SMC,SELL,1.5,False,PER_STRATEGY_MAX_OPEN_HIT,0.0,0.0,True,1.5,False,1.5
2026-08-07T01:09:20.835008+00:00,SMC,SELL,1.5,False,PER_STRATEGY_MAX_OPEN_HIT,0.0,0.0,True,1.5,False,1.5
2026-08-07T01:13:21.530334+00:00,SMC,SELL,1.5,False,PER_STRATEGY_MAX_OPEN_HIT,0.0,0.0,True,1.5,False,1.5
2026-08-07T01:14:21.997928+00:00,SMC,SELL,1.5,False,PER_STRATEGY_MAX_OPEN_HIT,0.0,0.0,True,1.5,False,1.5
2026-08-07T01:16:23.674832+00:00,SMC,SELL,1.5,False,PER_STRATEGY_MAX_OPEN_HIT,0.0,0.0,True,1.5,False,1.5
2026-08-07T01:17:24.197247+00:00,SMC,SELL,1.5,False,PER_STRATEGY_MAX_OPEN_HIT,0.0,0.0,True,1.5,False,1.5
2026-08-07T01:18:24.673449+00:00,SMC,SELL,1.5,False,PER_STRATEGY_MAX_OPEN_HIT,0.0,0.0,True,1.5,False,1.5
2026-08-07T01:19:25.087442+00:00,SMC,SELL,1.5,False,PER_STRATEGY_MAX_OPEN_HIT,0.0,0.0,True,1.5,False,1.5
2026-08-07T01:20:25.699731+00:00,SMC,SELL,1.5,False,PER_STRATEGY_MAX_OPEN_HIT,0.0,0.0,True,1.5,False,1.5
2026-08-07T01:21:26.136916+00:00,SMC,SELL,1.5,False,PER_STRATEGY_MAX_OPEN_HIT,0.0,0.0,True,1.5,False,1.5
2026-08-07T01:22:26.647533+00:00,SMC,SELL,1.5,False,PER_STRATEGY_MAX_OPEN_HIT,0.0,0.0,True,1.5,False,1.5
2026-08-07T01:23:27.217182+00:00,SMC,SELL,1.5,False,PER_STRATEGY_MAX_OPEN_HIT,0.0,0.0,True,1.5,False,1.5
2026-08-07T01:24:27.632356+00:00,SMC,SELL,1.5,False,PER_STRATEGY_MAX_OPEN_HIT,0.0,0.0,True,1.5,False,1.5
2026-08-07T01:27:28.237870+00:00,SMC,SELL,1.5,False,PER_STRATEGY_MAX_OPEN_HIT,0.0,0.0,True,1.5,False,1.5
2026-08-07T01:28:28.716406+00:00,SMC,SELL,1.5,False,PER_STRATEGY_MAX_OPEN_HIT,0.0,0.0,True,1.5,False,1.5
2026-08-07T01:29:29.195576+00:00,SMC,SELL,1.5,False,PER_STRATEGY_MAX_OPEN_HIT,0.0,0.0,True,1.5,False,1.5
2026-08-07T01:30:29.635357+00:00,SMC,SELL,1.5,False,PER_STRATEGY_MAX_OPEN_HIT,0.0,0.0,True,1.5,False,1.5
2026-08-07T01:32:30.165657+00:00,SMC,SELL,1.5,False,PER_STRATEGY_MAX_OPEN_HIT,0.0,0.0,True,1.5,False,1.5
2026-08-07T01:33:30.703277+00:00,SMC,SELL,1.5,False,PER_STRATEGY_MAX_OPEN_HIT,0.0,0.0,True,1.5,False,1.5
2026-08-07T01:34:31.093609+00:00,SMC,SELL,1.5,False,PER_STRATEGY_MAX_OPEN_HIT,0.0,0.0,True,1.5,False,1.5
2026-08-07T01:36:31.610976+00:00,SMC,SELL,1.5,False,PER_STRATEGY_MAX_OPEN_HIT,0.0,0.0,True,1.5,False,1.5
2026-08-07T01:39:32.188851+00:00,SMC,SELL,1.5,False,PER_STRATEGY_MAX_OPEN_HIT,0.0,0.0,True,1.5,False,1.5
2026-08-07T01:40:32.634247+00:00,SMC,SELL,1.5,False,PER_STRATEGY_MAX_OPEN_HIT,0.0,0.0,True,1.5,False,1.5
2026-08-07T01:41:33.248413+00:00,SMC,SELL,1.5,False,PER_STRATEGY_MAX_OPEN_HIT,0.0,0.0,True,1.5,False,1.5
2026-08-07T01:42:33.697853+00:00,SMC,SELL,1.5,False,PER_STRATEGY_MAX_OPEN_HIT,0.0,0.0,True,1.5,False,1.5
2026-08-07T02:19:54.927572+00:00,SMC,SELL,1.5,False,PER_STRATEGY_MAX_OPEN_HIT,0.0,0.0,True,1.5,False,1.5
2026-08-07T02:20:55.499457+00:00,SMC,SELL,1.5,False,PER_STRATEGY_MAX_OPEN_HIT,0.0,0.0,True,1.5,False,1.5
2026-08-07T02:21:56.060629+00:00,SMC,SELL,1.5,False,PER_STRATEGY_MAX_OPEN_HIT,0.0,0.0,True,1.5,False,1.5
2026-08-07T02:22:56.488072+00:00,SMC,SELL,1.5,False,PER_STRATEGY_MAX_OPEN_HIT,0.0,0.0,True,1.5,False,1.5
2026-08-07T02:30:01.277216+00:00,SMC,SELL,1.5,False,PER_STRATEGY_MAX_OPEN_HIT,0.0,0.0,True,1.5,False,1.5
2026-08-07T02:31:01.809862+00:00,SMC,SELL,1.5,False,PER_STRATEGY_MAX_OPEN_HIT,0.0,0.0,True,1.5,False,1.5
2026-08-07T02:32:02.279848+00:00,SMC,SELL,1.5,False,PER_STRATEGY_MAX_OPEN_HIT,0.0,0.0,True,1.5,False,1.5
2026-08-07T02:33:02.700027+00:00,SMC,SELL,1.5,False,PER_STRATEGY_MAX_OPEN_HIT,0.0,0.0,True,1.5,False,1.5
2026-08-07T02:34:03.142807+00:00,SMC,SELL,1.5,False,PER_STRATEGY_MAX_OPEN_HIT,0.0,0.0,True,1.5,False,1.5
2026-08-07T02:35:03.749810+00:00,SMC,SELL,1.5,False,PER_STRATEGY_MAX_OPEN_HIT,0.0,0.0,True,1.5,False,1.5
2026-08-07T02:36:04.231962+00:00,SMC,SELL,1.5,False,PER_STRATEGY_MAX_OPEN_HIT,0.0,0.0,True,1.5,False,1.5
2026-08-07T02:37:04.676412+00:00,SMC,SELL,1.5,False,PER_STRATEGY_MAX_OPEN_HIT,0.0,0.0,True,1.5,False,1.5
2026-08-07T02:38:05.112461+00:00,SMC,SELL,1.5,False,PER_STRATEGY_MAX_OPEN_HIT,0.0,0.0,True,1.5,False,1.5
2026-08-07T02:39:05.735944+00:00,SMC,SELL,1.5,False,PER_STRATEGY_MAX_OPEN_HIT,0.0,0.0,True,1.5,False,1.5
2026-08-07T02:40:06.156825+00:00,SMC,SELL,1.5,False,PER_STRATEGY_MAX_OPEN_HIT,0.0,0.0,True,1.5,False,1.5
2026-08-07T02:41:06.719652+00:00,SMC,SELL,1.5,False,PER_STRATEGY_MAX_OPEN_HIT,0.0,0.0,True,1.5,False,1.5
2026-08-07T02:42:07.110531+00:00,SMC,SELL,1.5,False,PER_STRATEGY_MAX_OPEN_HIT,0.0,0.0,True,1.5,False,1.5
2026-08-07T02:43:07.623581+00:00,SMC,SELL,1.5,False,PER_STRATEGY_MAX_OPEN_HIT,0.0,0.0,True,1.5,False,1.5
2026-08-07T02:44:08.117062+00:00,SMC,SELL,1.5,False,PER_STRATEGY_MAX_OPEN_HIT,0.0,0.0,True,1.5,False,1.5
2026-08-07T02:45:08.565868+00:00,SMC,SELL,1.5,False,PER_STRATEGY_MAX_OPEN_HIT,0.0,0.0,True,1.5,False,1.5
2026-08-07T02:47:09.250435+00:00,SMC,SELL,1.5,False,PER_STRATEGY_MAX_OPEN_HIT,0.0,0.0,True,1.5,False,1.5
2026-08-07T02:48:09.654665+00:00,SMC,SELL,1.5,False,PER_STRATEGY_MAX_OPEN_HIT,0.0,0.0,True,1.5,False,1.5
2026-08-07T02:49:10.307633+00:00,SMC,SELL,1.5,False,PER_STRATEGY_MAX_OPEN_HIT,0.0,0.0,True,1.5,False,1.5
2026-08-07T02:50:10.774080+00:00,SMC,SELL,1.5,False,PER_STRATEGY_MAX_OPEN_HIT,0.0,0.0,True,1.5,False,1.5
2026-08-07T02:51:11.222793+00:00,SMC,SELL,1.5,False,PER_STRATEGY_MAX_OPEN_HIT,0.0,0.0,True,1.5,False,1.5
2026-08-07T02:52:11.697112+00:00,SMC,SELL,1.5,False,PER_STRATEGY_MAX_OPEN_HIT,0.0,0.0,True,1.5,False,1.5
2026-08-07T02:53:12.260729+00:00,SMC,SELL,1.5,False,PER_STRATEGY_MAX_OPEN_HIT,0.0,0.0,True,1.5,False,1.5
2026-08-07T02:54:12.677521+00:00,SMC,SELL,1.5,False,PER_STRATEGY_MAX_OPEN_HIT,0.0,0.0,True,1.5,False,1.5
2026-08-07T02:55:13.136056+00:00,SMC,SELL,1.5,False,PER_STRATEGY_MAX_OPEN_HIT,0.0,0.0,True,1.5,False,1.5
2026-08-07T02:56:13.585314+00:00,SMC,SELL,1.5,False,PER_STRATEGY_MAX_OPEN_HIT,0.0,0.0,True,1.5,False,1.5
2026-08-07T02:57:14.191897+00:00,SMC,SELL,1.5,False,PER_STRATEGY_MAX_OPEN_HIT,0.0,0.0,True,1.5,False,1.5
2026-08-07T02:58:14.638580+00:00,SMC,SELL,1.5,False,PER_STRATEGY_MAX_OPEN_HIT,0.0,0.0,True,1.5,False,1.5
2026-08-07T02:59:15.219762+00:00,SMC,SELL,1.5,False,PER_STRATEGY_MAX_OPEN_HIT,0.0,0.0,True,1.5,False,1.5
2026-08-07T03:00:15.684523+00:00,SMC,SELL,1.5,False,PER_STRATEGY_MAX_OPEN_HIT,0.0,0.0,True,1.5,False,1.5
2026-08-07T03:01:16.130785+00:00,SMC,SELL,1.5,False,PER_STRATEGY_MAX_OPEN_HIT,0.0,0.0,True,1.5,False,1.5
2026-08-07T03:02:16.643190+00:00,SMC,SELL,1.5,False,PER_STRATEGY_MAX_OPEN_HIT,0.0,0.0,True,1.5,False,1.5
2026-08-07T03:03:17.305498+00:00,SMC,SELL,1.5,False,PER_STRATEGY_MAX_OPEN_HIT,0.0,0.0,True,1.5,False,1.5
2026-08-07T03:04:17.851101+00:00,SMC,SELL,1.5,False,PER_STRATEGY_MAX_OPEN_HIT,0.0,0.0,True,1.5,False,1.5
2026-08-07T03:05:18.293440+00:00,SMC,SELL,1.5,False,PER_STRATEGY_MAX_OPEN_HIT,0.0,0.0,True,1.5,False,1.5
2026-08-07T03:06:18.767781+00:00,SMC,SELL,1.5,False,PER_STRATEGY_MAX_OPEN_HIT,0.0,0.0,True,1.5,False,1.5
2026-08-07T03:07:19.395690+00:00,SMC,SELL,1.5,False,PER_STRATEGY_MAX_OPEN_HIT,0.0,0.0,True,1.5,False,1.5
2026-08-07T03:08:19.839008+00:00,SMC,SELL,1.5,False,PER_STRATEGY_MAX_OPEN_HIT,0.0,0.0,True,1.5,False,1.5
2026-08-07T03:09:20.478528+00:00,SMC,SELL,1.5,False,PER_STRATEGY_MAX_OPEN_HIT,0.0,0.0,True,1.5,False,1.5
2026-08-07T03:11:21.647974+00:00,SMC,SELL,1.5,False,PER_STRATEGY_MAX_OPEN_HIT,0.0,0.0,True,1.5,False,1.5
2026-08-07T03:12:22.090259+00:00,SMC,SELL,1.5,False,PER_STRATEGY_MAX_OPEN_HIT,0.0,0.0,True,1.5,False,1.5
2026-08-07T03:13:22.490112+00:00,SMC,SELL,1.5,False,PER_STRATEGY_MAX_OPEN_HIT,0.0,0.0,True,1.5,False,1.5
2026-08-07T03:14:22.927673+00:00,SMC,SELL,1.5,False,PER_STRATEGY_MAX_OPEN_HIT,0.0,0.0,True,1.5,False,1.5
2026-08-07T03:15:23.494225+00:00,SMC,SELL,1.5,False,PER_STRATEGY_MAX_OPEN_HIT,0.0,0.0,True,1.5,False,1.5
2026-08-07T03:16:23.928696+00:00,SMC,SELL,1.5,False,PER_STRATEGY_MAX_OPEN_HIT,0.0,0.0,True,1.5,False,1.5
2026-08-07T03:17:24.548892+00:00,SMC,SELL,1.5,False,PER_STRATEGY_MAX_OPEN_HIT,0.0,0.0,True,1.5,False,1.5
2026-08-07T03:18:25.000296+00:00,SMC,SELL,1.5,False,PER_STRATEGY_MAX_OPEN_HIT,0.0,0.0,True,1.5,False,1.5
2026-08-07T03:19:25.444492+00:00,SMC,SELL,1.5,False,PER_STRATEGY_MAX_OPEN_HIT,0.0,0.0,True,1.5,False,1.5
2026-08-07T03:21:26.485616+00:00,SMC,SELL,1.5,False,PER_STRATEGY_MAX_OPEN_HIT,0.0,0.0,True,1.5,False,1.5
2026-08-07T03:22:27.112986+00:00,SMC,SELL,1.5,False,PER_STRATEGY_MAX_OPEN_HIT,0.0,0.0,True,1.5,False,1.5
2026-08-07T03:23:27.538316+00:00,SMC,SELL,1.5,False,PER_STRATEGY_MAX_OPEN_HIT,0.0,0.0,True,1.5,False,1.5
2026-08-07T03:24:28.105468+00:00,SMC,SELL,1.5,False,PER_STRATEGY_MAX_OPEN_HIT,0.0,0.0,True,1.5,False,1.5
2026-08-07T03:25:28.624142+00:00,SMC,SELL,1.5,False,PER_STRATEGY_MAX_OPEN_HIT,0.0,0.0,True,1.5,False,1.5
2026-08-07T03:26:29.130763+00:00,SMC,SELL,1.5,False,PER_STRATEGY_MAX_OPEN_HIT,0.0,0.0,True,1.5,False,1.5
2026-08-07T03:27:29.718580+00:00,SMC,SELL,1.5,False,PER_STRATEGY_MAX_OPEN_HIT,0.0,0.0,True,1.5,False,1.5
2026-08-07T03:28:30.135877+00:00,SMC,SELL,1.5,False,PER_STRATEGY_MAX_OPEN_HIT,0.0,0.0,True,1.5,False,1.5
2026-08-07T03:29:30.708504+00:00,SMC,SELL,1.5,False,PER_STRATEGY_MAX_OPEN_HIT,0.0,0.0,True,1.5,False,1.5
2026-08-07T03:30:31.199222+00:00,SMC,SELL,1.5,False,PER_STRATEGY_MAX_OPEN_HIT,0.0,0.0,True,1.5,False,1.5
2026-08-07T03:31:31.633609+00:00,SMC,SELL,1.5,False,PER_STRATEGY_MAX_OPEN_HIT,0.0,0.0,True,1.5,False,1.5
2026-08-07T03:32:32.084506+00:00,SMC,SELL,1.5,False,PER_STRATEGY_MAX_OPEN_HIT,0.0,0.0,True,1.5,False,1.5
2026-08-07T03:33:32.582784+00:00,SMC,SELL,1.5,False,PER_STRATEGY_MAX_OPEN_HIT,0.0,0.0,True,1.5,False,1.5
2026-08-07T03:34:33.017072+00:00,SMC,SELL,1.5,False,PER_STRATEGY_MAX_OPEN_HIT,0.0,0.0,True,1.5,False,1.5
2026-08-07T03:35:33.456176+00:00,SMC,SELL,1.5,False,PER_STRATEGY_MAX_OPEN_HIT,0.0,0.0,True,1.5,False,1.5
2026-08-07T03:36:34.083739+00:00,SMC,SELL,1.5,False,PER_STRATEGY_MAX_OPEN_HIT,0.0,0.0,True,1.5,False,1.5
2026-08-07T03:37:34.545458+00:00,SMC,SELL,1.5,False,PER_STRATEGY_MAX_OPEN_HIT,0.0,0.0,True,1.5,False,1.5
2026-08-07T03:38:35.078329+00:00,SMC,SELL,1.5,False,PER_STRATEGY_MAX_OPEN_HIT,0.0,0.0,True,1.5,False,1.5
2026-08-07T03:39:35.795693+00:00,SMC,SELL,1.5,False,PER_STRATEGY_MAX_OPEN_HIT,0.0,0.0,True,1.5,False,1.5
2026-08-07T03:40:36.353796+00:00,SMC,SELL,1.5,False,PER_STRATEGY_MAX_OPEN_HIT,0.0,0.0,True,1.5,False,1.5
2026-08-07T03:41:36.840587+00:00,SMC,SELL,1.5,False,PER_STRATEGY_MAX_OPEN_HIT,0.0,0.0,True,1.5,False,1.5
2026-08-07T03:42:37.313259+00:00,SMC,SELL,1.5,False,PER_STRATEGY_MAX_OPEN_HIT,0.0,0.0,True,1.5,False,1.5
2026-08-07T03:43:37.716441+00:00,SMC,SELL,1.5,False,PER_STRATEGY_MAX_OPEN_HIT,0.0,0.0,True,1.5,False,1.5
2026-08-07T03:44:38.267623+00:00,SMC,SELL,1.5,False,PER_STRATEGY_MAX_OPEN_HIT,0.0,0.0,True,1.5,False,1.5
2026-08-07T03:45:38.722336+00:00,SMC,SELL,1.5,False,PER_STRATEGY_MAX_OPEN_HIT,0.0,0.0,True,1.5,False,1.5
2026-08-07T03:46:39.130449+00:00,SMC,SELL,1.5,False,PER_STRATEGY_MAX_OPEN_HIT,0.0,0.0,True,1.5,False,1.5
2026-08-07T03:47:39.741770+00:00,SMC,SELL,1.5,False,PER_STRATEGY_MAX_OPEN_HIT,0.0,0.0,True,1.5,False,1.5
2026-08-07T03:48:40.187077+00:00,SMC,SELL,1.5,False,PER_STRATEGY_MAX_OPEN_HIT,0.0,0.0,True,1.5,False,1.5
2026-08-07T03:49:40.736864+00:00,SMC,SELL,1.5,False,PER_STRATEGY_MAX_OPEN_HIT,0.0,0.0,True,1.5,False,1.5
2026-08-07T03:50:41.169569+00:00,SMC,SELL,1.5,False,PER_STRATEGY_MAX_OPEN_HIT,0.0,0.0,True,1.5,False,1.5
2026-08-07T03:51:41.612545+00:00,SMC,SELL,1.5,False,PER_STRATEGY_MAX_OPEN_HIT,0.0,0.0,True,1.5,False,1.5
2026-08-07T03:52:42.286972+00:00,SMC,SELL,1.5,False,PER_STRATEGY_MAX_OPEN_HIT,0.0,0.0,True,1.5,False,1.5
2026-08-07T03:53:42.662609+00:00,SMC,SELL,1.5,False,PER_STRATEGY_MAX_OPEN_HIT,0.0,0.0,True,1.5,False,1.5
2026-08-07T03:54:43.081821+00:00,SMC,SELL,1.5,False,PER_STRATEGY_MAX_OPEN_HIT,0.0,0.0,True,1.5,False,1.5
2026-08-07T03:55:43.619218+00:00,SMC,SELL,1.5,False,PER_STRATEGY_MAX_OPEN_HIT,0.0,0.0,True,1.5,False,1.5
2026-08-07T03:56:44.062205+00:00,SMC,SELL,1.5,False,PER_STRATEGY_MAX_OPEN_HIT,0.0,0.0,True,1.5,False,1.5
2026-08-07T03:57:44.547957+00:00,SMC,SELL,1.5,False,PER_STRATEGY_MAX_OPEN_HIT,0.0,0.0,True,1.5,False,1.5
2026-08-07T04:26:00.318836+00:00,SMC,SELL,1.5,False,PER_STRATEGY_MAX_OPEN_HIT,0.0,0.0,True,1.5,False,1.5
2026-08-07T04:27:00.790585+00:00,SMC,SELL,1.5,False,PER_STRATEGY_MAX_OPEN_HIT,0.0,0.0,True,1.5,False,1.5
2026-08-07T04:28:01.361116+00:00,SMC,SELL,1.5,False,PER_STRATEGY_MAX_OPEN_HIT,0.0,0.0,True,1.5,False,1.5
2026-08-07T04:29:01.785653+00:00,SMC,SELL,1.5,False,PER_STRATEGY_MAX_OPEN_HIT,0.0,0.0,True,1.5,False,1.5
2026-08-07T04:31:02.768816+00:00,SMC,SELL,1.5,False,PER_STRATEGY_MAX_OPEN_HIT,0.0,0.0,True,1.5,False,1.5
2026-08-07T04:32:03.320090+00:00,SMC,SELL,1.5,False,PER_STRATEGY_MAX_OPEN_HIT,0.0,0.0,True,1.5,False,1.5
2026-08-07T04:33:03.895895+00:00,SMC,SELL,1.5,False,PER_STRATEGY_MAX_OPEN_HIT,0.0,0.0,True,1.5,False,1.5
2026-08-07T04:34:04.283396+00:00,SMC,SELL,1.5,False,PER_STRATEGY_MAX_OPEN_HIT,0.0,0.0,True,1.5,False,1.5
2026-08-07T04:35:04.726070+00:00,SMC,SELL,1.5,False,PER_STRATEGY_MAX_OPEN_HIT,0.0,0.0,True,1.5,False,1.5
2026-08-07T04:36:05.332616+00:00,SMC,SELL,1.5,False,PER_STRATEGY_MAX_OPEN_HIT,0.0,0.0,True,1.5,False,1.5
2026-08-07T04:37:05.759162+00:00,SMC,SELL,1.5,False,PER_STRATEGY_MAX_OPEN_HIT,0.0,0.0,True,1.5,False,1.5
2026-08-07T04:38:06.249674+00:00,SMC,SELL,1.5,False,PER_STRATEGY_MAX_OPEN_HIT,0.0,0.0,True,1.5,False,1.5
2026-08-07T04:39:06.669576+00:00,SMC,SELL,1.5,False,PER_STRATEGY_MAX_OPEN_HIT,0.0,0.0,True,1.5,False,1.5
2026-08-07T04:40:07.218634+00:00,SMC,SELL,1.5,False,PER_STRATEGY_MAX_OPEN_HIT,0.0,0.0,True,1.5,False,1.5
2026-08-07T04:41:07.663365+00:00,SMC,SELL,1.5,False,PER_STRATEGY_MAX_OPEN_HIT,0.0,0.0,True,1.5,False,1.5
2026-08-07T04:42:08.126349+00:00,SMC,SELL,1.5,False,PER_STRATEGY_MAX_OPEN_HIT,0.0,0.0,True,1.5,False,1.5
2026-08-07T04:43:08.588737+00:00,SMC,SELL,1.5,False,PER_STRATEGY_MAX_OPEN_HIT,0.0,0.0,True,1.5,False,1.5
2026-08-07T04:44:09.014225+00:00,SMC,SELL,1.5,False,PER_STRATEGY_MAX_OPEN_HIT,0.0,0.0,True,1.5,False,1.5
2026-08-07T04:45:09.454647+00:00,SMC,SELL,1.5,False,PER_STRATEGY_MAX_OPEN_HIT,0.0,0.0,True,1.5,False,1.5
2026-08-07T04:46:09.973847+00:00,SMC,SELL,1.5,False,PER_STRATEGY_MAX_OPEN_HIT,0.0,0.0,True,1.5,False,1.5
2026-08-07T04:47:10.398771+00:00,SMC,SELL,1.5,False,PER_STRATEGY_MAX_OPEN_HIT,0.0,0.0,True,1.5,False,1.5
2026-08-07T04:48:10.969210+00:00,SMC,SELL,1.5,False,PER_STRATEGY_MAX_OPEN_HIT,0.0,0.0,True,1.5,False,1.5
2026-08-07T04:49:11.416706+00:00,SMC,SELL,1.5,False,PER_STRATEGY_MAX_OPEN_HIT,0.0,0.0,True,1.5,False,1.5
2026-08-07T04:50:11.974089+00:00,SMC,SELL,1.5,False,PER_STRATEGY_MAX_OPEN_HIT,0.0,0.0,True,1.5,False,1.5
2026-08-07T04:51:12.418665+00:00,SMC,SELL,1.5,False,PER_STRATEGY_MAX_OPEN_HIT,0.0,0.0,True,1.5,False,1.5
2026-08-07T04:52:12.838859+00:00,SMC,SELL,1.5,False,PER_STRATEGY_MAX_OPEN_HIT,0.0,0.0,True,1.5,False,1.5
2026-08-07T04:53:13.398124+00:00,SMC,SELL,1.5,False,PER_STRATEGY_MAX_OPEN_HIT,0.0,0.0,True,1.5,False,1.5
2026-08-07T04:54:13.842054+00:00,SMC,SELL,1.5,False,PER_STRATEGY_MAX_OPEN_HIT,0.0,0.0,True,1.5,False,1.5
2026-08-07T04:55:14.299897+00:00,SMC,SELL,1.5,False,PER_STRATEGY_MAX_OPEN_HIT,0.0,0.0,True,1.5,False,1.5
2026-08-07T04:56:14.816444+00:00,SMC,SELL,1.5,False,PER_STRATEGY_MAX_OPEN_HIT,0.0,0.0,True,1.5,False,1.5
2026-08-07T04:57:15.299150+00:00,SMC,SELL,1.5,False,PER_STRATEGY_MAX_OPEN_HIT,0.0,0.0,True,1.5,False,1.5
2026-08-07T04:58:15.819141+00:00,SMC,SELL,1.5,False,PER_STRATEGY_MAX_OPEN_HIT,0.0,0.0,True,1.5,False,1.5
2026-08-07T04:59:16.332190+00:00,SMC,SELL,1.5,False,PER_STRATEGY_MAX_OPEN_HIT,0.0,0.0,True,1.5,False,1.5
2026-08-07T05:00:16.895639+00:00,SMC,SELL,1.5,False,PER_STRATEGY_MAX_OPEN_HIT,0.0,0.0,True,1.5,False,1.5
2026-08-07T05:01:17.422420+00:00,SMC,SELL,1.5,False,PER_STRATEGY_MAX_OPEN_HIT,0.0,0.0,True,1.5,False,1.5
2026-08-07T05:02:17.876562+00:00,SMC,SELL,1.5,False,PER_STRATEGY_MAX_OPEN_HIT,0.0,0.0,True,1.5,False,1.5
2026-08-07T05:03:18.358351+00:00,SMC,SELL,1.5,False,PER_STRATEGY_MAX_OPEN_HIT,0.0,0.0,True,1.5,False,1.5
2026-08-07T05:04:18.744659+00:00,SMC,SELL,1.5,False,PER_STRATEGY_MAX_OPEN_HIT,0.0,0.0,True,1.5,False,1.5
2026-08-07T05:05:19.318777+00:00,SMC,SELL,1.5,False,PER_STRATEGY_MAX_OPEN_HIT,0.0,0.0,True,1.5,False,1.5
2026-08-07T05:06:19.749585+00:00,SMC,SELL,1.5,False,PER_STRATEGY_MAX_OPEN_HIT,0.0,0.0,True,1.5,False,1.5
2026-08-07T05:07:20.279635+00:00,SMC,SELL,1.5,False,PER_STRATEGY_MAX_OPEN_HIT,0.0,0.0,True,1.5,False,1.5
2026-08-07T05:08:20.804227+00:00,SMC,SELL,1.5,False,PER_STRATEGY_MAX_OPEN_HIT,0.0,0.0,True,1.5,False,1.5
2026-08-07T05:09:21.249084+00:00,SMC,SELL,1.5,False,PER_STRATEGY_MAX_OPEN_HIT,0.0,0.0,True,1.5,False,1.5
2026-08-07T05:10:21.808485+00:00,SMC,SELL,1.5,False,PER_STRATEGY_MAX_OPEN_HIT,0.0,0.0,True,1.5,False,1.5
2026-08-07T05:13:24.115859+00:00,SMC,SELL,1.5,True,,0.75,0.07,True,1.5,True,0.75
2026-08-07T05:17:27.275198+00:00,SMC,SELL,1.5,False,PER_STRATEGY_MAX_OPEN_HIT,0.0,0.0,True,1.5,False,1.5
2026-08-07T05:18:27.740183+00:00,SMC,SELL,1.5,False,PER_STRATEGY_MAX_OPEN_HIT,0.0,0.0,True,1.5,False,1.5
2026-08-07T05:19:28.187784+00:00,SMC,SELL,1.5,False,PER_STRATEGY_MAX_OPEN_HIT,0.0,0.0,True,1.5,False,1.5
2026-08-07T05:21:29.333696+00:00,SMC,SELL,1.5,False,PER_STRATEGY_MAX_OPEN_HIT,0.0,0.0,True,1.5,False,1.5
2026-08-07T05:22:29.818039+00:00,SMC,SELL,1.5,False,PER_STRATEGY_MAX_OPEN_HIT,0.0,0.0,True,1.5,False,1.5
2026-08-07T05:23:30.419995+00:00,SMC,SELL,1.5,False,PER_STRATEGY_MAX_OPEN_HIT,0.0,0.0,True,1.5,False,1.5
2026-08-07T05:24:30.840497+00:00,SMC,SELL,1.5,False,PER_STRATEGY_MAX_OPEN_HIT,0.0,0.0,True,1.5,False,1.5
2026-08-07T05:25:31.453818+00:00,SMC,SELL,1.5,False,PER_STRATEGY_MAX_OPEN_HIT,0.0,0.0,True,1.5,False,1.5
2026-08-07T05:28:31.999095+00:00,SMC,SELL,1.5,False,PER_STRATEGY_MAX_OPEN_HIT,0.0,0.0,True,1.5,False,1.5
2026-08-07T05:30:32.519000+00:00,SMC,SELL,1.5,False,PER_STRATEGY_MAX_OPEN_HIT,0.0,0.0,True,1.5,False,1.5
2026-08-07T05:42:39.649116+00:00,SMC,SELL,1.5,False,PER_STRATEGY_MAX_OPEN_HIT,0.0,0.0,True,1.5,False,1.5
2026-08-07T05:43:40.153262+00:00,SMC,SELL,1.5,False,PER_STRATEGY_MAX_OPEN_HIT,0.0,0.0,True,1.5,False,1.5
2026-08-07T06:30:05.855067+00:00,SMC,SELL,1.5,True,,0.75,0.07,True,1.5,True,0.75
2026-08-07T06:30:06.614422+00:00,MICRO,SELL,1.35,True,,0.75,0.07,True,1.35,True,0.6
2026-08-07T06:50:18.666581+00:00,SMC,SELL,1.5,False,PER_STRATEGY_MAX_OPEN_HIT,0.0,0.0,True,1.5,False,1.5
2026-08-07T07:06:27.237116+00:00,SMC,SELL,1.5,False,PER_STRATEGY_MAX_OPEN_HIT,0.0,0.0,True,1.5,False,1.5
2026-08-07T07:09:27.730448+00:00,SMC,SELL,1.5,False,PER_STRATEGY_MAX_OPEN_HIT,0.0,0.0,True,1.5,False,1.5
2026-08-07T07:10:28.233608+00:00,SMC,SELL,1.5,False,PER_STRATEGY_MAX_OPEN_HIT,0.0,0.0,True,1.5,False,1.5
2026-08-07T07:11:28.699128+00:00,SMC,SELL,1.5,False,PER_STRATEGY_MAX_OPEN_HIT,0.0,0.0,True,1.5,False,1.5
2026-08-07T07:12:29.138771+00:00,SMC,SELL,1.5,False,PER_STRATEGY_MAX_OPEN_HIT,0.0,0.0,True,1.5,False,1.5
2026-08-07T07:13:29.708659+00:00,SMC,SELL,1.5,False,PER_STRATEGY_MAX_OPEN_HIT,0.0,0.0,True,1.5,False,1.5
2026-08-07T07:14:30.284628+00:00,SMC,SELL,1.5,False,PER_STRATEGY_MAX_OPEN_HIT,0.0,0.0,True,1.5,False,1.5
2026-08-07T07:15:30.714574+00:00,SMC,SELL,1.35,False,PER_STRATEGY_MAX_OPEN_HIT,0.0,0.0,True,1.35,False,1.35
2026-08-07T07:16:31.178922+00:00,SMC,SELL,1.5,False,PER_STRATEGY_MAX_OPEN_HIT,0.0,0.0,True,1.5,False,1.5
2026-08-07T07:17:31.774690+00:00,SMC,SELL,1.35,False,PER_STRATEGY_MAX_OPEN_HIT,0.0,0.0,True,1.35,False,1.35
2026-08-07T07:18:32.190991+00:00,SMC,SELL,1.35,False,PER_STRATEGY_MAX_OPEN_HIT,0.0,0.0,True,1.35,False,1.35
2026-08-07T07:19:32.822603+00:00,SMC,SELL,1.35,False,PER_STRATEGY_MAX_OPEN_HIT,0.0,0.0,True,1.35,False,1.35
2026-08-07T07:20:33.257659+00:00,SMC,SELL,1.5,False,PER_STRATEGY_MAX_OPEN_HIT,0.0,0.0,True,1.5,False,1.5
2026-08-07T07:21:33.812363+00:00,SMC,SELL,1.35,False,PER_STRATEGY_MAX_OPEN_HIT,0.0,0.0,True,1.35,False,1.35
2026-08-07T07:22:34.295406+00:00,SMC,SELL,1.5,False,PER_STRATEGY_MAX_OPEN_HIT,0.0,0.0,True,1.5,False,1.5
2026-08-07T07:23:34.796224+00:00,SMC,SELL,1.35,False,PER_STRATEGY_MAX_OPEN_HIT,0.0,0.0,True,1.35,False,1.35
2026-08-07T07:24:35.369787+00:00,SMC,SELL,1.5,False,PER_STRATEGY_MAX_OPEN_HIT,0.0,0.0,True,1.5,False,1.5
2026-08-07T07:25:35.783999+00:00,SMC,SELL,1.5,False,PER_STRATEGY_MAX_OPEN_HIT,0.0,0.0,True,1.5,False,1.5
2026-08-07T07:26:36.332157+00:00,SMC,SELL,1.5,False,PER_STRATEGY_MAX_OPEN_HIT,0.0,0.0,True,1.5,False,1.5
2026-08-07T07:27:37.101406+00:00,SMC,SELL,1.5,False,PER_STRATEGY_MAX_OPEN_HIT,0.0,0.0,True,1.5,False,1.5
2026-08-07T07:28:37.538256+00:00,SMC,SELL,1.5,False,PER_STRATEGY_MAX_OPEN_HIT,0.0,0.0,True,1.5,False,1.5
2026-08-07T07:29:38.037200+00:00,SMC,SELL,1.5,False,PER_STRATEGY_MAX_OPEN_HIT,0.0,0.0,True,1.5,False,1.5
2026-08-07T07:30:38.572883+00:00,SMC,SELL,1.5,False,PER_STRATEGY_MAX_OPEN_HIT,0.0,0.0,True,1.5,False,1.5
2026-08-07T07:31:39.026637+00:00,SMC,SELL,1.5,False,PER_STRATEGY_MAX_OPEN_HIT,0.0,0.0,True,1.5,False,1.5
2026-08-07T07:32:39.467401+00:00,SMC,SELL,1.5,False,PER_STRATEGY_MAX_OPEN_HIT,0.0,0.0,True,1.5,False,1.5
2026-08-07T07:33:40.005689+00:00,SMC,SELL,1.5,False,PER_STRATEGY_MAX_OPEN_HIT,0.0,0.0,True,1.5,False,1.5
2026-08-07T07:34:40.472963+00:00,SMC,SELL,1.5,False,PER_STRATEGY_MAX_OPEN_HIT,0.0,0.0,True,1.5,False,1.5
2026-08-07T07:35:41.014078+00:00,SMC,SELL,1.5,False,PER_STRATEGY_MAX_OPEN_HIT,0.0,0.0,True,1.5,False,1.5
2026-08-07T07:36:41.480975+00:00,SMC,SELL,1.5,False,PER_STRATEGY_MAX_OPEN_HIT,0.0,0.0,True,1.5,False,1.5
2026-08-07T07:37:42.062748+00:00,SMC,SELL,1.5,False,PER_STRATEGY_MAX_OPEN_HIT,0.0,0.0,True,1.5,False,1.5
2026-08-07T07:38:42.503370+00:00,SMC,SELL,1.5,False,PER_STRATEGY_MAX_OPEN_HIT,0.0,0.0,True,1.5,False,1.5
2026-08-07T07:39:43.147892+00:00,SMC,SELL,1.5,False,PER_STRATEGY_MAX_OPEN_HIT,0.0,0.0,True,1.5,False,1.5
2026-08-07T07:40:43.543633+00:00,SMC,SELL,1.5,False,PER_STRATEGY_MAX_OPEN_HIT,0.0,0.0,True,1.5,False,1.5
2026-08-07T07:41:44.107974+00:00,SMC,SELL,1.5,False,PER_STRATEGY_MAX_OPEN_HIT,0.0,0.0,True,1.5,False,1.5
2026-08-07T07:42:44.602835+00:00,SMC,SELL,1.5,False,PER_STRATEGY_MAX_OPEN_HIT,0.0,0.0,True,1.5,False,1.5
2026-08-07T07:43:45.082171+00:00,SMC,SELL,1.5,False,PER_STRATEGY_MAX_OPEN_HIT,0.0,0.0,True,1.5,False,1.5
2026-08-07T07:44:45.555576+00:00,SMC,SELL,1.5,False,PER_STRATEGY_MAX_OPEN_HIT,0.0,0.0,True,1.5,False,1.5
2026-08-07T07:45:46.017664+00:00,SMC,SELL,1.5,False,PER_STRATEGY_MAX_OPEN_HIT,0.0,0.0,True,1.5,False,1.5
2026-08-07T07:46:46.553118+00:00,SMC,SELL,1.5,False,PER_STRATEGY_MAX_OPEN_HIT,0.0,0.0,True,1.5,False,1.5
2026-08-07T07:47:47.043682+00:00,SMC,SELL,1.5,False,PER_STRATEGY_MAX_OPEN_HIT,0.0,0.0,True,1.5,False,1.5
2026-08-07T07:48:47.514951+00:00,SMC,SELL,1.5,False,PER_STRATEGY_MAX_OPEN_HIT,0.0,0.0,True,1.5,False,1.5
2026-08-07T07:49:48.044591+00:00,SMC,SELL,1.5,False,PER_STRATEGY_MAX_OPEN_HIT,0.0,0.0,True,1.5,False,1.5
2026-08-07T07:50:48.470856+00:00,SMC,SELL,1.5,False,PER_STRATEGY_MAX_OPEN_HIT,0.0,0.0,True,1.5,False,1.5
2026-08-07T07:51:49.133977+00:00,SMC,SELL,1.5,False,PER_STRATEGY_MAX_OPEN_HIT,0.0,0.0,True,1.5,False,1.5
2026-08-07T07:52:49.602175+00:00,SMC,SELL,1.5,False,PER_STRATEGY_MAX_OPEN_HIT,0.0,0.0,True,1.5,False,1.5
2026-08-07T07:53:50.084852+00:00,SMC,SELL,1.5,False,PER_STRATEGY_MAX_OPEN_HIT,0.0,0.0,True,1.5,False,1.5
2026-08-07T07:54:50.634182+00:00,SMC,SELL,1.5,False,PER_STRATEGY_MAX_OPEN_HIT,0.0,0.0,True,1.5,False,1.5
2026-08-09T22:56:55.482722+00:00,SMC,SELL,1.5,True,,0.75,0.07,True,1.5,True,0.75
2026-08-09T22:56:56.397940+00:00,MICRO,SELL,1.35,True,,0.75,0.07,True,1.35,True,0.6
2026-08-09T23:01:02.050948+00:00,SMC,SELL,1.5,False,PER_STRATEGY_MAX_OPEN_HIT,0.0,0.0,True,1.5,False,1.5
2026-08-09T23:02:02.760250+00:00,SMC,SELL,1.5,False,PER_STRATEGY_MAX_OPEN_HIT,0.0,0.0,True,1.5,False,1.5
2026-08-09T23:03:03.296788+00:00,SMC,SELL,1.5,False,PER_STRATEGY_MAX_OPEN_HIT,0.0,0.0,True,1.5,False,1.5
2026-08-09T23:04:04.179434+00:00,SMC,SELL,1.5,False,PER_STRATEGY_MAX_OPEN_HIT,0.0,0.0,True,1.5,False,1.5
2026-08-09T23:05:04.822513+00:00,SMC,SELL,1.5,False,PER_STRATEGY_MAX_OPEN_HIT,0.0,0.0,True,1.5,False,1.5
2026-08-09T23:06:05.621261+00:00,SMC,SELL,1.5,False,PER_STRATEGY_MAX_OPEN_HIT,0.0,0.0,True,1.5,False,1.5
2026-08-09T23:07:06.206082+00:00,SMC,SELL,1.5,False,PER_STRATEGY_MAX_OPEN_HIT,0.0,0.0,True,1.5,False,1.5
2026-08-09T23:08:06.846552+00:00,SMC,SELL,1.5,False,PER_STRATEGY_MAX_OPEN_HIT,0.0,0.0,True,1.5,False,1.5
2026-08-09T23:09:07.902440+00:00,SMC,SELL,1.5,False,PER_STRATEGY_MAX_OPEN_HIT,0.0,0.0,True,1.5,False,1.5
2026-08-09T23:10:08.357826+00:00,SMC,SELL,1.5,False,PER_STRATEGY_MAX_OPEN_HIT,0.0,0.0,True,1.5,False,1.5
2026-08-09T23:11:09.002275+00:00,SMC,SELL,1.5,False,PER_STRATEGY_MAX_OPEN_HIT,0.0,0.0,True,1.5,False,1.5
2026-08-09T23:12:09.445620+00:00,SMC,SELL,1.5,False,PER_STRATEGY_MAX_OPEN_HIT,0.0,0.0,True,1.5,False,1.5
2026-08-09T23:13:09.945758+00:00,SMC,SELL,1.5,False,PER_STRATEGY_MAX_OPEN_HIT,0.0,0.0,True,1.5,False,1.5
2026-08-09T23:14:10.566082+00:00,SMC,SELL,1.5,False,PER_STRATEGY_MAX_OPEN_HIT,0.0,0.0,True,1.5,False,1.5
2026-08-09T23:18:12.991349+00:00,SMC,SELL,1.5,False,PER_STRATEGY_MAX_OPEN_HIT,0.0,0.0,True,1.5,False,1.5
2026-08-09T23:19:13.718524+00:00,SMC,SELL,1.5,False,PER_STRATEGY_MAX_OPEN_HIT,0.0,0.0,True,1.5,False,1.5
2026-08-09T23:20:14.372038+00:00,SMC,SELL,1.5,False,PER_STRATEGY_MAX_OPEN_HIT,0.0,0.0,True,1.5,False,1.5
2026-08-09T23:21:14.878149+00:00,SMC,SELL,1.5,False,PER_STRATEGY_MAX_OPEN_HIT,0.0,0.0,True,1.5,False,1.5
2026-08-09T23:22:15.359306+00:00,SMC,SELL,1.5,False,PER_STRATEGY_MAX_OPEN_HIT,0.0,0.0,True,1.5,False,1.5
2026-08-09T23:23:16.094738+00:00,SMC,SELL,1.5,False,PER_STRATEGY_MAX_OPEN_HIT,0.0,0.0,True,1.5,False,1.5
2026-08-09T23:24:16.680427+00:00,SMC,SELL,1.5,False,PER_STRATEGY_MAX_OPEN_HIT,0.0,0.0,True,1.5,False,1.5
2026-08-09T23:25:18.095095+00:00,SMC,SELL,1.5,False,PER_STRATEGY_MAX_OPEN_HIT,0.0,0.0,True,1.5,False,1.5
2026-08-09T23:26:18.713561+00:00,SMC,SELL,1.5,False,PER_STRATEGY_MAX_OPEN_HIT,0.0,0.0,True,1.5,False,1.5
2026-08-09T23:27:19.220459+00:00,SMC,SELL,1.5,False,PER_STRATEGY_MAX_OPEN_HIT,0.0,0.0,True,1.5,False,1.5
2026-08-09T23:28:19.683954+00:00,SMC,SELL,1.5,False,PER_STRATEGY_MAX_OPEN_HIT,0.0,0.0,True,1.5,False,1.5
2026-08-09T23:29:20.199266+00:00,SMC,SELL,1.5,False,PER_STRATEGY_MAX_OPEN_HIT,0.0,0.0,True,1.5,False,1.5
2026-08-09T23:31:21.337241+00:00,SMC,SELL,1.5,False,PER_STRATEGY_MAX_OPEN_HIT,0.0,0.0,True,1.5,False,1.5
2026-08-09T23:32:21.833201+00:00,SMC,SELL,1.5,False,PER_STRATEGY_MAX_OPEN_HIT,0.0,0.0,True,1.5,False,1.5
2026-08-09T23:33:22.472877+00:00,SMC,SELL,1.5,False,PER_STRATEGY_MAX_OPEN_HIT,0.0,0.0,True,1.5,False,1.5
2026-08-09T23:34:22.984806+00:00,SMC,SELL,1.5,False,PER_STRATEGY_MAX_OPEN_HIT,0.0,0.0,True,1.5,False,1.5
2026-08-09T23:35:23.442219+00:00,SMC,SELL,1.5,False,PER_STRATEGY_MAX_OPEN_HIT,0.0,0.0,True,1.5,False,1.5
2026-08-09T23:36:24.046747+00:00,SMC,SELL,1.5,False,PER_STRATEGY_MAX_OPEN_HIT,0.0,0.0,True,1.5,False,1.5
2026-08-09T23:37:24.519772+00:00,SMC,SELL,1.5,False,PER_STRATEGY_MAX_OPEN_HIT,0.0,0.0,True,1.5,False,1.5
2026-08-09T23:38:24.985865+00:00,SMC,SELL,1.5,False,PER_STRATEGY_MAX_OPEN_HIT,0.0,0.0,True,1.5,False,1.5
2026-08-09T23:39:25.563257+00:00,SMC,SELL,1.5,False,PER_STRATEGY_MAX_OPEN_HIT,0.0,0.0,True,1.5,False,1.5
2026-08-09T23:40:26.113552+00:00,SMC,SELL,1.5,False,PER_STRATEGY_MAX_OPEN_HIT,0.0,0.0,True,1.5,False,1.5
2026-08-09T23:41:26.641269+00:00,SMC,SELL,1.5,False,PER_STRATEGY_MAX_OPEN_HIT,0.0,0.0,True,1.5,False,1.5
2026-08-09T23:42:27.105455+00:00,SMC,SELL,1.5,False,PER_STRATEGY_MAX_OPEN_HIT,0.0,0.0,True,1.5,False,1.5
2026-08-09T23:43:27.671300+00:00,SMC,SELL,1.5,False,PER_STRATEGY_MAX_OPEN_HIT,0.0,0.0,True,1.5,False,1.5
2026-08-09T23:44:28.150152+00:00,SMC,SELL,1.5,False,PER_STRATEGY_MAX_OPEN_HIT,0.0,0.0,True,1.5,False,1.5
2026-08-09T23:45:28.606813+00:00,SMC,SELL,1.5,False,PER_STRATEGY_MAX_OPEN_HIT,0.0,0.0,True,1.5,False,1.5
2026-08-09T23:46:29.222088+00:00,SMC,SELL,1.5,False,PER_STRATEGY_MAX_OPEN_HIT,0.0,0.0,True,1.5,False,1.5
2026-08-09T23:47:29.692958+00:00,SMC,SELL,1.5,False,PER_STRATEGY_MAX_OPEN_HIT,0.0,0.0,True,1.5,False,1.5
2026-08-09T23:48:30.377337+00:00,SMC,SELL,1.5,False,PER_STRATEGY_MAX_OPEN_HIT,0.0,0.0,True,1.5,False,1.5
2026-08-09T23:49:30.955548+00:00,SMC,SELL,1.5,False,PER_STRATEGY_MAX_OPEN_HIT,0.0,0.0,True,1.5,False,1.5
2026-08-09T23:50:31.489467+00:00,SMC,SELL,1.5,False,PER_STRATEGY_MAX_OPEN_HIT,0.0,0.0,True,1.5,False,1.5
2026-08-09T23:51:32.002678+00:00,SMC,SELL,1.5,False,PER_STRATEGY_MAX_OPEN_HIT,0.0,0.0,True,1.5,False,1.5
2026-08-09T23:52:32.586946+00:00,SMC,SELL,1.5,False,PER_STRATEGY_MAX_OPEN_HIT,0.0,0.0,True,1.5,False,1.5
2026-08-09T23:53:33.156459+00:00,SMC,SELL,1.5,False,PER_STRATEGY_MAX_OPEN_HIT,0.0,0.0,True,1.5,False,1.5
2026-08-09T23:54:33.652624+00:00,SMC,SELL,1.5,False,PER_STRATEGY_MAX_OPEN_HIT,0.0,0.0,True,1.5,False,1.5
2026-08-09T23:55:34.180514+00:00,SMC,SELL,1.5,False,PER_STRATEGY_MAX_OPEN_HIT,0.0,0.0,True,1.5,False,1.5
2026-08-09T23:56:34.907268+00:00,SMC,SELL,1.5,False,PER_STRATEGY_MAX_OPEN_HIT,0.0,0.0,True,1.5,False,1.5
2026-08-09T23:57:35.357573+00:00,SMC,SELL,1.5,False,PER_STRATEGY_MAX_OPEN_HIT,0.0,0.0,True,1.5,False,1.5
2026-08-09T23:58:35.872511+00:00,SMC,SELL,1.5,False,PER_STRATEGY_MAX_OPEN_HIT,0.0,0.0,True,1.5,False,1.5
2026-08-09T23:59:36.394419+00:00,SMC,SELL,1.5,False,PER_STRATEGY_MAX_OPEN_HIT,0.0,0.0,True,1.5,False,1.5
2026-08-10T00:00:36.893164+00:00,SMC,SELL,1.5,False,PER_STRATEGY_MAX_OPEN_HIT,0.0,0.0,True,1.5,False,1.5
2026-08-10T00:01:37.581319+00:00,SMC,SELL,1.5,False,PER_STRATEGY_MAX_OPEN_HIT,0.0,0.0,True,1.5,False,1.5
2026-08-10T00:02:38.109974+00:00,SMC,SELL,1.5,False,PER_STRATEGY_MAX_OPEN_HIT,0.0,0.0,True,1.5,False,1.5
2026-08-10T00:03:38.768132+00:00,SMC,SELL,1.5,False,PER_STRATEGY_MAX_OPEN_HIT,0.0,0.0,True,1.5,False,1.5
2026-08-10T00:04:39.339516+00:00,SMC,SELL,1.5,False,PER_STRATEGY_MAX_OPEN_HIT,0.0,0.0,True,1.5,False,1.5
2026-08-10T00:05:39.846037+00:00,SMC,SELL,1.5,False,PER_STRATEGY_MAX_OPEN_HIT,0.0,0.0,True,1.5,False,1.5
2026-08-10T00:06:40.362726+00:00,SMC,SELL,1.5,False,PER_STRATEGY_MAX_OPEN_HIT,0.0,0.0,True,1.5,False,1.5
2026-08-10T00:07:40.805732+00:00,SMC,SELL,1.5,False,PER_STRATEGY_MAX_OPEN_HIT,0.0,0.0,True,1.5,False,1.5
2026-08-10T00:08:41.387097+00:00,SMC,SELL,1.5,False,PER_STRATEGY_MAX_OPEN_HIT,0.0,0.0,True,1.5,False,1.5
2026-08-10T00:09:41.907322+00:00,SMC,SELL,1.5,False,PER_STRATEGY_MAX_OPEN_HIT,0.0,0.0,True,1.5,False,1.5
2026-08-10T00:10:42.383946+00:00,SMC,SELL,1.5,False,PER_STRATEGY_MAX_OPEN_HIT,0.0,0.0,True,1.5,False,1.5
2026-08-10T00:13:42.990954+00:00,SMC,SELL,1.5,False,PER_STRATEGY_MAX_OPEN_HIT,0.0,0.0,True,1.5,False,1.5
2026-08-10T00:14:43.456090+00:00,SMC,SELL,1.5,False,PER_STRATEGY_MAX_OPEN_HIT,0.0,0.0,True,1.5,False,1.5
2026-08-10T00:15:43.929765+00:00,SMC,SELL,1.5,False,PER_STRATEGY_MAX_OPEN_HIT,0.0,0.0,True,1.5,False,1.5
2026-08-10T00:19:44.500906+00:00,SMC,SELL,1.5,False,PER_STRATEGY_MAX_OPEN_HIT,0.0,0.0,True,1.5,False,1.5
2026-08-10T00:20:45.073518+00:00,SMC,SELL,1.5,False,PER_STRATEGY_MAX_OPEN_HIT,0.0,0.0,True,1.5,False,1.5
2026-08-10T00:25:45.925137+00:00,SMC,SELL,1.5,False,PER_STRATEGY_MAX_OPEN_HIT,0.0,0.0,True,1.5,False,1.5
2026-08-10T00:26:46.406412+00:00,SMC,SELL,1.5,False,PER_STRATEGY_MAX_OPEN_HIT,0.0,0.0,True,1.5,False,1.5
2026-08-10T00:27:46.875612+00:00,SMC,SELL,1.5,False,PER_STRATEGY_MAX_OPEN_HIT,0.0,0.0,True,1.5,False,1.5
2026-08-10T00:28:47.369420+00:00,SMC,SELL,1.5,False,PER_STRATEGY_MAX_OPEN_HIT,0.0,0.0,True,1.5,False,1.5
2026-08-10T00:29:47.929555+00:00,SMC,SELL,1.5,False,PER_STRATEGY_MAX_OPEN_HIT,0.0,0.0,True,1.5,False,1.5
2026-08-10T00:30:48.448942+00:00,SMC,SELL,1.5,False,PER_STRATEGY_MAX_OPEN_HIT,0.0,0.0,True,1.5,False,1.5
2026-08-10T00:31:48.939333+00:00,SMC,SELL,1.5,False,PER_STRATEGY_MAX_OPEN_HIT,0.0,0.0,True,1.5,False,1.5
2026-08-10T00:32:49.532701+00:00,SMC,SELL,1.5,False,PER_STRATEGY_MAX_OPEN_HIT,0.0,0.0,True,1.5,False,1.5
2026-08-10T00:33:50.013603+00:00,SMC,SELL,1.5,False,PER_STRATEGY_MAX_OPEN_HIT,0.0,0.0,True,1.5,False,1.5
2026-08-10T00:34:50.486750+00:00,SMC,SELL,1.5,False,PER_STRATEGY_MAX_OPEN_HIT,0.0,0.0,True,1.5,False,1.5
2026-08-10T00:35:51.212261+00:00,SMC,SELL,1.5,False,PER_STRATEGY_MAX_OPEN_HIT,0.0,0.0,True,1.5,False,1.5
2026-08-10T00:36:51.725508+00:00,SMC,SELL,1.5,False,PER_STRATEGY_MAX_OPEN_HIT,0.0,0.0,True,1.5,False,1.5
2026-08-10T00:37:52.245414+00:00,SMC,SELL,1.5,False,PER_STRATEGY_MAX_OPEN_HIT,0.0,0.0,True,1.5,False,1.5
2026-08-10T00:38:52.803406+00:00,SMC,SELL,1.5,False,PER_STRATEGY_MAX_OPEN_HIT,0.0,0.0,True,1.5,False,1.5
2026-08-10T00:39:53.326836+00:00,SMC,SELL,1.5,False,PER_STRATEGY_MAX_OPEN_HIT,0.0,0.0,True,1.5,False,1.5
2026-08-10T00:40:53.918182+00:00,SMC,SELL,1.5,False,PER_STRATEGY_MAX_OPEN_HIT,0.0,0.0,True,1.5,False,1.5
2026-08-10T00:41:54.477525+00:00,SMC,SELL,1.5,False,PER_STRATEGY_MAX_OPEN_HIT,0.0,0.0,True,1.5,False,1.5
2026-08-10T00:42:54.964936+00:00,SMC,SELL,1.5,False,PER_STRATEGY_MAX_OPEN_HIT,0.0,0.0,True,1.5,False,1.5
2026-08-10T00:43:55.443726+00:00,SMC,SELL,1.5,False,PER_STRATEGY_MAX_OPEN_HIT,0.0,0.0,True,1.5,False,1.5
2026-08-10T00:44:55.914949+00:00,SMC,SELL,1.5,False,PER_STRATEGY_MAX_OPEN_HIT,0.0,0.0,True,1.5,False,1.5
2026-08-10T00:45:56.536944+00:00,SMC,SELL,1.5,False,PER_STRATEGY_MAX_OPEN_HIT,0.0,0.0,True,1.5,False,1.5
2026-08-10T00:46:57.005790+00:00,SMC,SELL,1.5,False,PER_STRATEGY_MAX_OPEN_HIT,0.0,0.0,True,1.5,False,1.5
2026-08-10T00:47:57.486879+00:00,SMC,SELL,1.5,False,PER_STRATEGY_MAX_OPEN_HIT,0.0,0.0,True,1.5,False,1.5
2026-08-10T00:48:58.149402+00:00,SMC,SELL,1.5,False,PER_STRATEGY_MAX_OPEN_HIT,0.0,0.0,True,1.5,False,1.5
2026-08-10T00:49:58.617599+00:00,SMC,SELL,1.5,False,PER_STRATEGY_MAX_OPEN_HIT,0.0,0.0,True,1.5,False,1.5
2026-08-10T00:50:59.131707+00:00,SMC,SELL,1.5,False,PER_STRATEGY_MAX_OPEN_HIT,0.0,0.0,True,1.5,False,1.5
2026-08-10T00:51:59.575208+00:00,SMC,SELL,1.5,False,PER_STRATEGY_MAX_OPEN_HIT,0.0,0.0,True,1.5,False,1.5
2026-08-10T00:53:00.067988+00:00,SMC,SELL,1.5,False,PER_STRATEGY_MAX_OPEN_HIT,0.0,0.0,True,1.5,False,1.5
2026-08-10T00:54:00.599707+00:00,SMC,SELL,1.5,False,PER_STRATEGY_MAX_OPEN_HIT,0.0,0.0,True,1.5,False,1.5
2026-08-10T00:55:01.071659+00:00,SMC,SELL,1.5,False,PER_STRATEGY_MAX_OPEN_HIT,0.0,0.0,True,1.5,False,1.5
2026-08-10T00:56:01.722778+00:00,SMC,SELL,1.5,False,PER_STRATEGY_MAX_OPEN_HIT,0.0,0.0,True,1.5,False,1.5
2026-08-10T00:57:02.299156+00:00,SMC,SELL,1.5,False,PER_STRATEGY_MAX_OPEN_HIT,0.0,0.0,True,1.5,False,1.5
2026-08-10T00:58:02.752341+00:00,SMC,SELL,1.5,False,PER_STRATEGY_MAX_OPEN_HIT,0.0,0.0,True,1.5,False,1.5
2026-08-10T00:59:03.174771+00:00,SMC,SELL,1.5,False,PER_STRATEGY_MAX_OPEN_HIT,0.0,0.0,True,1.5,False,1.5
2026-08-10T01:00:03.712332+00:00,MICRO,SELL,1.35,False,PER_STRATEGY_MAX_OPEN_HIT,0.0,0.0,True,1.35,False,1.35
2026-08-10T01:06:06.329736+00:00,MICRO,SELL,1.35,False,PER_STRATEGY_MAX_OPEN_HIT,0.0,0.0,True,1.35,False,1.35
2026-08-10T01:16:12.967661+00:00,MICRO,BUY,1.35,False,PER_STRATEGY_MAX_OPEN_HIT,0.0,0.0,True,1.35,False,1.35
2026-08-10T01:22:16.273270+00:00,MICRO,SELL,1.35,False,PER_STRATEGY_MAX_OPEN_HIT,0.0,0.0,True,1.35,False,1.35
2026-08-10T01:40:26.289204+00:00,MICRO,SELL,1.35,False,PER_STRATEGY_MAX_OPEN_HIT,0.0,0.0,True,1.35,False,1.35
2026-08-10T01:41:26.850165+00:00,MICRO,SELL,1.35,False,PER_STRATEGY_MAX_OPEN_HIT,0.0,0.0,True,1.35,False,1.35
2026-08-10T01:45:29.019474+00:00,MICRO,BUY,1.35,False,PER_STRATEGY_MAX_OPEN_HIT,0.0,0.0,True,1.35,False,1.35
2026-08-10T01:59:34.874981+00:00,MICRO,BUY,1.35,False,PER_STRATEGY_MAX_OPEN_HIT,0.0,0.0,True,1.35,False,1.35
2026-08-10T02:05:38.011640+00:00,MICRO,SELL,1.35,False,PER_STRATEGY_MAX_OPEN_HIT,0.0,0.0,True,1.35,False,1.35
2026-08-10T02:06:38.492249+00:00,MICRO,SELL,1.35,False,PER_STRATEGY_MAX_OPEN_HIT,0.0,0.0,True,1.35,False,1.35
2026-08-10T02:10:40.524956+00:00,MICRO,BUY,1.35,False,PER_STRATEGY_MAX_OPEN_HIT,0.0,0.0,True,1.35,False,1.35
2026-08-10T02:22:46.503248+00:00,MICRO,BUY,1.35,False,PER_STRATEGY_MAX_OPEN_HIT,0.0,0.0,True,1.35,False,1.35
2026-08-10T02:23:47.050497+00:00,MICRO,BUY,1.35,False,PER_STRATEGY_MAX_OPEN_HIT,0.0,0.0,True,1.35,False,1.35
2026-08-10T02:27:49.010512+00:00,MICRO,BUY,1.35,False,PER_STRATEGY_MAX_OPEN_HIT,0.0,0.0,True,1.35,False,1.35
2026-08-10T02:54:00.456888+00:00,MICRO,SELL,1.35,False,PER_STRATEGY_MAX_OPEN_HIT,0.0,0.0,True,1.35,False,1.35
2026-08-10T03:17:12.304581+00:00,MICRO,BUY,1.35,False,PER_STRATEGY_MAX_OPEN_HIT,0.0,0.0,True,1.35,False,1.35
2026-08-10T03:19:13.352419+00:00,MICRO,BUY,1.35,False,PER_STRATEGY_MAX_OPEN_HIT,0.0,0.0,True,1.35,False,1.35
2026-08-10T03:42:24.067358+00:00,MICRO,SELL,1.35,False,PER_STRATEGY_MAX_OPEN_HIT,0.0,0.0,True,1.35,False,1.35
2026-08-10T03:44:25.056996+00:00,MICRO,SELL,1.35,False,PER_STRATEGY_MAX_OPEN_HIT,0.0,0.0,True,1.35,False,1.35
2026-08-10T03:49:27.518687+00:00,MICRO,BUY,1.35,False,PER_STRATEGY_MAX_OPEN_HIT,0.0,0.0,True,1.35,False,1.35
2026-08-10T04:02:28.378423+00:00,MICRO,SELL,1.35,False,PER_STRATEGY_MAX_OPEN_HIT,0.0,0.0,True,1.35,False,1.35
2026-08-10T04:10:30.896970+00:00,MICRO,BUY,1.35,False,PER_STRATEGY_MAX_OPEN_HIT,0.0,0.0,True,1.35,False,1.35
2026-08-10T04:11:31.495281+00:00,SMC,BUY,1.35,False,PER_STRATEGY_MAX_OPEN_HIT,0.0,0.0,True,1.35,False,1.35
2026-08-10T04:12:31.969247+00:00,SMC,BUY,1.35,False,PER_STRATEGY_MAX_OPEN_HIT,0.0,0.0,True,1.35,False,1.35
2026-08-10T04:13:32.372355+00:00,SMC,BUY,1.35,False,PER_STRATEGY_MAX_OPEN_HIT,0.0,0.0,True,1.35,False,1.35
2026-08-10T04:14:32.796394+00:00,SMC,BUY,1.35,False,PER_STRATEGY_MAX_OPEN_HIT,0.0,0.0,True,1.35,False,1.35
2026-08-10T04:15:33.232659+00:00,SMC,BUY,1.35,False,PER_STRATEGY_MAX_OPEN_HIT,0.0,0.0,True,1.35,False,1.35
2026-08-10T04:17:34.197904+00:00,SMC,BUY,1.35,False,PER_STRATEGY_MAX_OPEN_HIT,0.0,0.0,True,1.35,False,1.35
2026-08-10T04:18:34.611080+00:00,SMC,BUY,1.35,False,PER_STRATEGY_MAX_OPEN_HIT,0.0,0.0,True,1.35,False,1.35
2026-08-10T04:19:35.023985+00:00,SMC,BUY,1.5,False,PER_STRATEGY_MAX_OPEN_HIT,0.0,0.0,True,1.5,False,1.5
2026-08-10T04:20:35.460574+00:00,SMC,BUY,1.5,False,PER_STRATEGY_MAX_OPEN_HIT,0.0,0.0,True,1.5,False,1.5
2026-08-10T04:21:35.872924+00:00,SMC,BUY,1.5,False,PER_STRATEGY_MAX_OPEN_HIT,0.0,0.0,True,1.5,False,1.5
2026-08-10T04:22:36.302047+00:00,SMC,BUY,1.5,False,PER_STRATEGY_MAX_OPEN_HIT,0.0,0.0,True,1.5,False,1.5
2026-08-10T04:23:36.738900+00:00,SMC,BUY,1.5,False,PER_STRATEGY_MAX_OPEN_HIT,0.0,0.0,True,1.5,False,1.5
2026-08-10T04:24:37.172466+00:00,SMC,BUY,1.5,False,PER_STRATEGY_MAX_OPEN_HIT,0.0,0.0,True,1.5,False,1.5
2026-08-10T04:25:37.588442+00:00,SMC,BUY,1.5,False,PER_STRATEGY_MAX_OPEN_HIT,0.0,0.0,True,1.5,False,1.5
2026-08-10T04:26:38.018940+00:00,SMC,BUY,1.5,False,PER_STRATEGY_MAX_OPEN_HIT,0.0,0.0,True,1.5,False,1.5
2026-08-10T04:27:38.461386+00:00,SMC,BUY,1.5,False,PER_STRATEGY_MAX_OPEN_HIT,0.0,0.0,True,1.5,False,1.5
2026-08-10T04:28:38.874278+00:00,SMC,BUY,1.35,False,PER_STRATEGY_MAX_OPEN_HIT,0.0,0.0,True,1.35,False,1.35
2026-08-10T04:29:39.308858+00:00,SMC,BUY,1.35,False,PER_STRATEGY_MAX_OPEN_HIT,0.0,0.0,True,1.35,False,1.35
2026-08-10T04:30:39.752144+00:00,SMC,BUY,1.35,False,PER_STRATEGY_MAX_OPEN_HIT,0.0,0.0,True,1.35,False,1.35
2026-08-10T04:31:40.182228+00:00,SMC,BUY,1.35,False,PER_STRATEGY_MAX_OPEN_HIT,0.0,0.0,True,1.35,False,1.35
2026-08-10T04:32:40.640681+00:00,SMC,BUY,1.5,False,PER_STRATEGY_MAX_OPEN_HIT,0.0,0.0,True,1.5,False,1.5
2026-08-10T04:33:41.029667+00:00,SMC,BUY,1.35,False,PER_STRATEGY_MAX_OPEN_HIT,0.0,0.0,True,1.35,False,1.35
2026-08-10T04:34:41.434650+00:00,SMC,BUY,1.35,False,PER_STRATEGY_MAX_OPEN_HIT,0.0,0.0,True,1.35,False,1.35
2026-08-10T04:35:41.851685+00:00,SMC,BUY,1.35,False,PER_STRATEGY_MAX_OPEN_HIT,0.0,0.0,True,1.35,False,1.35
2026-08-10T04:36:42.279829+00:00,SMC,BUY,1.35,False,PER_STRATEGY_MAX_OPEN_HIT,0.0,0.0,True,1.35,False,1.35
2026-08-10T04:37:42.758374+00:00,SMC,BUY,1.35,False,PER_STRATEGY_MAX_OPEN_HIT,0.0,0.0,True,1.35,False,1.35
2026-08-10T04:38:43.150477+00:00,SMC,BUY,1.35,False,PER_STRATEGY_MAX_OPEN_HIT,0.0,0.0,True,1.35,False,1.35
2026-08-10T04:40:44.157713+00:00,MICRO,SELL,1.35,False,PER_STRATEGY_MAX_OPEN_HIT,0.0,0.0,True,1.35,False,1.35
2026-08-10T04:41:44.677531+00:00,MICRO,SELL,1.35,False,PER_STRATEGY_MAX_OPEN_HIT,0.0,0.0,True,1.35,False,1.35
2026-08-10T04:42:45.188503+00:00,MICRO,SELL,1.35,False,PER_STRATEGY_MAX_OPEN_HIT,0.0,0.0,True,1.35,False,1.35
2026-08-10T04:43:45.749648+00:00,MICRO,SELL,1.35,False,PER_STRATEGY_MAX_OPEN_HIT,0.0,0.0,True,1.35,False,1.35
2026-08-10T04:46:47.261303+00:00,SMC,BUY,1.5,False,PER_STRATEGY_MAX_OPEN_HIT,0.0,0.0,True,1.5,False,1.5
2026-08-10T04:47:47.692375+00:00,SMC,BUY,1.5,False,PER_STRATEGY_MAX_OPEN_HIT,0.0,0.0,True,1.5,False,1.5
2026-08-10T04:48:48.110885+00:00,SMC,BUY,1.5,False,PER_STRATEGY_MAX_OPEN_HIT,0.0,0.0,True,1.5,False,1.5
2026-08-10T04:53:50.554064+00:00,MICRO,BUY,1.35,False,PER_STRATEGY_MAX_OPEN_HIT,0.0,0.0,True,1.35,False,1.35
2026-08-10T04:54:51.059078+00:00,MICRO,BUY,1.35,False,PER_STRATEGY_MAX_OPEN_HIT,0.0,0.0,True,1.35,False,1.35
2026-08-10T04:58:52.624960+00:00,SMC,BUY,1.5,False,PER_STRATEGY_MAX_OPEN_HIT,0.0,0.0,True,1.5,False,1.5
2026-08-10T04:59:53.105376+00:00,SMC,BUY,1.5,False,PER_STRATEGY_MAX_OPEN_HIT,0.0,0.0,True,1.5,False,1.5
2026-08-10T05:05:56.193653+00:00,SMC,BUY,1.5,False,PER_STRATEGY_MAX_OPEN_HIT,0.0,0.0,True,1.5,False,1.5
2026-08-10T05:06:56.641106+00:00,SMC,BUY,1.5,False,PER_STRATEGY_MAX_OPEN_HIT,0.0,0.0,True,1.5,False,1.5
2026-08-10T05:35:12.103104+00:00,SMC,BUY,1.5,False,PER_STRATEGY_MAX_OPEN_HIT,0.0,0.0,True,1.5,False,1.5
2026-08-10T05:37:13.151898+00:00,SMC,BUY,1.5,False,PER_STRATEGY_MAX_OPEN_HIT,0.0,0.0,True,1.5,False,1.5
2026-08-10T05:39:14.200512+00:00,SMC,BUY,1.5,False,PER_STRATEGY_MAX_OPEN_HIT,0.0,0.0,True,1.5,False,1.5
2026-08-10T05:40:14.695791+00:00,SMC,BUY,1.5,False,PER_STRATEGY_MAX_OPEN_HIT,0.0,0.0,True,1.5,False,1.5
2026-08-10T05:41:15.244400+00:00,SMC,BUY,1.5,False,PER_STRATEGY_MAX_OPEN_HIT,0.0,0.0,True,1.5,False,1.5
2026-08-10T05:42:15.707748+00:00,SMC,BUY,1.5,False,PER_STRATEGY_MAX_OPEN_HIT,0.0,0.0,True,1.5,False,1.5
2026-08-10T05:43:16.227154+00:00,SMC,BUY,1.5,False,PER_STRATEGY_MAX_OPEN_HIT,0.0,0.0,True,1.5,False,1.5
2026-08-10T05:44:16.654532+00:00,SMC,BUY,1.5,False,PER_STRATEGY_MAX_OPEN_HIT,0.0,0.0,True,1.5,False,1.5
2026-08-10T05:45:17.069634+00:00,SMC,BUY,1.5,False,PER_STRATEGY_MAX_OPEN_HIT,0.0,0.0,True,1.5,False,1.5
2026-08-10T05:46:17.494056+00:00,SMC,BUY,1.5,False,PER_STRATEGY_MAX_OPEN_HIT,0.0,0.0,True,1.5,False,1.5
2026-08-10T05:47:17.963063+00:00,SMC,BUY,1.5,False,PER_STRATEGY_MAX_OPEN_HIT,0.0,0.0,True,1.5,False,1.5
2026-08-10T05:48:18.447216+00:00,SMC,BUY,1.5,False,PER_STRATEGY_MAX_OPEN_HIT,0.0,0.0,True,1.5,False,1.5
2026-08-10T05:49:18.832418+00:00,SMC,BUY,1.5,False,PER_STRATEGY_MAX_OPEN_HIT,0.0,0.0,True,1.5,False,1.5
2026-08-10T05:50:19.351438+00:00,SMC,BUY,1.5,False,PER_STRATEGY_MAX_OPEN_HIT,0.0,0.0,True,1.5,False,1.5
2026-08-10T05:51:19.810544+00:00,SMC,BUY,1.5,False,PER_STRATEGY_MAX_OPEN_HIT,0.0,0.0,True,1.5,False,1.5
2026-08-10T05:52:20.304018+00:00,SMC,BUY,1.5,False,PER_STRATEGY_MAX_OPEN_HIT,0.0,0.0,True,1.5,False,1.5
2026-08-10T05:53:20.756810+00:00,SMC,BUY,1.5,False,PER_STRATEGY_MAX_OPEN_HIT,0.0,0.0,True,1.5,False,1.5
2026-08-10T05:54:21.164536+00:00,SMC,BUY,1.5,False,PER_STRATEGY_MAX_OPEN_HIT,0.0,0.0,True,1.5,False,1.5
2026-08-10T05:55:21.654444+00:00,SMC,BUY,1.5,False,PER_STRATEGY_MAX_OPEN_HIT,0.0,0.0,True,1.5,False,1.5
2026-08-10T05:56:22.105202+00:00,SMC,BUY,1.5,False,PER_STRATEGY_MAX_OPEN_HIT,0.0,0.0,True,1.5,False,1.5
2026-08-10T05:57:22.580230+00:00,SMC,BUY,1.5,False,PER_STRATEGY_MAX_OPEN_HIT,0.0,0.0,True,1.5,False,1.5
2026-08-10T05:58:23.044904+00:00,SMC,BUY,1.5,False,PER_STRATEGY_MAX_OPEN_HIT,0.0,0.0,True,1.5,False,1.5
2026-08-10T05:59:23.458747+00:00,SMC,BUY,1.5,False,PER_STRATEGY_MAX_OPEN_HIT,0.0,0.0,True,1.5,False,1.5
2026-08-10T06:00:23.905628+00:00,SMC,BUY,1.5,False,PER_STRATEGY_MAX_OPEN_HIT,0.0,0.0,True,1.5,False,1.5
2026-08-10T06:01:24.308394+00:00,SMC,BUY,1.5,False,PER_STRATEGY_MAX_OPEN_HIT,0.0,0.0,True,1.5,False,1.5
2026-08-10T06:02:24.680701+00:00,SMC,BUY,1.5,False,PER_STRATEGY_MAX_OPEN_HIT,0.0,0.0,True,1.5,False,1.5
2026-08-10T06:03:25.227506+00:00,SMC,BUY,1.5,False,PER_STRATEGY_MAX_OPEN_HIT,0.0,0.0,True,1.5,False,1.5
2026-08-10T06:04:25.582309+00:00,SMC,BUY,1.5,False,PER_STRATEGY_MAX_OPEN_HIT,0.0,0.0,True,1.5,False,1.5
2026-08-10T06:05:26.006422+00:00,SMC,BUY,1.5,False,PER_STRATEGY_MAX_OPEN_HIT,0.0,0.0,True,1.5,False,1.5
2026-08-10T06:06:26.442078+00:00,SMC,BUY,1.5,False,PER_STRATEGY_MAX_OPEN_HIT,0.0,0.0,True,1.5,False,1.5
2026-08-10T06:07:26.850253+00:00,SMC,BUY,1.5,False,PER_STRATEGY_MAX_OPEN_HIT,0.0,0.0,True,1.5,False,1.5
2026-08-10T06:08:27.365399+00:00,SMC,BUY,1.5,False,PER_STRATEGY_MAX_OPEN_HIT,0.0,0.0,True,1.5,False,1.5
2026-08-10T06:09:27.826795+00:00,SMC,BUY,1.5,False,PER_STRATEGY_MAX_OPEN_HIT,0.0,0.0,True,1.5,False,1.5
2026-08-10T06:10:28.280842+00:00,SMC,BUY,1.5,False,PER_STRATEGY_MAX_OPEN_HIT,0.0,0.0,True,1.5,False,1.5
2026-08-10T06:11:28.718628+00:00,SMC,BUY,1.5,False,PER_STRATEGY_MAX_OPEN_HIT,0.0,0.0,True,1.5,False,1.5
2026-08-10T06:12:29.155101+00:00,SMC,BUY,1.5,False,PER_STRATEGY_MAX_OPEN_HIT,0.0,0.0,True,1.5,False,1.5
2026-08-10T06:13:29.652189+00:00,SMC,BUY,1.5,False,PER_STRATEGY_MAX_OPEN_HIT,0.0,0.0,True,1.5,False,1.5
2026-08-10T06:14:30.075773+00:00,SMC,BUY,1.5,False,PER_STRATEGY_MAX_OPEN_HIT,0.0,0.0,True,1.5,False,1.5
2026-08-10T06:15:30.482805+00:00,SMC,BUY,1.5,False,PER_STRATEGY_MAX_OPEN_HIT,0.0,0.0,True,1.5,False,1.5
2026-08-10T06:16:30.921712+00:00,SMC,BUY,1.5,False,PER_STRATEGY_MAX_OPEN_HIT,0.0,0.0,True,1.5,False,1.5
2026-08-10T06:17:31.318566+00:00,SMC,BUY,1.5,False,PER_STRATEGY_MAX_OPEN_HIT,0.0,0.0,True,1.5,False,1.5
2026-08-10T06:25:35.370833+00:00,SMC,BUY,1.5,False,PER_STRATEGY_MAX_OPEN_HIT,0.0,0.0,True,1.5,False,1.5
2026-08-10T06:26:35.771193+00:00,SMC,BUY,1.5,False,PER_STRATEGY_MAX_OPEN_HIT,0.0,0.0,True,1.5,False,1.5
2026-08-10T06:43:44.669686+00:00,SMC,BUY,1.5,False,PER_STRATEGY_MAX_OPEN_HIT,0.0,0.0,True,1.5,False,1.5
2026-08-10T06:44:45.090958+00:00,SMC,BUY,1.5,False,PER_STRATEGY_MAX_OPEN_HIT,0.0,0.0,True,1.5,False,1.5
2026-08-10T06:45:45.467615+00:00,SMC,BUY,1.5,False,PER_STRATEGY_MAX_OPEN_HIT,0.0,0.0,True,1.5,False,1.5
2026-08-10T06:46:45.960575+00:00,SMC,BUY,1.5,False,PER_STRATEGY_MAX_OPEN_HIT,0.0,0.0,True,1.5,False,1.5
2026-08-10T06:47:46.427584+00:00,SMC,BUY,1.5,False,PER_STRATEGY_MAX_OPEN_HIT,0.0,0.0,True,1.5,False,1.5
2026-08-10T06:48:46.905470+00:00,SMC,BUY,1.5,False,PER_STRATEGY_MAX_OPEN_HIT,0.0,0.0,True,1.5,False,1.5
2026-08-10T06:49:47.333004+00:00,SMC,BUY,1.5,False,PER_STRATEGY_MAX_OPEN_HIT,0.0,0.0,True,1.5,False,1.5
2026-08-10T06:50:47.775703+00:00,SMC,BUY,1.5,False,PER_STRATEGY_MAX_OPEN_HIT,0.0,0.0,True,1.5,False,1.5
2026-08-10T06:51:48.258638+00:00,SMC,BUY,1.5,False,PER_STRATEGY_MAX_OPEN_HIT,0.0,0.0,True,1.5,False,1.5
2026-08-10T06:52:48.699790+00:00,SMC,BUY,1.5,False,PER_STRATEGY_MAX_OPEN_HIT,0.0,0.0,True,1.5,False,1.5
2026-08-10T06:53:49.219676+00:00,SMC,BUY,1.5,False,PER_STRATEGY_MAX_OPEN_HIT,0.0,0.0,True,1.5,False,1.5
2026-08-10T06:54:49.610247+00:00,SMC,BUY,1.5,False,PER_STRATEGY_MAX_OPEN_HIT,0.0,0.0,True,1.5,False,1.5
2026-08-10T06:55:50.136120+00:00,SMC,BUY,1.5,False,PER_STRATEGY_MAX_OPEN_HIT,0.0,0.0,True,1.5,False,1.5
2026-08-10T06:56:50.597358+00:00,SMC,BUY,1.5,False,PER_STRATEGY_MAX_OPEN_HIT,0.0,0.0,True,1.5,False,1.5
2026-08-10T06:57:51.029334+00:00,SMC,BUY,1.5,False,PER_STRATEGY_MAX_OPEN_HIT,0.0,0.0,True,1.5,False,1.5
2026-08-10T06:58:51.499997+00:00,SMC,BUY,1.5,False,PER_STRATEGY_MAX_OPEN_HIT,0.0,0.0,True,1.5,False,1.5
2026-08-10T06:59:51.905884+00:00,SMC,BUY,1.5,False,PER_STRATEGY_MAX_OPEN_HIT,0.0,0.0,True,1.5,False,1.5
2026-08-10T07:00:52.382054+00:00,SMC,BUY,1.5,False,PER_STRATEGY_MAX_OPEN_HIT,0.0,0.0,True,1.5,False,1.5
2026-08-10T07:01:52.770488+00:00,SMC,BUY,1.5,False,PER_STRATEGY_MAX_OPEN_HIT,0.0,0.0,True,1.5,False,1.5
2026-08-10T07:02:53.261172+00:00,SMC,BUY,1.5,False,PER_STRATEGY_MAX_OPEN_HIT,0.0,0.0,True,1.5,False,1.5
2026-08-10T07:03:53.801925+00:00,SMC,BUY,1.5,False,PER_STRATEGY_MAX_OPEN_HIT,0.0,0.0,True,1.5,False,1.5
2026-08-10T07:04:54.239878+00:00,SMC,BUY,1.5,False,PER_STRATEGY_MAX_OPEN_HIT,0.0,0.0,True,1.5,False,1.5
2026-08-10T07:05:54.629865+00:00,SMC,BUY,1.5,False,PER_STRATEGY_MAX_OPEN_HIT,0.0,0.0,True,1.5,False,1.5
2026-08-10T07:06:55.066514+00:00,SMC,BUY,1.5,False,PER_STRATEGY_MAX_OPEN_HIT,0.0,0.0,True,1.5,False,1.5
2026-08-10T07:07:55.501145+00:00,SMC,BUY,1.5,False,PER_STRATEGY_MAX_OPEN_HIT,0.0,0.0,True,1.5,False,1.5
2026-08-10T07:08:56.009002+00:00,SMC,BUY,1.5,False,PER_STRATEGY_MAX_OPEN_HIT,0.0,0.0,True,1.5,False,1.5
2026-08-10T07:09:56.390116+00:00,SMC,BUY,1.35,False,PER_STRATEGY_MAX_OPEN_HIT,0.0,0.0,True,1.35,False,1.35
2026-08-10T07:18:00.335622+00:00,SMC,BUY,1.5,False,PER_STRATEGY_MAX_OPEN_HIT,0.0,0.0,True,1.5,False,1.5
2026-08-10T07:19:00.808287+00:00,SMC,BUY,1.5,False,PER_STRATEGY_MAX_OPEN_HIT,0.0,0.0,True,1.5,False,1.5
2026-08-10T07:24:03.278938+00:00,SMC,BUY,1.5,False,PER_STRATEGY_MAX_OPEN_HIT,0.0,0.0,True,1.5,False,1.5
2026-08-10T07:25:03.663284+00:00,SMC,BUY,1.35,False,PER_STRATEGY_MAX_OPEN_HIT,0.0,0.0,True,1.35,False,1.35
2026-08-10T07:26:04.134668+00:00,SMC,BUY,1.35,False,PER_STRATEGY_MAX_OPEN_HIT,0.0,0.0,True,1.35,False,1.35
2026-08-10T07:30:06.225996+00:00,SMC,BUY,1.5,False,PER_STRATEGY_MAX_OPEN_HIT,0.0,0.0,True,1.5,False,1.5
2026-08-10T07:31:07.006151+00:00,SMC,BUY,1.5,False,PER_STRATEGY_MAX_OPEN_HIT,0.0,0.0,True,1.5,False,1.5
2026-08-10T07:32:07.436280+00:00,SMC,BUY,1.5,False,PER_STRATEGY_MAX_OPEN_HIT,0.0,0.0,True,1.5,False,1.5
2026-08-10T07:33:07.968070+00:00,SMC,BUY,1.5,False,PER_STRATEGY_MAX_OPEN_HIT,0.0,0.0,True,1.5,False,1.5
2026-08-10T07:34:08.464686+00:00,SMC,BUY,1.5,False,PER_STRATEGY_MAX_OPEN_HIT,0.0,0.0,True,1.5,False,1.5
2026-08-10T07:35:08.962497+00:00,SMC,BUY,1.5,False,PER_STRATEGY_MAX_OPEN_HIT,0.0,0.0,True,1.5,False,1.5
2026-08-10T07:36:09.407688+00:00,SMC,BUY,1.5,False,PER_STRATEGY_MAX_OPEN_HIT,0.0,0.0,True,1.5,False,1.5
2026-08-10T07:38:10.529689+00:00,SMC,BUY,1.5,False,PER_STRATEGY_MAX_OPEN_HIT,0.0,0.0,True,1.5,False,1.5
2026-08-10T07:39:10.989213+00:00,SMC,BUY,1.5,False,PER_STRATEGY_MAX_OPEN_HIT,0.0,0.0,True,1.5,False,1.5
2026-08-10T07:40:11.493124+00:00,SMC,BUY,1.5,False,PER_STRATEGY_MAX_OPEN_HIT,0.0,0.0,True,1.5,False,1.5
2026-08-10T07:41:11.977944+00:00,SMC,BUY,1.5,False,PER_STRATEGY_MAX_OPEN_HIT,0.0,0.0,True,1.5,False,1.5
2026-08-10T07:42:12.364605+00:00,SMC,BUY,1.35,False,PER_STRATEGY_MAX_OPEN_HIT,0.0,0.0,True,1.35,False,1.35
2026-08-10T07:43:12.777725+00:00,SMC,BUY,1.35,False,PER_STRATEGY_MAX_OPEN_HIT,0.0,0.0,True,1.35,False,1.35
2026-08-10T07:44:13.237498+00:00,SMC,BUY,1.5,False,PER_STRATEGY_MAX_OPEN_HIT,0.0,0.0,True,1.5,False,1.5
2026-08-10T07:45:13.616359+00:00,SMC,BUY,1.5,False,PER_STRATEGY_MAX_OPEN_HIT,0.0,0.0,True,1.5,False,1.5
2026-08-10T07:46:14.092424+00:00,SMC,BUY,1.5,False,PER_STRATEGY_MAX_OPEN_HIT,0.0,0.0,True,1.5,False,1.5
2026-08-10T07:47:14.524310+00:00,SMC,BUY,1.5,False,PER_STRATEGY_MAX_OPEN_HIT,0.0,0.0,True,1.5,False,1.5
2026-08-10T07:48:14.967193+00:00,SMC,BUY,1.5,False,PER_STRATEGY_MAX_OPEN_HIT,0.0,0.0,True,1.5,False,1.5
2026-08-10T07:52:16.980944+00:00,SMC,BUY,1.5,False,PER_STRATEGY_MAX_OPEN_HIT,0.0,0.0,True,1.5,False,1.5
2026-08-10T07:54:18.015022+00:00,SMC,BUY,1.5,False,PER_STRATEGY_MAX_OPEN_HIT,0.0,0.0,True,1.5,False,1.5
2026-08-10T07:55:18.424660+00:00,SMC,BUY,1.5,False,PER_STRATEGY_MAX_OPEN_HIT,0.0,0.0,True,1.5,False,1.5
2026-08-10T07:57:19.333965+00:00,SMC,BUY,1.5,False,PER_STRATEGY_MAX_OPEN_HIT,0.0,0.0,True,1.5,False,1.5
2026-08-10T07:58:19.829729+00:00,SMC,BUY,1.5,False,PER_STRATEGY_MAX_OPEN_HIT,0.0,0.0,True,1.5,False,1.5
2026-08-10T07:59:20.259961+00:00,SMC,BUY,1.5,False,PER_STRATEGY_MAX_OPEN_HIT,0.0,0.0,True,1.5,False,1.5
2026-08-10T10:00:20.079966+00:00,MICRO,SELL,1.35,False,PER_STRATEGY_MAX_OPEN_HIT,0.0,0.0,True,1.35,False,1.35
2026-08-10T10:02:21.125718+00:00,MICRO,SELL,1.35,False,PER_STRATEGY_MAX_OPEN_HIT,0.0,0.0,True,1.35,False,1.35
2026-08-10T10:03:21.605843+00:00,MICRO,SELL,1.35,False,PER_STRATEGY_MAX_OPEN_HIT,0.0,0.0,True,1.35,False,1.35
2026-08-10T10:22:31.139415+00:00,MICRO,BUY,1.35,False,PER_STRATEGY_MAX_OPEN_HIT,0.0,0.0,True,1.35,False,1.35
2026-08-10T10:23:31.639915+00:00,MICRO,BUY,1.35,False,PER_STRATEGY_MAX_OPEN_HIT,0.0,0.0,True,1.35,False,1.35
2026-08-10T10:33:36.813106+00:00,MICRO,SELL,1.35,False,PER_STRATEGY_MAX_OPEN_HIT,0.0,0.0,True,1.35,False,1.35
2026-08-10T10:34:37.403380+00:00,MICRO,SELL,1.35,False,PER_STRATEGY_MAX_OPEN_HIT,0.0,0.0,True,1.35,False,1.35
2026-08-10T10:37:38.910011+00:00,MICRO,SELL,1.35,False,PER_STRATEGY_MAX_OPEN_HIT,0.0,0.0,True,1.35,False,1.35
2026-08-10T10:38:39.369456+00:00,MICRO,SELL,1.35,False,PER_STRATEGY_MAX_OPEN_HIT,0.0,0.0,True,1.35,False,1.35
2026-08-10T10:52:46.707458+00:00,MICRO,BUY,1.35,False,PER_STRATEGY_MAX_OPEN_HIT,0.0,0.0,True,1.35,False,1.35
2026-08-10T10:59:50.479273+00:00,MICRO,SELL,1.35,False,PER_STRATEGY_MAX_OPEN_HIT,0.0,0.0,True,1.35,False,1.35
2026-08-10T11:13:02.332049+00:00,MICRO,SELL,1.35,False,PER_STRATEGY_MAX_OPEN_HIT,0.0,0.0,True,1.35,False,1.35
2026-08-10T11:14:02.865141+00:00,MICRO,SELL,1.35,False,PER_STRATEGY_MAX_OPEN_HIT,0.0,0.0,True,1.35,False,1.35
2026-08-10T11:19:05.386732+00:00,MICRO,SELL,1.35,False,PER_STRATEGY_MAX_OPEN_HIT,0.0,0.0,True,1.35,False,1.35
2026-08-10T11:24:08.005822+00:00,MICRO,BUY,1.35,False,PER_STRATEGY_MAX_OPEN_HIT,0.0,0.0,True,1.35,False,1.35
2026-08-10T11:32:11.713887+00:00,MICRO,BUY,1.35,False,PER_STRATEGY_MAX_OPEN_HIT,0.0,0.0,True,1.35,False,1.35
2026-08-10T11:33:12.175432+00:00,MICRO,BUY,1.35,False,PER_STRATEGY_MAX_OPEN_HIT,0.0,0.0,True,1.35,False,1.35
2026-08-10T11:34:12.670956+00:00,MICRO,BUY,1.35,False,PER_STRATEGY_MAX_OPEN_HIT,0.0,0.0,True,1.35,False,1.35
2026-08-10T11:45:18.351203+00:00,SMC,BUY,1.5,False,PER_STRATEGY_MAX_OPEN_HIT,0.0,0.0,True,1.5,False,1.5
2026-08-10T11:48:19.924600+00:00,MICRO,SELL,1.35,False,PER_STRATEGY_MAX_OPEN_HIT,0.0,0.0,True,1.35,False,1.35
2026-08-10T11:49:20.473490+00:00,MICRO,SELL,1.35,False,PER_STRATEGY_MAX_OPEN_HIT,0.0,0.0,True,1.35,False,1.35
2026-08-10T11:55:23.621827+00:00,SMC,BUY,1.35,False,PER_STRATEGY_MAX_OPEN_HIT,0.0,0.0,True,1.35,False,1.35
2026-08-10T11:56:24.066502+00:00,SMC,BUY,1.35,False,PER_STRATEGY_MAX_OPEN_HIT,0.0,0.0,True,1.35,False,1.35
2026-08-10T11:57:24.565247+00:00,SMC,BUY,1.35,False,PER_STRATEGY_MAX_OPEN_HIT,0.0,0.0,True,1.35,False,1.35
2026-08-10T11:58:24.982398+00:00,SMC,BUY,1.5,False,PER_STRATEGY_MAX_OPEN_HIT,0.0,0.0,True,1.5,False,1.5
2026-08-10T12:03:27.524112+00:00,MICRO,SELL,1.35,False,PER_STRATEGY_MAX_OPEN_HIT,0.0,0.0,True,1.35,False,1.35
2026-08-10T12:07:29.653251+00:00,MICRO,BUY,1.35,False,PER_STRATEGY_MAX_OPEN_HIT,0.0,0.0,True,1.35,False,1.35
2026-08-10T12:13:32.851346+00:00,MICRO,SELL,1.35,False,PER_STRATEGY_MAX_OPEN_HIT,0.0,0.0,True,1.35,False,1.35
2026-08-10T12:14:33.393956+00:00,MICRO,SELL,1.35,False,PER_STRATEGY_MAX_OPEN_HIT,0.0,0.0,True,1.35,False,1.35
2026-08-10T12:38:43.137503+00:00,MICRO,BUY,1.35,False,PER_STRATEGY_MAX_OPEN_HIT,0.0,0.0,True,1.35,False,1.35
2026-08-10T13:11:56.886724+00:00,MICRO,BUY,1.35,False,PER_STRATEGY_MAX_OPEN_HIT,0.0,0.0,True,1.35,False,1.35
2026-08-10T13:12:57.369961+00:00,MICRO,BUY,1.35,False,PER_STRATEGY_MAX_OPEN_HIT,0.0,0.0,True,1.35,False,1.35
2026-08-10T13:13:57.877045+00:00,MICRO,BUY,1.35,False,PER_STRATEGY_MAX_OPEN_HIT,0.0,0.0,True,1.35,False,1.35
2026-08-10T13:14:58.388282+00:00,MICRO,BUY,1.35,False,PER_STRATEGY_MAX_OPEN_HIT,0.0,0.0,True,1.35,False,1.35
2026-08-10T13:20:01.197699+00:00,SMC,BUY,1.35,False,PER_STRATEGY_MAX_OPEN_HIT,0.0,0.0,True,1.35,False,1.35
2026-08-10T13:36:05.573881+00:00,SMC,BUY,1.5,False,PER_STRATEGY_MAX_OPEN_HIT,0.0,0.0,True,1.5,False,1.5
2026-08-10T13:37:06.044917+00:00,SMC,BUY,1.5,False,PER_STRATEGY_MAX_OPEN_HIT,0.0,0.0,True,1.5,False,1.5
2026-08-10T13:39:07.011040+00:00,SMC,BUY,1.5,False,PER_STRATEGY_MAX_OPEN_HIT,0.0,0.0,True,1.5,False,1.5
2026-08-10T14:44:29.381851+00:00,SMC,BUY,1.5,False,PER_STRATEGY_MAX_OPEN_HIT,0.0,0.0,True,1.5,False,1.5
2026-08-10T14:45:30.291165+00:00,SMC,BUY,1.5,False,PER_STRATEGY_MAX_OPEN_HIT,0.0,0.0,True,1.5,False,1.5
2026-08-10T14:46:30.733123+00:00,SMC,BUY,1.5,False,PER_STRATEGY_MAX_OPEN_HIT,0.0,0.0,True,1.5,False,1.5
2026-08-10T14:47:31.210011+00:00,SMC,BUY,1.5,False,PER_STRATEGY_MAX_OPEN_HIT,0.0,0.0,True,1.5,False,1.5
2026-08-10T14:48:31.703167+00:00,SMC,BUY,1.5,False,PER_STRATEGY_MAX_OPEN_HIT,0.0,0.0,True,1.5,False,1.5
2026-08-10T14:49:32.074368+00:00,SMC,BUY,1.5,False,PER_STRATEGY_MAX_OPEN_HIT,0.0,0.0,True,1.5,False,1.5
2026-08-10T14:50:32.475061+00:00,SMC,BUY,1.5,False,PER_STRATEGY_MAX_OPEN_HIT,0.0,0.0,True,1.5,False,1.5
2026-08-10T14:51:32.954469+00:00,SMC,BUY,1.5,False,PER_STRATEGY_MAX_OPEN_HIT,0.0,0.0,True,1.5,False,1.5
2026-08-10T14:52:33.346273+00:00,SMC,BUY,1.5,False,PER_STRATEGY_MAX_OPEN_HIT,0.0,0.0,True,1.5,False,1.5
2026-08-10T14:53:33.844889+00:00,SMC,BUY,1.5,False,PER_STRATEGY_MAX_OPEN_HIT,0.0,0.0,True,1.5,False,1.5
2026-08-10T14:54:34.326923+00:00,SMC,BUY,1.5,False,PER_STRATEGY_MAX_OPEN_HIT,0.0,0.0,True,1.5,False,1.5
2026-08-10T15:15:42.518595+00:00,MICRO,BUY,1.35,False,PER_STRATEGY_MAX_OPEN_HIT,0.0,0.0,True,1.35,False,1.35
2026-08-10T15:16:43.011476+00:00,MICRO,BUY,1.35,False,PER_STRATEGY_MAX_OPEN_HIT,0.0,0.0,True,1.35,False,1.35
2026-08-10T15:17:43.538919+00:00,MICRO,BUY,1.35,False,PER_STRATEGY_MAX_OPEN_HIT,0.0,0.0,True,1.35,False,1.35
2026-08-10T15:18:44.033987+00:00,MICRO,BUY,1.35,False,PER_STRATEGY_MAX_OPEN_HIT,0.0,0.0,True,1.35,False,1.35
2026-08-10T15:20:45.146083+00:00,SMC,BUY,1.5,False,PER_STRATEGY_MAX_OPEN_HIT,0.0,0.0,True,1.5,False,1.5
2026-08-10T15:26:48.352495+00:00,MICRO,SELL,1.35,False,PER_STRATEGY_MAX_OPEN_HIT,0.0,0.0,True,1.35,False,1.35
2026-08-10T15:45:58.811331+00:00,MICRO,SELL,1.35,False,PER_STRATEGY_MAX_OPEN_HIT,0.0,0.0,True,1.35,False,1.35
2026-08-10T15:49:00.573309+00:00,SMC,BUY,1.5,False,PER_STRATEGY_MAX_OPEN_HIT,0.0,0.0,True,1.5,False,1.5
2026-08-10T15:51:01.531158+00:00,SMC,BUY,1.5,False,PER_STRATEGY_MAX_OPEN_HIT,0.0,0.0,True,1.5,False,1.5
2026-08-10T15:52:01.926364+00:00,SMC,BUY,1.5,False,PER_STRATEGY_MAX_OPEN_HIT,0.0,0.0,True,1.5,False,1.5
2026-08-10T15:53:02.399788+00:00,SMC,BUY,1.5,False,PER_STRATEGY_MAX_OPEN_HIT,0.0,0.0,True,1.5,False,1.5
2026-08-10T15:54:02.820023+00:00,SMC,BUY,1.5,False,PER_STRATEGY_MAX_OPEN_HIT,0.0,0.0,True,1.5,False,1.5
2026-08-10T15:55:03.354204+00:00,SMC,BUY,1.5,False,PER_STRATEGY_MAX_OPEN_HIT,0.0,0.0,True,1.5,False,1.5
2026-08-10T15:56:03.872452+00:00,SMC,BUY,1.5,False,PER_STRATEGY_MAX_OPEN_HIT,0.0,0.0,True,1.5,False,1.5
2026-08-10T15:57:04.358511+00:00,SMC,BUY,1.5,False,PER_STRATEGY_MAX_OPEN_HIT,0.0,0.0,True,1.5,False,1.5
2026-08-10T15:58:04.839788+00:00,SMC,BUY,1.5,False,PER_STRATEGY_MAX_OPEN_HIT,0.0,0.0,True,1.5,False,1.5
2026-08-10T15:59:05.244228+00:00,SMC,BUY,1.5,False,PER_STRATEGY_MAX_OPEN_HIT,0.0,0.0,True,1.5,False,1.5
2026-08-10T16:00:05.710619+00:00,SMC,BUY,1.35,False,PER_STRATEGY_MAX_OPEN_HIT,0.0,0.0,True,1.35,False,1.35
2026-08-10T16:01:06.198116+00:00,SMC,BUY,1.35,False,PER_STRATEGY_MAX_OPEN_HIT,0.0,0.0,True,1.35,False,1.35
2026-08-10T16:02:06.685566+00:00,SMC,BUY,1.35,False,PER_STRATEGY_MAX_OPEN_HIT,0.0,0.0,True,1.35,False,1.35
2026-08-10T16:03:07.112713+00:00,SMC,BUY,1.5,False,PER_STRATEGY_MAX_OPEN_HIT,0.0,0.0,True,1.5,False,1.5
2026-08-10T16:04:07.591723+00:00,SMC,BUY,1.35,False,PER_STRATEGY_MAX_OPEN_HIT,0.0,0.0,True,1.35,False,1.35
2026-08-10T16:05:08.064802+00:00,SMC,BUY,1.35,False,PER_STRATEGY_MAX_OPEN_HIT,0.0,0.0,True,1.35,False,1.35
2026-08-10T16:06:08.569886+00:00,SMC,BUY,1.35,False,PER_STRATEGY_MAX_OPEN_HIT,0.0,0.0,True,1.35,False,1.35
2026-08-10T16:07:09.047492+00:00,SMC,BUY,1.35,False,PER_STRATEGY_MAX_OPEN_HIT,0.0,0.0,True,1.35,False,1.35
2026-08-10T16:08:09.551869+00:00,SMC,BUY,1.35,False,PER_STRATEGY_MAX_OPEN_HIT,0.0,0.0,True,1.35,False,1.35
2026-08-10T16:09:10.009781+00:00,SMC,BUY,1.5,False,PER_STRATEGY_MAX_OPEN_HIT,0.0,0.0,True,1.5,False,1.5
2026-08-10T16:10:10.447351+00:00,SMC,BUY,1.5,False,PER_STRATEGY_MAX_OPEN_HIT,0.0,0.0,True,1.5,False,1.5
2026-08-10T16:11:10.934797+00:00,SMC,BUY,1.5,False,PER_STRATEGY_MAX_OPEN_HIT,0.0,0.0,True,1.5,False,1.5
2026-08-10T16:12:11.449971+00:00,SMC,BUY,1.5,False,PER_STRATEGY_MAX_OPEN_HIT,0.0,0.0,True,1.5,False,1.5
2026-08-10T16:13:11.867227+00:00,SMC,BUY,1.5,False,PER_STRATEGY_MAX_OPEN_HIT,0.0,0.0,True,1.5,False,1.5
2026-08-10T16:14:12.940001+00:00,SMC,BUY,1.35,False,PER_STRATEGY_MAX_OPEN_HIT,0.0,0.0,True,1.35,False,1.35
2026-08-10T16:15:13.351294+00:00,SMC,BUY,1.35,False,PER_STRATEGY_MAX_OPEN_HIT,0.0,0.0,True,1.35,False,1.35
2026-08-10T16:16:13.809013+00:00,SMC,BUY,1.35,False,PER_STRATEGY_MAX_OPEN_HIT,0.0,0.0,True,1.35,False,1.35
2026-08-10T16:17:14.259772+00:00,SMC,BUY,1.35,False,PER_STRATEGY_MAX_OPEN_HIT,0.0,0.0,True,1.35,False,1.35
2026-08-10T16:18:14.744755+00:00,SMC,BUY,1.5,False,PER_STRATEGY_MAX_OPEN_HIT,0.0,0.0,True,1.5,False,1.5
2026-08-10T16:19:15.146199+00:00,SMC,BUY,1.35,False,PER_STRATEGY_MAX_OPEN_HIT,0.0,0.0,True,1.35,False,1.35
2026-08-10T16:20:15.548143+00:00,SMC,BUY,1.5,False,PER_STRATEGY_MAX_OPEN_HIT,0.0,0.0,True,1.5,False,1.5
2026-08-10T16:21:16.068980+00:00,SMC,BUY,1.35,False,PER_STRATEGY_MAX_OPEN_HIT,0.0,0.0,True,1.35,False,1.35
2026-08-10T16:22:16.519958+00:00,SMC,BUY,1.5,False,PER_STRATEGY_MAX_OPEN_HIT,0.0,0.0,True,1.5,False,1.5
2026-08-10T16:23:16.971745+00:00,SMC,BUY,1.35,False,PER_STRATEGY_MAX_OPEN_HIT,0.0,0.0,True,1.35,False,1.35
2026-08-10T16:24:17.387841+00:00,SMC,BUY,1.5,False,PER_STRATEGY_MAX_OPEN_HIT,0.0,0.0,True,1.5,False,1.5
2026-08-10T16:25:17.844208+00:00,SMC,BUY,1.35,False,PER_STRATEGY_MAX_OPEN_HIT,0.0,0.0,True,1.35,False,1.35
2026-08-10T16:26:18.279068+00:00,SMC,BUY,1.5,False,PER_STRATEGY_MAX_OPEN_HIT,0.0,0.0,True,1.5,False,1.5
2026-08-10T16:27:18.676247+00:00,SMC,BUY,1.35,False,PER_STRATEGY_MAX_OPEN_HIT,0.0,0.0,True,1.35,False,1.35
2026-08-10T16:28:19.812161+00:00,SMC,BUY,1.5,False,PER_STRATEGY_MAX_OPEN_HIT,0.0,0.0,True,1.5,False,1.5
2026-08-10T16:29:20.264355+00:00,SMC,BUY,1.35,False,PER_STRATEGY_MAX_OPEN_HIT,0.0,0.0,True,1.35,False,1.35
2026-08-10T16:30:20.735829+00:00,SMC,BUY,1.5,False,PER_STRATEGY_MAX_OPEN_HIT,0.0,0.0,True,1.5,False,1.5
2026-08-10T16:31:21.258702+00:00,SMC,BUY,1.35,False,PER_STRATEGY_MAX_OPEN_HIT,0.0,0.0,True,1.35,False,1.35
2026-08-10T16:33:22.435004+00:00,MICRO,SELL,1.35,False,PER_STRATEGY_MAX_OPEN_HIT,0.0,0.0,True,1.35,False,1.35
2026-08-10T16:40:26.544772+00:00,SMC,BUY,1.35,False,PER_STRATEGY_MAX_OPEN_HIT,0.0,0.0,True,1.35,False,1.35
2026-08-10T16:41:27.128859+00:00,SMC,BUY,1.35,False,PER_STRATEGY_MAX_OPEN_HIT,0.0,0.0,True,1.35,False,1.35
2026-08-10T16:42:27.580567+00:00,MICRO,SELL,1.35,False,PER_STRATEGY_MAX_OPEN_HIT,0.0,0.0,True,1.35,False,1.35
2026-08-10T16:43:28.208476+00:00,MICRO,SELL,1.35,False,PER_STRATEGY_MAX_OPEN_HIT,0.0,0.0,True,1.35,False,1.35
2026-08-10T16:44:28.793783+00:00,MICRO,SELL,1.35,False,PER_STRATEGY_MAX_OPEN_HIT,0.0,0.0,True,1.35,False,1.35
2026-08-10T16:50:31.963690+00:00,SMC,BUY,1.35,False,PER_STRATEGY_MAX_OPEN_HIT,0.0,0.0,True,1.35,False,1.35
2026-08-10T16:51:32.418253+00:00,SMC,BUY,1.35,False,PER_STRATEGY_MAX_OPEN_HIT,0.0,0.0,True,1.35,False,1.35
2026-08-10T16:52:33.022918+00:00,SMC,BUY,1.5,False,PER_STRATEGY_MAX_OPEN_HIT,0.0,0.0,True,1.5,False,1.5
2026-08-10T16:53:33.452371+00:00,SMC,BUY,1.35,False,PER_STRATEGY_MAX_OPEN_HIT,0.0,0.0,True,1.35,False,1.35
2026-08-10T16:54:33.930085+00:00,SMC,BUY,1.35,False,PER_STRATEGY_MAX_OPEN_HIT,0.0,0.0,True,1.35,False,1.35
2026-08-10T16:55:34.325957+00:00,SMC,BUY,1.5,False,PER_STRATEGY_MAX_OPEN_HIT,0.0,0.0,True,1.5,False,1.5
2026-08-10T16:56:34.889715+00:00,SMC,BUY,1.35,False,PER_STRATEGY_MAX_OPEN_HIT,0.0,0.0,True,1.35,False,1.35
2026-08-10T16:59:36.368707+00:00,MICRO,BUY,1.35,False,PER_STRATEGY_MAX_OPEN_HIT,0.0,0.0,True,1.35,False,1.35
2026-08-10T17:05:39.441977+00:00,MICRO,SELL,1.35,False,PER_STRATEGY_MAX_OPEN_HIT,0.0,0.0,True,1.35,False,1.35
2026-08-10T17:13:43.607067+00:00,MICRO,BUY,1.35,False,PER_STRATEGY_MAX_OPEN_HIT,0.0,0.0,True,1.35,False,1.35
2026-08-10T17:20:47.202276+00:00,MICRO,BUY,1.35,False,PER_STRATEGY_MAX_OPEN_HIT,0.0,0.0,True,1.35,False,1.35
2026-08-10T17:21:47.702605+00:00,MICRO,BUY,1.35,False,PER_STRATEGY_MAX_OPEN_HIT,0.0,0.0,True,1.35,False,1.35
2026-08-10T17:22:48.278121+00:00,MICRO,BUY,1.35,False,PER_STRATEGY_MAX_OPEN_HIT,0.0,0.0,True,1.35,False,1.35
2026-08-10T17:23:48.729419+00:00,MICRO,BUY,1.35,False,PER_STRATEGY_MAX_OPEN_HIT,0.0,0.0,True,1.35,False,1.35
2026-08-10T17:24:49.367673+00:00,MICRO,BUY,1.35,False,PER_STRATEGY_MAX_OPEN_HIT,0.0,0.0,True,1.35,False,1.35
2026-08-10T17:35:55.150844+00:00,MICRO,BUY,1.35,False,PER_STRATEGY_MAX_OPEN_HIT,0.0,0.0,True,1.35,False,1.35
2026-08-10T17:36:55.772838+00:00,MICRO,BUY,1.35,False,PER_STRATEGY_MAX_OPEN_HIT,0.0,0.0,True,1.35,False,1.35
2026-08-10T17:37:56.368376+00:00,MICRO,BUY,1.35,False,PER_STRATEGY_MAX_OPEN_HIT,0.0,0.0,True,1.35,False,1.35
2026-08-10T17:38:56.918465+00:00,MICRO,BUY,1.35,False,PER_STRATEGY_MAX_OPEN_HIT,0.0,0.0,True,1.35,False,1.35
2026-08-10T17:39:57.537065+00:00,MICRO,BUY,1.35,False,PER_STRATEGY_MAX_OPEN_HIT,0.0,0.0,True,1.35,False,1.35
2026-08-10T17:42:59.163157+00:00,MICRO,SELL,1.35,False,PER_STRATEGY_MAX_OPEN_HIT,0.0,0.0,True,1.35,False,1.35
2026-08-10T17:43:59.645919+00:00,MICRO,SELL,1.35,False,PER_STRATEGY_MAX_OPEN_HIT,0.0,0.0,True,1.35,False,1.35
2026-08-10T17:45:00.205552+00:00,MICRO,SELL,1.35,False,PER_STRATEGY_MAX_OPEN_HIT,0.0,0.0,True,1.35,False,1.35
2026-08-10T17:46:00.697393+00:00,MICRO,SELL,1.35,False,PER_STRATEGY_MAX_OPEN_HIT,0.0,0.0,True,1.35,False,1.35
2026-08-10T17:47:01.255531+00:00,MICRO,SELL,1.35,False,PER_STRATEGY_MAX_OPEN_HIT,0.0,0.0,True,1.35,False,1.35
2026-08-10T18:01:08.300813+00:00,MICRO,BUY,1.35,False,PER_STRATEGY_MAX_OPEN_HIT,0.0,0.0,True,1.35,False,1.35
2026-08-10T18:02:08.899281+00:00,MICRO,BUY,1.35,False,PER_STRATEGY_MAX_OPEN_HIT,0.0,0.0,True,1.35,False,1.35
2026-08-10T18:04:10.001761+00:00,MICRO,BUY,1.35,False,PER_STRATEGY_MAX_OPEN_HIT,0.0,0.0,True,1.35,False,1.35
2026-08-10T18:06:11.101317+00:00,MICRO,BUY,1.35,False,PER_STRATEGY_MAX_OPEN_HIT,0.0,0.0,True,1.35,False,1.35
2026-08-10T18:24:20.206206+00:00,MICRO,BUY,1.35,False,PER_STRATEGY_MAX_OPEN_HIT,0.0,0.0,True,1.35,False,1.35
2026-08-10T18:25:20.762455+00:00,MICRO,BUY,1.35,False,PER_STRATEGY_MAX_OPEN_HIT,0.0,0.0,True,1.35,False,1.35
2026-08-10T18:26:21.377277+00:00,SMC,BUY,1.5,False,PER_STRATEGY_MAX_OPEN_HIT,0.0,0.0,True,1.5,False,1.5
2026-08-10T18:27:21.825612+00:00,SMC,BUY,1.5,False,PER_STRATEGY_MAX_OPEN_HIT,0.0,0.0,True,1.5,False,1.5
2026-08-10T18:28:22.255519+00:00,SMC,BUY,1.5,False,PER_STRATEGY_MAX_OPEN_HIT,0.0,0.0,True,1.5,False,1.5
2026-08-10T18:29:22.663848+00:00,SMC,BUY,1.5,False,PER_STRATEGY_MAX_OPEN_HIT,0.0,0.0,True,1.5,False,1.5
2026-08-10T18:30:23.068058+00:00,SMC,BUY,1.35,False,PER_STRATEGY_MAX_OPEN_HIT,0.0,0.0,True,1.35,False,1.35
2026-08-10T18:31:23.582347+00:00,SMC,BUY,1.5,False,PER_STRATEGY_MAX_OPEN_HIT,0.0,0.0,True,1.5,False,1.5
2026-08-10T18:32:24.012161+00:00,SMC,BUY,1.5,True,,0.75,0.07,True,1.5,True,0.75
2026-08-10T18:36:27.094545+00:00,SMC,BUY,1.35,False,PER_STRATEGY_MAX_OPEN_HIT,0.0,0.0,True,1.35,False,1.35
2026-08-10T18:37:27.582796+00:00,SMC,BUY,1.35,False,PER_STRATEGY_MAX_OPEN_HIT,0.0,0.0,True,1.35,False,1.35
2026-08-10T18:38:27.944261+00:00,SMC,BUY,1.5,False,PER_STRATEGY_MAX_OPEN_HIT,0.0,0.0,True,1.5,False,1.5
2026-08-10T18:39:28.410768+00:00,SMC,BUY,1.35,False,PER_STRATEGY_MAX_OPEN_HIT,0.0,0.0,True,1.35,False,1.35
2026-08-10T18:40:28.908056+00:00,SMC,BUY,1.35,False,PER_STRATEGY_MAX_OPEN_HIT,0.0,0.0,True,1.35,False,1.35
2026-08-10T18:41:29.434558+00:00,SMC,BUY,1.5,False,PER_STRATEGY_MAX_OPEN_HIT,0.0,0.0,True,1.5,False,1.5
2026-08-10T18:42:29.871517+00:00,SMC,BUY,1.5,False,PER_STRATEGY_MAX_OPEN_HIT,0.0,0.0,True,1.5,False,1.5
2026-08-10T18:43:30.276061+00:00,SMC,BUY,1.35,False,PER_STRATEGY_MAX_OPEN_HIT,0.0,0.0,True,1.35,False,1.35
2026-08-10T18:44:30.762493+00:00,SMC,BUY,1.35,False,PER_STRATEGY_MAX_OPEN_HIT,0.0,0.0,True,1.35,False,1.35
2026-08-10T18:45:31.330350+00:00,SMC,BUY,1.5,False,PER_STRATEGY_MAX_OPEN_HIT,0.0,0.0,True,1.5,False,1.5
2026-08-10T18:46:31.773412+00:00,SMC,BUY,1.5,False,PER_STRATEGY_MAX_OPEN_HIT,0.0,0.0,True,1.5,False,1.5
2026-08-10T18:47:32.237840+00:00,SMC,BUY,1.5,False,PER_STRATEGY_MAX_OPEN_HIT,0.0,0.0,True,1.5,False,1.5
2026-08-10T18:48:32.671629+00:00,SMC,BUY,1.5,False,PER_STRATEGY_MAX_OPEN_HIT,0.0,0.0,True,1.5,False,1.5
2026-08-10T18:49:33.147547+00:00,SMC,BUY,1.5,False,PER_STRATEGY_MAX_OPEN_HIT,0.0,0.0,True,1.5,False,1.5
2026-08-10T18:50:33.577386+00:00,SMC,BUY,1.35,False,PER_STRATEGY_MAX_OPEN_HIT,0.0,0.0,True,1.35,False,1.35
2026-08-10T18:51:34.157259+00:00,SMC,BUY,1.35,False,PER_STRATEGY_MAX_OPEN_HIT,0.0,0.0,True,1.35,False,1.35
2026-08-10T18:52:34.632027+00:00,SMC,BUY,1.5,False,PER_STRATEGY_MAX_OPEN_HIT,0.0,0.0,True,1.5,False,1.5
2026-08-10T18:53:35.040126+00:00,SMC,BUY,1.5,False,PER_STRATEGY_MAX_OPEN_HIT,0.0,0.0,True,1.5,False,1.5
2026-08-10T18:54:35.432362+00:00,SMC,BUY,1.5,False,PER_STRATEGY_MAX_OPEN_HIT,0.0,0.0,True,1.5,False,1.5
2026-08-10T19:05:38.199084+00:00,SMC,BUY,1.35,False,PER_STRATEGY_MAX_OPEN_HIT,0.0,0.0,True,1.35,False,1.35
2026-08-10T19:06:38.591114+00:00,SMC,BUY,1.35,False,PER_STRATEGY_MAX_OPEN_HIT,0.0,0.0,True,1.35,False,1.35
2026-08-10T19:07:39.042305+00:00,SMC,BUY,1.35,False,PER_STRATEGY_MAX_OPEN_HIT,0.0,0.0,True,1.35,False,1.35
2026-08-10T19:08:39.447528+00:00,SMC,BUY,1.35,False,PER_STRATEGY_MAX_OPEN_HIT,0.0,0.0,True,1.35,False,1.35
2026-08-10T19:09:39.838904+00:00,SMC,BUY,1.35,False,PER_STRATEGY_MAX_OPEN_HIT,0.0,0.0,True,1.35,False,1.35
2026-08-10T19:10:40.297040+00:00,SMC,BUY,1.35,False,PER_STRATEGY_MAX_OPEN_HIT,0.0,0.0,True,1.35,False,1.35
2026-08-10T19:11:40.693817+00:00,SMC,BUY,1.35,False,PER_STRATEGY_MAX_OPEN_HIT,0.0,0.0,True,1.35,False,1.35
2026-08-10T19:12:41.142098+00:00,SMC,BUY,1.35,False,PER_STRATEGY_MAX_OPEN_HIT,0.0,0.0,True,1.35,False,1.35
2026-08-10T19:13:41.583900+00:00,SMC,BUY,1.35,False,PER_STRATEGY_MAX_OPEN_HIT,0.0,0.0,True,1.35,False,1.35
2026-08-10T19:14:42.035993+00:00,SMC,BUY,1.35,False,PER_STRATEGY_MAX_OPEN_HIT,0.0,0.0,True,1.35,False,1.35
2026-08-10T19:15:42.486555+00:00,SMC,BUY,1.35,False,PER_STRATEGY_MAX_OPEN_HIT,0.0,0.0,True,1.35,False,1.35
2026-08-10T19:16:42.909431+00:00,SMC,BUY,1.35,False,PER_STRATEGY_MAX_OPEN_HIT,0.0,0.0,True,1.35,False,1.35
2026-08-10T19:18:43.895520+00:00,SMC,BUY,1.35,False,PER_STRATEGY_MAX_OPEN_HIT,0.0,0.0,True,1.35,False,1.35
2026-08-10T19:19:44.427668+00:00,SMC,BUY,1.35,False,PER_STRATEGY_MAX_OPEN_HIT,0.0,0.0,True,1.35,False,1.35
2026-08-10T19:20:44.888648+00:00,SMC,BUY,1.35,False,PER_STRATEGY_MAX_OPEN_HIT,0.0,0.0,True,1.35,False,1.35
2026-08-10T19:21:45.260341+00:00,SMC,BUY,1.35,False,PER_STRATEGY_MAX_OPEN_HIT,0.0,0.0,True,1.35,False,1.35
2026-08-10T19:22:45.670997+00:00,SMC,BUY,1.35,False,PER_STRATEGY_MAX_OPEN_HIT,0.0,0.0,True,1.35,False,1.35
2026-08-10T19:23:46.115178+00:00,SMC,BUY,1.35,False,PER_STRATEGY_MAX_OPEN_HIT,0.0,0.0,True,1.35,False,1.35
2026-08-10T19:24:46.561326+00:00,SMC,BUY,1.35,False,PER_STRATEGY_MAX_OPEN_HIT,0.0,0.0,True,1.35,False,1.35
2026-08-10T19:25:46.971308+00:00,SMC,BUY,1.35,False,PER_STRATEGY_MAX_OPEN_HIT,0.0,0.0,True,1.35,False,1.35
2026-08-10T19:26:47.412320+00:00,SMC,BUY,1.35,False,PER_STRATEGY_MAX_OPEN_HIT,0.0,0.0,True,1.35,False,1.35
2026-08-10T19:27:48.009731+00:00,SMC,BUY,1.35,False,PER_STRATEGY_MAX_OPEN_HIT,0.0,0.0,True,1.35,False,1.35
2026-08-10T19:28:48.468183+00:00,SMC,BUY,1.35,False,PER_STRATEGY_MAX_OPEN_HIT,0.0,0.0,True,1.35,False,1.35
2026-08-10T19:29:48.939683+00:00,SMC,BUY,1.35,False,PER_STRATEGY_MAX_OPEN_HIT,0.0,0.0,True,1.35,False,1.35
2026-08-10T19:30:49.413858+00:00,SMC,BUY,1.35,False,PER_STRATEGY_MAX_OPEN_HIT,0.0,0.0,True,1.35,False,1.35
2026-08-10T19:31:49.877848+00:00,SMC,BUY,1.5,False,PER_STRATEGY_MAX_OPEN_HIT,0.0,0.0,True,1.5,False,1.5
2026-08-10T19:32:50.323298+00:00,SMC,BUY,1.35,False,PER_STRATEGY_MAX_OPEN_HIT,0.0,0.0,True,1.35,False,1.35
2026-08-10T19:33:50.769588+00:00,SMC,BUY,1.35,False,PER_STRATEGY_MAX_OPEN_HIT,0.0,0.0,True,1.35,False,1.35
2026-08-10T19:34:51.231506+00:00,SMC,BUY,1.35,False,PER_STRATEGY_MAX_OPEN_HIT,0.0,0.0,True,1.35,False,1.35
2026-08-10T19:35:51.721048+00:00,SMC,BUY,1.35,False,PER_STRATEGY_MAX_OPEN_HIT,0.0,0.0,True,1.35,False,1.35
2026-08-10T19:36:52.163786+00:00,SMC,BUY,1.35,False,PER_STRATEGY_MAX_OPEN_HIT,0.0,0.0,True,1.35,False,1.35
2026-08-10T19:37:52.610758+00:00,SMC,BUY,1.35,False,PER_STRATEGY_MAX_OPEN_HIT,0.0,0.0,True,1.35,False,1.35
2026-08-10T19:38:53.013436+00:00,SMC,BUY,1.35,False,PER_STRATEGY_MAX_OPEN_HIT,0.0,0.0,True,1.35,False,1.35
2026-08-10T19:39:53.465416+00:00,SMC,BUY,1.35,False,PER_STRATEGY_MAX_OPEN_HIT,0.0,0.0,True,1.35,False,1.35
2026-08-10T19:40:53.934343+00:00,SMC,BUY,1.35,False,PER_STRATEGY_MAX_OPEN_HIT,0.0,0.0,True,1.35,False,1.35
2026-08-10T19:41:54.523789+00:00,SMC,BUY,1.35,False,PER_STRATEGY_MAX_OPEN_HIT,0.0,0.0,True,1.35,False,1.35
2026-08-10T19:42:54.991521+00:00,SMC,BUY,1.35,False,PER_STRATEGY_MAX_OPEN_HIT,0.0,0.0,True,1.35,False,1.35
2026-08-10T19:43:55.436986+00:00,SMC,BUY,1.35,False,PER_STRATEGY_MAX_OPEN_HIT,0.0,0.0,True,1.35,False,1.35
2026-08-10T19:44:55.884341+00:00,SMC,BUY,1.35,False,PER_STRATEGY_MAX_OPEN_HIT,0.0,0.0,True,1.35,False,1.35
2026-08-10T19:45:56.369663+00:00,SMC,BUY,1.35,False,PER_STRATEGY_MAX_OPEN_HIT,0.0,0.0,True,1.35,False,1.35
2026-08-10T19:46:56.767901+00:00,SMC,BUY,1.5,False,PER_STRATEGY_MAX_OPEN_HIT,0.0,0.0,True,1.5,False,1.5
2026-08-10T19:47:57.224551+00:00,SMC,BUY,1.35,False,PER_STRATEGY_MAX_OPEN_HIT,0.0,0.0,True,1.35,False,1.35
2026-08-10T19:48:57.705646+00:00,SMC,BUY,1.35,False,PER_STRATEGY_MAX_OPEN_HIT,0.0,0.0,True,1.35,False,1.35
2026-08-10T19:49:58.239715+00:00,SMC,BUY,1.5,False,PER_STRATEGY_MAX_OPEN_HIT,0.0,0.0,True,1.5,False,1.5
2026-08-10T19:50:58.698282+00:00,SMC,BUY,1.35,False,PER_STRATEGY_MAX_OPEN_HIT,0.0,0.0,True,1.35,False,1.35
2026-08-10T19:51:59.132261+00:00,SMC,BUY,1.35,False,PER_STRATEGY_MAX_OPEN_HIT,0.0,0.0,True,1.35,False,1.35
2026-08-10T19:52:59.577422+00:00,SMC,BUY,1.35,False,PER_STRATEGY_MAX_OPEN_HIT,0.0,0.0,True,1.35,False,1.35
2026-08-10T19:54:00.018928+00:00,SMC,BUY,1.35,False,PER_STRATEGY_MAX_OPEN_HIT,0.0,0.0,True,1.35,False,1.35
2026-08-10T19:55:00.507021+00:00,SMC,BUY,1.35,False,PER_STRATEGY_MAX_OPEN_HIT,0.0,0.0,True,1.35,False,1.35
2026-08-11T00:00:48.394923+00:00,SMC,BUY,1.5,False,PER_STRATEGY_MAX_OPEN_HIT,0.0,0.0,True,1.5,False,1.5
2026-08-11T00:01:48.829484+00:00,SMC,BUY,1.5,False,PER_STRATEGY_MAX_OPEN_HIT,0.0,0.0,True,1.5,False,1.5
2026-08-11T00:02:49.281251+00:00,MICRO,SELL,1.35,True,,0.75,0.07,True,1.35,True,0.6
2026-08-11T00:04:52.127182+00:00,SMC,BUY,1.5,False,PER_STRATEGY_MAX_OPEN_HIT,0.0,0.0,True,1.5,False,1.5
2026-08-11T00:05:52.519069+00:00,SMC,BUY,1.5,False,PER_STRATEGY_MAX_OPEN_HIT,0.0,0.0,True,1.5,False,1.5
2026-08-11T00:06:53.073594+00:00,SMC,BUY,1.5,False,PER_STRATEGY_MAX_OPEN_HIT,0.0,0.0,True,1.5,False,1.5
2026-08-11T00:07:53.493632+00:00,SMC,BUY,1.5,False,PER_STRATEGY_MAX_OPEN_HIT,0.0,0.0,True,1.5,False,1.5
2026-08-11T00:08:53.919652+00:00,SMC,BUY,1.5,False,PER_STRATEGY_MAX_OPEN_HIT,0.0,0.0,True,1.5,False,1.5
2026-08-11T00:09:54.376355+00:00,SMC,BUY,1.5,False,PER_STRATEGY_MAX_OPEN_HIT,0.0,0.0,True,1.5,False,1.5
2026-08-11T00:10:55.048039+00:00,SMC,BUY,1.5,True,,0.75,0.07,True,1.5,True,0.75
2026-08-11T00:10:55.653059+00:00,MICRO,BUY,1.35,True,,0.75,0.07,True,1.35,True,0.6
2026-08-11T00:14:58.326605+00:00,SMC,BUY,1.5,False,PER_STRATEGY_MAX_OPEN_HIT,0.0,0.0,True,1.5,False,1.5
2026-08-11T00:15:58.763942+00:00,SMC,BUY,1.5,False,PER_STRATEGY_MAX_OPEN_HIT,0.0,0.0,True,1.5,False,1.5
2026-08-11T00:16:59.170425+00:00,SMC,BUY,1.5,False,PER_STRATEGY_MAX_OPEN_HIT,0.0,0.0,True,1.5,False,1.5
2026-08-11T00:17:59.612923+00:00,SMC,BUY,1.5,False,PER_STRATEGY_MAX_OPEN_HIT,0.0,0.0,True,1.5,False,1.5
2026-08-11T00:19:00.119717+00:00,SMC,BUY,1.5,False,PER_STRATEGY_MAX_OPEN_HIT,0.0,0.0,True,1.5,False,1.5
2026-08-11T00:20:00.533399+00:00,SMC,BUY,1.5,False,PER_STRATEGY_MAX_OPEN_HIT,0.0,0.0,True,1.5,False,1.5
2026-08-11T00:21:00.978889+00:00,SMC,BUY,1.5,False,PER_STRATEGY_MAX_OPEN_HIT,0.0,0.0,True,1.5,False,1.5
2026-08-11T00:22:01.415239+00:00,SMC,BUY,1.5,False,PER_STRATEGY_MAX_OPEN_HIT,0.0,0.0,True,1.5,False,1.5
2026-08-11T00:23:01.836502+00:00,SMC,BUY,1.5,False,PER_STRATEGY_MAX_OPEN_HIT,0.0,0.0,True,1.5,False,1.5
2026-08-11T00:24:02.280296+00:00,SMC,BUY,1.5,False,PER_STRATEGY_MAX_OPEN_HIT,0.0,0.0,True,1.5,False,1.5
2026-08-11T00:25:02.712584+00:00,SMC,BUY,1.5,False,PER_STRATEGY_MAX_OPEN_HIT,0.0,0.0,True,1.5,False,1.5
2026-08-11T00:26:03.206998+00:00,SMC,BUY,1.5,False,PER_STRATEGY_MAX_OPEN_HIT,0.0,0.0,True,1.5,False,1.5
2026-08-11T00:27:03.594509+00:00,SMC,BUY,1.5,False,PER_STRATEGY_MAX_OPEN_HIT,0.0,0.0,True,1.5,False,1.5
2026-08-11T00:28:04.068460+00:00,SMC,BUY,1.5,False,PER_STRATEGY_MAX_OPEN_HIT,0.0,0.0,True,1.5,False,1.5
2026-08-11T00:29:04.564816+00:00,SMC,BUY,1.5,False,PER_STRATEGY_MAX_OPEN_HIT,0.0,0.0,True,1.5,False,1.5
2026-08-11T00:30:04.957529+00:00,SMC,BUY,1.5,False,PER_STRATEGY_MAX_OPEN_HIT,0.0,0.0,True,1.5,False,1.5
2026-08-11T00:31:05.513847+00:00,SMC,BUY,1.5,False,PER_STRATEGY_MAX_OPEN_HIT,0.0,0.0,True,1.5,False,1.5
2026-08-11T00:32:05.912869+00:00,SMC,BUY,1.5,False,PER_STRATEGY_MAX_OPEN_HIT,0.0,0.0,True,1.5,False,1.5
2026-08-11T00:33:06.323331+00:00,SMC,BUY,1.5,False,PER_STRATEGY_MAX_OPEN_HIT,0.0,0.0,True,1.5,False,1.5
2026-08-11T00:34:06.766659+00:00,SMC,BUY,1.5,False,PER_STRATEGY_MAX_OPEN_HIT,0.0,0.0,True,1.5,False,1.5
2026-08-11T00:35:07.218633+00:00,SMC,BUY,1.5,False,PER_STRATEGY_MAX_OPEN_HIT,0.0,0.0,True,1.5,False,1.5
2026-08-11T00:36:07.683556+00:00,SMC,BUY,1.5,False,PER_STRATEGY_MAX_OPEN_HIT,0.0,0.0,True,1.5,False,1.5
2026-08-11T00:37:08.094752+00:00,SMC,BUY,1.5,False,PER_STRATEGY_MAX_OPEN_HIT,0.0,0.0,True,1.5,False,1.5
2026-08-11T00:38:08.585591+00:00,SMC,BUY,1.5,False,PER_STRATEGY_MAX_OPEN_HIT,0.0,0.0,True,1.5,False,1.5
2026-08-11T00:39:09.012015+00:00,SMC,BUY,1.5,False,PER_STRATEGY_MAX_OPEN_HIT,0.0,0.0,True,1.5,False,1.5
2026-08-11T00:40:09.429021+00:00,SMC,BUY,1.5,False,PER_STRATEGY_MAX_OPEN_HIT,0.0,0.0,True,1.5,False,1.5
2026-08-11T00:41:09.958607+00:00,SMC,BUY,1.5,False,PER_STRATEGY_MAX_OPEN_HIT,0.0,0.0,True,1.5,False,1.5
2026-08-11T00:42:10.354861+00:00,SMC,BUY,1.5,False,PER_STRATEGY_MAX_OPEN_HIT,0.0,0.0,True,1.5,False,1.5
2026-08-11T00:43:10.787152+00:00,SMC,BUY,1.5,False,PER_STRATEGY_MAX_OPEN_HIT,0.0,0.0,True,1.5,False,1.5
2026-08-11T00:44:11.217889+00:00,SMC,BUY,1.35,False,PER_STRATEGY_MAX_OPEN_HIT,0.0,0.0,True,1.35,False,1.35
2026-08-11T00:45:11.665395+00:00,SMC,BUY,1.35,False,PER_STRATEGY_MAX_OPEN_HIT,0.0,0.0,True,1.35,False,1.35
2026-08-11T00:46:12.145083+00:00,SMC,BUY,1.5,False,PER_STRATEGY_MAX_OPEN_HIT,0.0,0.0,True,1.5,False,1.5
2026-08-11T00:47:12.575179+00:00,SMC,BUY,1.5,False,PER_STRATEGY_MAX_OPEN_HIT,0.0,0.0,True,1.5,False,1.5
2026-08-11T00:48:13.150285+00:00,SMC,BUY,1.35,False,PER_STRATEGY_MAX_OPEN_HIT,0.0,0.0,True,1.35,False,1.35
2026-08-11T00:49:13.553253+00:00,SMC,BUY,1.35,False,PER_STRATEGY_MAX_OPEN_HIT,0.0,0.0,True,1.35,False,1.35
2026-08-11T00:50:13.994035+00:00,SMC,BUY,1.5,False,PER_STRATEGY_MAX_OPEN_HIT,0.0,0.0,True,1.5,False,1.5
2026-08-11T00:51:14.673859+00:00,SMC,BUY,1.35,False,PER_STRATEGY_MAX_OPEN_HIT,0.0,0.0,True,1.35,False,1.35
2026-08-11T00:52:15.131112+00:00,SMC,BUY,1.5,False,PER_STRATEGY_MAX_OPEN_HIT,0.0,0.0,True,1.5,False,1.5
2026-08-11T00:53:15.572346+00:00,SMC,BUY,1.5,False,PER_STRATEGY_MAX_OPEN_HIT,0.0,0.0,True,1.5,False,1.5
2026-08-11T00:54:16.024152+00:00,SMC,BUY,1.35,False,PER_STRATEGY_MAX_OPEN_HIT,0.0,0.0,True,1.35,False,1.35
2026-08-11T00:55:16.424892+00:00,SMC,BUY,1.5,False,PER_STRATEGY_MAX_OPEN_HIT,0.0,0.0,True,1.5,False,1.5
2026-08-11T00:56:16.988968+00:00,SMC,BUY,1.5,False,PER_STRATEGY_MAX_OPEN_HIT,0.0,0.0,True,1.5,False,1.5
2026-08-11T00:57:17.530358+00:00,SMC,BUY,1.5,False,PER_STRATEGY_MAX_OPEN_HIT,0.0,0.0,True,1.5,False,1.5
2026-08-11T00:58:18.035562+00:00,SMC,BUY,1.5,False,PER_STRATEGY_MAX_OPEN_HIT,0.0,0.0,True,1.5,False,1.5
2026-08-11T01:10:23.203523+00:00,SMC,BUY,1.5,False,PER_STRATEGY_MAX_OPEN_HIT,0.0,0.0,True,1.5,False,1.5
2026-08-11T01:11:23.715414+00:00,SMC,BUY,1.35,False,PER_STRATEGY_MAX_OPEN_HIT,0.0,0.0,True,1.35,False,1.35
2026-08-11T01:12:24.331152+00:00,SMC,BUY,1.5,False,PER_STRATEGY_MAX_OPEN_HIT,0.0,0.0,True,1.5,False,1.5
2026-08-11T01:13:24.800210+00:00,SMC,BUY,1.5,False,PER_STRATEGY_MAX_OPEN_HIT,0.0,0.0,True,1.5,False,1.5
2026-08-11T01:14:25.480201+00:00,SMC,BUY,1.5,False,PER_STRATEGY_MAX_OPEN_HIT,0.0,0.0,True,1.5,False,1.5
2026-08-11T01:15:26.133092+00:00,SMC,BUY,1.5,False,PER_STRATEGY_MAX_OPEN_HIT,0.0,0.0,True,1.5,False,1.5
2026-08-11T01:16:26.663185+00:00,SMC,BUY,1.35,False,PER_STRATEGY_MAX_OPEN_HIT,0.0,0.0,True,1.35,False,1.35
2026-08-11T01:17:27.050674+00:00,SMC,BUY,1.5,False,PER_STRATEGY_MAX_OPEN_HIT,0.0,0.0,True,1.5,False,1.5
2026-08-11T01:18:27.570537+00:00,SMC,BUY,1.5,False,PER_STRATEGY_MAX_OPEN_HIT,0.0,0.0,True,1.5,False,1.5
2026-08-11T01:19:28.020320+00:00,SMC,BUY,1.5,False,PER_STRATEGY_MAX_OPEN_HIT,0.0,0.0,True,1.5,False,1.5
2026-08-11T01:20:28.472512+00:00,SMC,BUY,1.5,False,PER_STRATEGY_MAX_OPEN_HIT,0.0,0.0,True,1.5,False,1.5
2026-08-11T01:21:28.975778+00:00,SMC,BUY,1.5,False,PER_STRATEGY_MAX_OPEN_HIT,0.0,0.0,True,1.5,False,1.5
2026-08-11T01:22:29.508703+00:00,SMC,BUY,1.5,False,PER_STRATEGY_MAX_OPEN_HIT,0.0,0.0,True,1.5,False,1.5
2026-08-11T01:23:29.966065+00:00,SMC,BUY,1.5,False,PER_STRATEGY_MAX_OPEN_HIT,0.0,0.0,True,1.5,False,1.5
2026-08-11T01:24:30.398495+00:00,SMC,BUY,1.5,False,PER_STRATEGY_MAX_OPEN_HIT,0.0,0.0,True,1.5,False,1.5
2026-08-11T01:25:30.841094+00:00,SMC,BUY,1.5,False,PER_STRATEGY_MAX_OPEN_HIT,0.0,0.0,True,1.5,False,1.5
2026-08-11T01:26:31.278315+00:00,SMC,BUY,1.5,False,PER_STRATEGY_MAX_OPEN_HIT,0.0,0.0,True,1.5,False,1.5
2026-08-11T01:27:31.693320+00:00,SMC,BUY,1.5,False,PER_STRATEGY_MAX_OPEN_HIT,0.0,0.0,True,1.5,False,1.5
2026-08-11T01:28:32.178751+00:00,SMC,BUY,1.5,False,PER_STRATEGY_MAX_OPEN_HIT,0.0,0.0,True,1.5,False,1.5
2026-08-11T01:29:32.602050+00:00,SMC,BUY,1.5,False,PER_STRATEGY_MAX_OPEN_HIT,0.0,0.0,True,1.5,False,1.5
2026-08-11T01:30:33.060732+00:00,SMC,BUY,1.5,False,PER_STRATEGY_MAX_OPEN_HIT,0.0,0.0,True,1.5,False,1.5
2026-08-11T01:31:33.546384+00:00,SMC,BUY,1.5,False,PER_STRATEGY_MAX_OPEN_HIT,0.0,0.0,True,1.5,False,1.5
2026-08-11T01:32:33.956303+00:00,SMC,BUY,1.5,False,PER_STRATEGY_MAX_OPEN_HIT,0.0,0.0,True,1.5,False,1.5
2026-08-11T01:33:34.448335+00:00,SMC,BUY,1.5,False,PER_STRATEGY_MAX_OPEN_HIT,0.0,0.0,True,1.5,False,1.5
2026-08-11T01:34:34.904765+00:00,SMC,BUY,1.5,False,PER_STRATEGY_MAX_OPEN_HIT,0.0,0.0,True,1.5,False,1.5
2026-08-11T01:35:35.326939+00:00,SMC,BUY,1.35,False,PER_STRATEGY_MAX_OPEN_HIT,0.0,0.0,True,1.35,False,1.35
2026-08-11T01:36:35.800234+00:00,SMC,BUY,1.5,False,PER_STRATEGY_MAX_OPEN_HIT,0.0,0.0,True,1.5,False,1.5
2026-08-11T01:37:36.329682+00:00,SMC,BUY,1.5,False,PER_STRATEGY_MAX_OPEN_HIT,0.0,0.0,True,1.5,False,1.5
2026-08-11T01:38:36.789091+00:00,SMC,BUY,1.5,False,PER_STRATEGY_MAX_OPEN_HIT,0.0,0.0,True,1.5,False,1.5
2026-08-11T01:39:37.224810+00:00,SMC,BUY,1.35,False,PER_STRATEGY_MAX_OPEN_HIT,0.0,0.0,True,1.35,False,1.35
2026-08-11T01:40:37.623332+00:00,SMC,BUY,1.5,False,PER_STRATEGY_MAX_OPEN_HIT,0.0,0.0,True,1.5,False,1.5
2026-08-11T01:41:38.072595+00:00,SMC,BUY,1.5,False,PER_STRATEGY_MAX_OPEN_HIT,0.0,0.0,True,1.5,False,1.5
2026-08-11T01:42:38.481269+00:00,SMC,BUY,1.35,False,PER_STRATEGY_MAX_OPEN_HIT,0.0,0.0,True,1.35,False,1.35
2026-08-11T01:43:38.959773+00:00,SMC,BUY,1.35,False,PER_STRATEGY_MAX_OPEN_HIT,0.0,0.0,True,1.35,False,1.35
2026-08-11T01:44:39.376019+00:00,SMC,BUY,1.5,False,PER_STRATEGY_MAX_OPEN_HIT,0.0,0.0,True,1.5,False,1.5
2026-08-11T01:45:39.770687+00:00,SMC,BUY,1.5,False,PER_STRATEGY_MAX_OPEN_HIT,0.0,0.0,True,1.5,False,1.5
2026-08-11T01:47:40.262899+00:00,SMC,BUY,1.5,False,PER_STRATEGY_MAX_OPEN_HIT,0.0,0.0,True,1.5,False,1.5
2026-08-11T01:48:40.692280+00:00,SMC,BUY,1.35,False,PER_STRATEGY_MAX_OPEN_HIT,0.0,0.0,True,1.35,False,1.35
2026-08-11T01:49:41.106009+00:00,SMC,BUY,1.5,False,PER_STRATEGY_MAX_OPEN_HIT,0.0,0.0,True,1.5,False,1.5
2026-08-11T01:50:41.571070+00:00,SMC,BUY,1.5,False,PER_STRATEGY_MAX_OPEN_HIT,0.0,0.0,True,1.5,False,1.5
2026-08-11T01:51:41.970740+00:00,SMC,BUY,1.5,False,PER_STRATEGY_MAX_OPEN_HIT,0.0,0.0,True,1.5,False,1.5
2026-08-11T01:52:42.508708+00:00,SMC,BUY,1.5,False,PER_STRATEGY_MAX_OPEN_HIT,0.0,0.0,True,1.5,False,1.5
2026-08-11T01:53:42.994240+00:00,SMC,BUY,1.35,False,PER_STRATEGY_MAX_OPEN_HIT,0.0,0.0,True,1.35,False,1.35
2026-08-11T01:54:43.431420+00:00,SMC,BUY,1.5,False,PER_STRATEGY_MAX_OPEN_HIT,0.0,0.0,True,1.5,False,1.5
2026-08-11T01:55:43.921703+00:00,SMC,BUY,1.5,False,PER_STRATEGY_MAX_OPEN_HIT,0.0,0.0,True,1.5,False,1.5
2026-08-11T01:56:44.348805+00:00,SMC,BUY,1.5,False,PER_STRATEGY_MAX_OPEN_HIT,0.0,0.0,True,1.5,False,1.5
2026-08-11T01:57:44.811354+00:00,SMC,BUY,1.5,False,PER_STRATEGY_MAX_OPEN_HIT,0.0,0.0,True,1.5,False,1.5
2026-08-11T01:58:45.179016+00:00,SMC,BUY,1.5,False,PER_STRATEGY_MAX_OPEN_HIT,0.0,0.0,True,1.5,False,1.5
2026-08-11T01:59:45.603363+00:00,SMC,BUY,1.5,False,PER_STRATEGY_MAX_OPEN_HIT,0.0,0.0,True,1.5,False,1.5
2026-08-11T02:00:46.082495+00:00,SMC,BUY,1.5,False,PER_STRATEGY_MAX_OPEN_HIT,0.0,0.0,True,1.5,False,1.5
2026-08-11T02:01:46.779191+00:00,SMC,BUY,1.5,False,PER_STRATEGY_MAX_OPEN_HIT,0.0,0.0,True,1.5,False,1.5
2026-08-11T02:02:47.429711+00:00,SMC,BUY,1.5,False,PER_STRATEGY_MAX_OPEN_HIT,0.0,0.0,True,1.5,False,1.5
2026-08-11T02:03:47.885507+00:00,SMC,BUY,1.35,False,PER_STRATEGY_MAX_OPEN_HIT,0.0,0.0,True,1.35,False,1.35
2026-08-11T02:04:48.331988+00:00,SMC,BUY,1.5,False,PER_STRATEGY_MAX_OPEN_HIT,0.0,0.0,True,1.5,False,1.5
2026-08-11T02:05:48.711348+00:00,SMC,BUY,1.5,False,PER_STRATEGY_MAX_OPEN_HIT,0.0,0.0,True,1.5,False,1.5
2026-08-11T02:06:49.103871+00:00,SMC,BUY,1.5,False,PER_STRATEGY_MAX_OPEN_HIT,0.0,0.0,True,1.5,False,1.5
2026-08-11T02:07:49.563273+00:00,SMC,BUY,1.5,False,PER_STRATEGY_MAX_OPEN_HIT,0.0,0.0,True,1.5,False,1.5
2026-08-11T02:08:52.224592+00:00,SMC,BUY,1.35,False,PER_STRATEGY_MAX_OPEN_HIT,0.0,0.0,True,1.35,False,1.35
2026-08-11T02:09:53.000268+00:00,SMC,BUY,1.35,False,PER_STRATEGY_MAX_OPEN_HIT,0.0,0.0,True,1.35,False,1.35
2026-08-11T02:10:53.394471+00:00,SMC,BUY,1.35,False,PER_STRATEGY_MAX_OPEN_HIT,0.0,0.0,True,1.35,False,1.35
2026-08-11T02:11:53.804388+00:00,SMC,BUY,1.35,False,PER_STRATEGY_MAX_OPEN_HIT,0.0,0.0,True,1.35,False,1.35
2026-08-11T02:12:54.275502+00:00,SMC,BUY,1.5,False,PER_STRATEGY_MAX_OPEN_HIT,0.0,0.0,True,1.5,False,1.5
2026-08-11T02:13:54.687485+00:00,SMC,BUY,1.35,False,PER_STRATEGY_MAX_OPEN_HIT,0.0,0.0,True,1.35,False,1.35
2026-08-11T02:14:55.113687+00:00,SMC,BUY,1.5,False,PER_STRATEGY_MAX_OPEN_HIT,0.0,0.0,True,1.5,False,1.5
2026-08-11T02:15:55.593941+00:00,SMC,BUY,1.5,False,PER_STRATEGY_MAX_OPEN_HIT,0.0,0.0,True,1.5,False,1.5
2026-08-11T02:16:55.959237+00:00,SMC,BUY,1.5,False,PER_STRATEGY_MAX_OPEN_HIT,0.0,0.0,True,1.5,False,1.5
2026-08-11T02:17:56.418136+00:00,SMC,BUY,1.5,False,PER_STRATEGY_MAX_OPEN_HIT,0.0,0.0,True,1.5,False,1.5
2026-08-11T02:18:56.809901+00:00,SMC,BUY,1.5,False,PER_STRATEGY_MAX_OPEN_HIT,0.0,0.0,True,1.5,False,1.5
2026-08-11T02:19:57.198805+00:00,SMC,BUY,1.5,False,PER_STRATEGY_MAX_OPEN_HIT,0.0,0.0,True,1.5,False,1.5
2026-08-11T02:30:57.738286+00:00,SMC,BUY,1.5,False,PER_STRATEGY_MAX_OPEN_HIT,0.0,0.0,True,1.5,False,1.5
2026-08-11T02:31:58.142475+00:00,SMC,BUY,1.35,False,PER_STRATEGY_MAX_OPEN_HIT,0.0,0.0,True,1.35,False,1.35
2026-08-11T02:32:58.569924+00:00,SMC,BUY,1.35,False,PER_STRATEGY_MAX_OPEN_HIT,0.0,0.0,True,1.35,False,1.35
2026-08-11T02:33:58.971516+00:00,SMC,BUY,1.5,False,PER_STRATEGY_MAX_OPEN_HIT,0.0,0.0,True,1.5,False,1.5
2026-08-11T02:34:59.358506+00:00,SMC,BUY,1.5,False,PER_STRATEGY_MAX_OPEN_HIT,0.0,0.0,True,1.5,False,1.5
2026-08-11T02:35:59.806425+00:00,SMC,BUY,1.5,False,PER_STRATEGY_MAX_OPEN_HIT,0.0,0.0,True,1.5,False,1.5
2026-08-11T02:37:00.284756+00:00,SMC,BUY,1.5,False,PER_STRATEGY_MAX_OPEN_HIT,0.0,0.0,True,1.5,False,1.5
2026-08-11T02:38:00.663251+00:00,SMC,BUY,1.5,False,PER_STRATEGY_MAX_OPEN_HIT,0.0,0.0,True,1.5,False,1.5
2026-08-11T02:41:01.186343+00:00,SMC,BUY,1.5,False,PER_STRATEGY_MAX_OPEN_HIT,0.0,0.0,True,1.5,False,1.5
2026-08-11T02:42:01.581061+00:00,SMC,BUY,1.5,False,PER_STRATEGY_MAX_OPEN_HIT,0.0,0.0,True,1.5,False,1.5
2026-08-11T02:43:02.034224+00:00,SMC,BUY,1.5,False,PER_STRATEGY_MAX_OPEN_HIT,0.0,0.0,True,1.5,False,1.5
2026-08-11T02:44:02.541034+00:00,SMC,BUY,1.5,False,PER_STRATEGY_MAX_OPEN_HIT,0.0,0.0,True,1.5,False,1.5
2026-08-11T02:45:02.981431+00:00,SMC,BUY,1.5,False,PER_STRATEGY_MAX_OPEN_HIT,0.0,0.0,True,1.5,False,1.5
2026-08-11T02:46:03.477500+00:00,SMC,BUY,1.5,False,PER_STRATEGY_MAX_OPEN_HIT,0.0,0.0,True,1.5,False,1.5
2026-08-11T02:50:03.862262+00:00,SMC,BUY,1.5,False,PER_STRATEGY_MAX_OPEN_HIT,0.0,0.0,True,1.5,False,1.5
2026-08-11T02:52:04.340367+00:00,MICRO,SELL,1.35,False,PER_STRATEGY_MAX_OPEN_HIT,0.0,0.0,True,1.35,False,1.35
2026-08-11T02:54:06.116643+00:00,MICRO,SELL,1.35,False,PER_STRATEGY_MAX_OPEN_HIT,0.0,0.0,True,1.35,False,1.35
2026-08-11T03:19:18.875922+00:00,MICRO,BUY,1.35,False,PER_STRATEGY_MAX_OPEN_HIT,0.0,0.0,True,1.35,False,1.35
2026-08-11T03:20:19.351255+00:00,MICRO,BUY,1.35,False,PER_STRATEGY_MAX_OPEN_HIT,0.0,0.0,True,1.35,False,1.35
2026-08-11T03:27:23.583038+00:00,MICRO,BUY,1.35,False,PER_STRATEGY_MAX_OPEN_HIT,0.0,0.0,True,1.35,False,1.35
2026-08-11T03:28:24.092408+00:00,MICRO,BUY,1.35,False,PER_STRATEGY_MAX_OPEN_HIT,0.0,0.0,True,1.35,False,1.35
2026-08-11T03:29:24.618281+00:00,MICRO,BUY,1.35,False,PER_STRATEGY_MAX_OPEN_HIT,0.0,0.0,True,1.35,False,1.35
2026-08-11T03:43:30.712927+00:00,MICRO,SELL,1.35,False,PER_STRATEGY_MAX_OPEN_HIT,0.0,0.0,True,1.35,False,1.35
2026-08-11T03:53:35.868102+00:00,MICRO,BUY,1.35,False,PER_STRATEGY_MAX_OPEN_HIT,0.0,0.0,True,1.35,False,1.35
2026-08-11T04:00:39.432678+00:00,SMC,BUY,1.5,False,PER_STRATEGY_MAX_OPEN_HIT,0.0,0.0,True,1.5,False,1.5
2026-08-11T04:01:39.907593+00:00,MICRO,BUY,1.35,False,PER_STRATEGY_MAX_OPEN_HIT,0.0,0.0,True,1.35,False,1.35
2026-08-11T04:02:40.507243+00:00,MICRO,BUY,1.35,False,PER_STRATEGY_MAX_OPEN_HIT,0.0,0.0,True,1.35,False,1.35
2026-08-11T04:08:43.613377+00:00,MICRO,SELL,1.35,False,PER_STRATEGY_MAX_OPEN_HIT,0.0,0.0,True,1.35,False,1.35
2026-08-11T04:09:44.296355+00:00,MICRO,SELL,1.35,False,PER_STRATEGY_MAX_OPEN_HIT,0.0,0.0,True,1.35,False,1.35
2026-08-11T04:10:44.769471+00:00,MICRO,SELL,1.35,False,PER_STRATEGY_MAX_OPEN_HIT,0.0,0.0,True,1.35,False,1.35
2026-08-11T04:12:46.075908+00:00,MICRO,SELL,1.35,False,PER_STRATEGY_MAX_OPEN_HIT,0.0,0.0,True,1.35,False,1.35
2026-08-11T04:20:50.073183+00:00,MICRO,SELL,1.35,False,PER_STRATEGY_MAX_OPEN_HIT,0.0,0.0,True,1.35,False,1.35
2026-08-11T04:43:01.705225+00:00,MICRO,SELL,1.35,False,PER_STRATEGY_MAX_OPEN_HIT,0.0,0.0,True,1.35,False,1.35
2026-08-11T04:44:02.186718+00:00,MICRO,SELL,1.35,False,PER_STRATEGY_MAX_OPEN_HIT,0.0,0.0,True,1.35,False,1.35
2026-08-11T04:50:05.405912+00:00,MICRO,SELL,1.35,False,PER_STRATEGY_MAX_OPEN_HIT,0.0,0.0,True,1.35,False,1.35
2026-08-11T04:56:08.537032+00:00,MICRO,SELL,1.35,False,PER_STRATEGY_MAX_OPEN_HIT,0.0,0.0,True,1.35,False,1.35
2026-08-11T05:06:13.687508+00:00,MICRO,SELL,1.35,False,PER_STRATEGY_MAX_OPEN_HIT,0.0,0.0,True,1.35,False,1.35
2026-08-11T05:07:14.178733+00:00,MICRO,SELL,1.35,False,PER_STRATEGY_MAX_OPEN_HIT,0.0,0.0,True,1.35,False,1.35
2026-08-11T05:12:16.755269+00:00,MICRO,SELL,1.35,False,PER_STRATEGY_MAX_OPEN_HIT,0.0,0.0,True,1.35,False,1.35
2026-08-11T05:18:20.174975+00:00,MICRO,SELL,1.35,False,PER_STRATEGY_MAX_OPEN_HIT,0.0,0.0,True,1.35,False,1.35
2026-08-11T05:19:20.663531+00:00,MICRO,SELL,1.35,False,PER_STRATEGY_MAX_OPEN_HIT,0.0,0.0,True,1.35,False,1.35
2026-08-11T05:21:21.964181+00:00,MICRO,SELL,1.35,False,PER_STRATEGY_MAX_OPEN_HIT,0.0,0.0,True,1.35,False,1.35
2026-08-11T05:26:24.913261+00:00,MICRO,SELL,1.35,False,PER_STRATEGY_MAX_OPEN_HIT,0.0,0.0,True,1.35,False,1.35
2026-08-11T05:27:25.417243+00:00,MICRO,SELL,1.35,False,PER_STRATEGY_MAX_OPEN_HIT,0.0,0.0,True,1.35,False,1.35
2026-08-11T05:28:25.989190+00:00,MICRO,SELL,1.35,False,PER_STRATEGY_MAX_OPEN_HIT,0.0,0.0,True,1.35,False,1.35
2026-08-11T05:29:26.450082+00:00,MICRO,SELL,1.35,False,PER_STRATEGY_MAX_OPEN_HIT,0.0,0.0,True,1.35,False,1.35
2026-08-11T05:30:26.960340+00:00,MICRO,SELL,1.35,True,,0.75,0.07,True,1.35,True,0.6
2026-08-11T05:31:27.548408+00:00,MICRO,SELL,1.35,True,,0.75,0.07,True,1.35,True,0.6
2026-08-11T05:33:29.376189+00:00,MICRO,SELL,1.35,False,PER_STRATEGY_MAX_OPEN_HIT,0.0,0.0,True,1.35,False,1.35
2026-08-11T05:40:33.000500+00:00,SMC,BUY,1.35,True,,0.75,0.07,True,1.35,True,0.6
2026-08-11T05:42:34.124536+00:00,MICRO,SELL,1.35,False,PER_STRATEGY_MAX_OPEN_HIT,0.0,0.0,True,1.35,False,1.35
2026-08-11T05:43:34.696824+00:00,MICRO,SELL,1.35,False,PER_STRATEGY_MAX_OPEN_HIT,0.0,0.0,True,1.35,False,1.35
2026-08-11T05:46:36.219632+00:00,MICRO,SELL,1.35,False,PER_STRATEGY_MAX_OPEN_HIT,0.0,0.0,True,1.35,False,1.35
2026-08-11T05:50:38.513050+00:00,MICRO,SELL,1.35,False,PER_STRATEGY_MAX_OPEN_HIT,0.0,0.0,True,1.35,False,1.35
2026-08-11T05:51:39.077997+00:00,MICRO,SELL,1.35,False,PER_STRATEGY_MAX_OPEN_HIT,0.0,0.0,True,1.35,False,1.35
2026-08-11T06:13:45.863758+00:00,SMC,BUY,1.5,True,,0.75,0.07,True,1.5,True,0.75
2026-08-11T06:14:46.416800+00:00,SMC,BUY,1.35,True,,0.75,0.07,True,1.35,True,0.6
2026-08-11T06:14:46.443460+00:00,MICRO,SELL,1.35,False,PER_STRATEGY_MAX_OPEN_HIT,0.0,0.0,True,1.35,False,1.35
2026-08-11T06:15:46.986622+00:00,SMC,BUY,1.5,True,,0.75,0.07,True,1.5,True,0.75
2026-08-11T06:16:47.486468+00:00,SMC,BUY,1.35,True,,0.75,0.07,True,1.35,True,0.6
2026-08-11T06:17:48.207021+00:00,SMC,BUY,1.5,True,,0.75,0.07,True,1.5,True,0.75
2026-08-11T06:18:48.714645+00:00,SMC,BUY,1.35,True,,0.75,0.07,True,1.35,True,0.6
2026-08-11T06:28:54.544144+00:00,MICRO,SELL,1.35,False,PER_STRATEGY_MAX_OPEN_HIT,0.0,0.0,True,1.35,False,1.35
2026-08-11T06:29:55.239860+00:00,MICRO,SELL,1.35,False,PER_STRATEGY_MAX_OPEN_HIT,0.0,0.0,True,1.35,False,1.35
2026-08-11T07:15:19.345739+00:00,SMC,BUY,1.5,True,,0.75,0.07,True,1.5,True,0.75
2026-08-11T07:52:39.977989+00:00,MICRO,BUY,1.35,False,PER_STRATEGY_MAX_OPEN_HIT,0.0,0.0,True,1.35,False,1.35
2026-08-11T10:00:42.170934+00:00,MICRO,BUY,1.35,True,,0.75,0.07,True,1.35,True,0.6
2026-08-11T10:24:55.558747+00:00,SMC,BUY,1.5,True,,0.75,0.07,True,1.5,True,0.75
2026-08-11T10:28:58.332201+00:00,SMC,BUY,1.5,False,PER_STRATEGY_MAX_OPEN_HIT,0.0,0.0,True,1.5,False,1.5
2026-08-11T10:29:58.976132+00:00,SMC,BUY,1.5,False,PER_STRATEGY_MAX_OPEN_HIT,0.0,0.0,True,1.5,False,1.5
2026-08-11T10:30:59.398288+00:00,SMC,BUY,1.5,False,PER_STRATEGY_MAX_OPEN_HIT,0.0,0.0,True,1.5,False,1.5
2026-08-11T10:31:59.848753+00:00,SMC,BUY,1.5,False,PER_STRATEGY_MAX_OPEN_HIT,0.0,0.0,True,1.5,False,1.5
2026-08-11T10:33:00.386881+00:00,SMC,BUY,1.5,False,PER_STRATEGY_MAX_OPEN_HIT,0.0,0.0,True,1.5,False,1.5
2026-08-11T10:34:00.854707+00:00,SMC,BUY,1.5,False,PER_STRATEGY_MAX_OPEN_HIT,0.0,0.0,True,1.5,False,1.5
2026-08-11T10:35:01.261908+00:00,SMC,BUY,1.5,False,PER_STRATEGY_MAX_OPEN_HIT,0.0,0.0,True,1.5,False,1.5
2026-08-11T10:36:01.697844+00:00,SMC,BUY,1.5,False,PER_STRATEGY_MAX_OPEN_HIT,0.0,0.0,True,1.5,False,1.5
2026-08-11T10:37:02.140433+00:00,SMC,BUY,1.5,False,PER_STRATEGY_MAX_OPEN_HIT,0.0,0.0,True,1.5,False,1.5
2026-08-11T10:38:02.577117+00:00,SMC,BUY,1.5,False,PER_STRATEGY_MAX_OPEN_HIT,0.0,0.0,True,1.5,False,1.5
2026-08-11T10:39:03.027983+00:00,SMC,BUY,1.5,False,PER_STRATEGY_MAX_OPEN_HIT,0.0,0.0,True,1.5,False,1.5
2026-08-11T10:40:03.457374+00:00,SMC,BUY,1.5,False,PER_STRATEGY_MAX_OPEN_HIT,0.0,0.0,True,1.5,False,1.5
2026-08-11T10:41:03.863132+00:00,SMC,BUY,1.5,False,PER_STRATEGY_MAX_OPEN_HIT,0.0,0.0,True,1.5,False,1.5
2026-08-11T10:42:04.219447+00:00,SMC,BUY,1.5,False,PER_STRATEGY_MAX_OPEN_HIT,0.0,0.0,True,1.5,False,1.5
2026-08-11T10:43:04.704628+00:00,SMC,BUY,1.5,False,PER_STRATEGY_MAX_OPEN_HIT,0.0,0.0,True,1.5,False,1.5
2026-08-11T10:44:05.172133+00:00,SMC,BUY,1.5,False,PER_STRATEGY_MAX_OPEN_HIT,0.0,0.0,True,1.5,False,1.5
2026-08-11T10:45:05.596601+00:00,SMC,BUY,1.5,False,PER_STRATEGY_MAX_OPEN_HIT,0.0,0.0,True,1.5,False,1.5
2026-08-11T10:46:06.056044+00:00,SMC,BUY,1.5,False,PER_STRATEGY_MAX_OPEN_HIT,0.0,0.0,True,1.5,False,1.5
2026-08-11T10:47:06.458176+00:00,SMC,BUY,1.5,False,PER_STRATEGY_MAX_OPEN_HIT,0.0,0.0,True,1.5,False,1.5
2026-08-11T10:48:06.918743+00:00,SMC,BUY,1.5,False,PER_STRATEGY_MAX_OPEN_HIT,0.0,0.0,True,1.5,False,1.5
2026-08-11T10:49:07.355821+00:00,SMC,BUY,1.5,False,PER_STRATEGY_MAX_OPEN_HIT,0.0,0.0,True,1.5,False,1.5
2026-08-11T10:50:07.790257+00:00,SMC,BUY,1.5,False,PER_STRATEGY_MAX_OPEN_HIT,0.0,0.0,True,1.5,False,1.5
2026-08-11T10:51:08.488453+00:00,SMC,BUY,1.5,False,PER_STRATEGY_MAX_OPEN_HIT,0.0,0.0,True,1.5,False,1.5
2026-08-11T10:52:08.880073+00:00,SMC,BUY,1.5,False,PER_STRATEGY_MAX_OPEN_HIT,0.0,0.0,True,1.5,False,1.5
2026-08-11T10:53:09.370002+00:00,SMC,BUY,1.5,False,PER_STRATEGY_MAX_OPEN_HIT,0.0,0.0,True,1.5,False,1.5
2026-08-11T10:54:09.787528+00:00,SMC,BUY,1.5,False,PER_STRATEGY_MAX_OPEN_HIT,0.0,0.0,True,1.5,False,1.5
2026-08-11T11:00:13.642157+00:00,SMC,BUY,1.5,False,PER_STRATEGY_MAX_OPEN_HIT,0.0,0.0,True,1.5,False,1.5
2026-08-11T11:01:14.129189+00:00,SMC,BUY,1.5,False,PER_STRATEGY_MAX_OPEN_HIT,0.0,0.0,True,1.5,False,1.5
2026-08-11T11:02:14.522119+00:00,SMC,BUY,1.5,False,PER_STRATEGY_MAX_OPEN_HIT,0.0,0.0,True,1.5,False,1.5
2026-08-11T11:03:14.965555+00:00,SMC,BUY,1.5,False,PER_STRATEGY_MAX_OPEN_HIT,0.0,0.0,True,1.5,False,1.5
2026-08-11T11:04:15.444904+00:00,SMC,BUY,1.5,False,PER_STRATEGY_MAX_OPEN_HIT,0.0,0.0,True,1.5,False,1.5
2026-08-11T11:05:15.906695+00:00,SMC,BUY,1.5,False,PER_STRATEGY_MAX_OPEN_HIT,0.0,0.0,True,1.5,False,1.5
2026-08-11T11:06:16.334115+00:00,SMC,BUY,1.5,False,PER_STRATEGY_MAX_OPEN_HIT,0.0,0.0,True,1.5,False,1.5
2026-08-11T11:07:16.741222+00:00,SMC,BUY,1.5,False,PER_STRATEGY_MAX_OPEN_HIT,0.0,0.0,True,1.5,False,1.5
2026-08-11T11:08:17.193755+00:00,SMC,BUY,1.5,False,PER_STRATEGY_MAX_OPEN_HIT,0.0,0.0,True,1.5,False,1.5
2026-08-11T11:09:17.631863+00:00,SMC,BUY,1.5,False,PER_STRATEGY_MAX_OPEN_HIT,0.0,0.0,True,1.5,False,1.5
2026-08-11T11:10:18.069698+00:00,SMC,BUY,1.5,False,PER_STRATEGY_MAX_OPEN_HIT,0.0,0.0,True,1.5,False,1.5
2026-08-11T11:11:18.510578+00:00,SMC,BUY,1.5,False,PER_STRATEGY_MAX_OPEN_HIT,0.0,0.0,True,1.5,False,1.5
2026-08-11T11:12:19.031021+00:00,SMC,BUY,1.5,False,PER_STRATEGY_MAX_OPEN_HIT,0.0,0.0,True,1.5,False,1.5
2026-08-11T11:13:19.463267+00:00,SMC,BUY,1.5,False,PER_STRATEGY_MAX_OPEN_HIT,0.0,0.0,True,1.5,False,1.5
2026-08-11T11:14:19.855130+00:00,SMC,BUY,1.5,False,PER_STRATEGY_MAX_OPEN_HIT,0.0,0.0,True,1.5,False,1.5
2026-08-11T11:15:20.283184+00:00,SMC,BUY,1.5,False,PER_STRATEGY_MAX_OPEN_HIT,0.0,0.0,True,1.5,False,1.5
2026-08-11T11:16:20.688619+00:00,SMC,BUY,1.5,False,PER_STRATEGY_MAX_OPEN_HIT,0.0,0.0,True,1.5,False,1.5
2026-08-11T11:17:21.115219+00:00,SMC,BUY,1.5,False,PER_STRATEGY_MAX_OPEN_HIT,0.0,0.0,True,1.5,False,1.5
2026-08-11T11:18:21.550509+00:00,SMC,BUY,1.5,False,PER_STRATEGY_MAX_OPEN_HIT,0.0,0.0,True,1.5,False,1.5
2026-08-11T11:19:22.073011+00:00,SMC,BUY,1.5,False,PER_STRATEGY_MAX_OPEN_HIT,0.0,0.0,True,1.5,False,1.5
2026-08-11T11:20:23.523985+00:00,SMC,BUY,1.5,False,PER_STRATEGY_MAX_OPEN_HIT,0.0,0.0,True,1.5,False,1.5
2026-08-11T11:21:24.942437+00:00,SMC,BUY,1.5,False,PER_STRATEGY_MAX_OPEN_HIT,0.0,0.0,True,1.5,False,1.5
2026-08-11T11:22:25.343243+00:00,SMC,BUY,1.5,False,PER_STRATEGY_MAX_OPEN_HIT,0.0,0.0,True,1.5,False,1.5
2026-08-11T11:23:25.797267+00:00,SMC,BUY,1.5,False,PER_STRATEGY_MAX_OPEN_HIT,0.0,0.0,True,1.5,False,1.5
2026-08-11T11:24:26.240569+00:00,SMC,BUY,1.5,False,PER_STRATEGY_MAX_OPEN_HIT,0.0,0.0,True,1.5,False,1.5
2026-08-11T11:25:26.668184+00:00,SMC,BUY,1.5,False,PER_STRATEGY_MAX_OPEN_HIT,0.0,0.0,True,1.5,False,1.5
2026-08-11T11:26:27.121155+00:00,SMC,BUY,1.5,False,PER_STRATEGY_MAX_OPEN_HIT,0.0,0.0,True,1.5,False,1.5
2026-08-11T11:27:27.514847+00:00,SMC,BUY,1.5,False,PER_STRATEGY_MAX_OPEN_HIT,0.0,0.0,True,1.5,False,1.5
2026-08-11T11:28:27.952539+00:00,SMC,BUY,1.5,False,PER_STRATEGY_MAX_OPEN_HIT,0.0,0.0,True,1.5,False,1.5
2026-08-11T11:29:28.482775+00:00,SMC,BUY,1.5,False,PER_STRATEGY_MAX_OPEN_HIT,0.0,0.0,True,1.5,False,1.5
2026-08-11T11:35:31.538067+00:00,SMC,BUY,1.5,False,PER_STRATEGY_MAX_OPEN_HIT,0.0,0.0,True,1.5,False,1.5
2026-08-11T11:36:31.978020+00:00,SMC,BUY,1.5,False,PER_STRATEGY_MAX_OPEN_HIT,0.0,0.0,True,1.5,False,1.5
2026-08-11T11:37:32.379579+00:00,SMC,BUY,1.5,False,PER_STRATEGY_MAX_OPEN_HIT,0.0,0.0,True,1.5,False,1.5
2026-08-11T12:08:48.183810+00:00,SMC,BUY,1.5,False,PER_STRATEGY_MAX_OPEN_HIT,0.0,0.0,True,1.5,False,1.5
2026-08-11T12:09:48.607498+00:00,SMC,BUY,1.5,False,PER_STRATEGY_MAX_OPEN_HIT,0.0,0.0,True,1.5,False,1.5
2026-08-11T12:10:48.996539+00:00,SMC,BUY,1.5,False,PER_STRATEGY_MAX_OPEN_HIT,0.0,0.0,True,1.5,False,1.5
2026-08-11T12:13:50.413540+00:00,SMC,BUY,1.5,False,PER_STRATEGY_MAX_OPEN_HIT,0.0,0.0,True,1.5,False,1.5
2026-08-11T12:14:50.819022+00:00,SMC,BUY,1.5,False,PER_STRATEGY_MAX_OPEN_HIT,0.0,0.0,True,1.5,False,1.5
2026-08-11T12:15:51.225617+00:00,SMC,BUY,1.5,False,PER_STRATEGY_MAX_OPEN_HIT,0.0,0.0,True,1.5,False,1.5
2026-08-11T12:16:51.669071+00:00,SMC,BUY,1.5,False,PER_STRATEGY_MAX_OPEN_HIT,0.0,0.0,True,1.5,False,1.5
2026-08-11T12:17:52.100735+00:00,SMC,BUY,1.5,False,PER_STRATEGY_MAX_OPEN_HIT,0.0,0.0,True,1.5,False,1.5
2026-08-11T12:18:52.557959+00:00,SMC,BUY,1.5,False,PER_STRATEGY_MAX_OPEN_HIT,0.0,0.0,True,1.5,False,1.5
2026-08-11T12:19:52.975867+00:00,SMC,BUY,1.5,False,PER_STRATEGY_MAX_OPEN_HIT,0.0,0.0,True,1.5,False,1.5
2026-08-11T12:20:53.415605+00:00,SMC,BUY,1.5,False,PER_STRATEGY_MAX_OPEN_HIT,0.0,0.0,True,1.5,False,1.5
2026-08-11T12:22:54.482545+00:00,SMC,BUY,1.5,False,PER_STRATEGY_MAX_OPEN_HIT,0.0,0.0,True,1.5,False,1.5
2026-08-11T12:45:03.600410+00:00,SMC,BUY,1.5,False,PER_STRATEGY_MAX_OPEN_HIT,0.0,0.0,True,1.5,False,1.5
2026-08-11T12:46:04.043581+00:00,SMC,BUY,1.5,False,PER_STRATEGY_MAX_OPEN_HIT,0.0,0.0,True,1.5,False,1.5
2026-08-11T13:53:33.869384+00:00,MICRO,SELL,1.35,True,,0.75,0.07,True,1.35,True,0.6
2026-08-11T13:54:34.433434+00:00,MICRO,SELL,1.35,True,,0.75,0.07,True,1.35,True,0.6
2026-08-11T14:03:38.867394+00:00,MICRO,SELL,1.35,True,,0.75,0.07,True,1.35,True,0.6
2026-08-11T14:04:39.419031+00:00,MICRO,SELL,1.35,True,,0.75,0.07,True,1.35,True,0.6
2026-08-11T14:42:51.358103+00:00,MICRO,BUY,1.35,True,,0.75,0.07,True,1.35,True,0.6
2026-08-11T15:09:00.111179+00:00,MICRO,SELL,1.35,False,PER_STRATEGY_MAX_OPEN_HIT,0.0,0.0,True,1.35,False,1.35
2026-08-11T15:17:02.437536+00:00,MICRO,SELL,1.35,False,PER_STRATEGY_MAX_OPEN_HIT,0.0,0.0,True,1.35,False,1.35
2026-08-11T15:18:02.970093+00:00,MICRO,SELL,1.35,False,PER_STRATEGY_MAX_OPEN_HIT,0.0,0.0,True,1.35,False,1.35
2026-08-11T15:19:03.567737+00:00,MICRO,SELL,1.35,False,PER_STRATEGY_MAX_OPEN_HIT,0.0,0.0,True,1.35,False,1.35
2026-08-11T15:39:15.264586+00:00,MICRO,SELL,1.35,False,PER_STRATEGY_MAX_OPEN_HIT,0.0,0.0,True,1.35,False,1.35
2026-08-11T15:47:19.831188+00:00,MICRO,BUY,1.35,False,PER_STRATEGY_MAX_OPEN_HIT,0.0,0.0,True,1.35,False,1.35
2026-08-11T15:57:25.054400+00:00,MICRO,BUY,1.35,False,PER_STRATEGY_MAX_OPEN_HIT,0.0,0.0,True,1.35,False,1.35
2026-08-11T15:59:26.087069+00:00,MICRO,BUY,1.35,False,PER_STRATEGY_MAX_OPEN_HIT,0.0,0.0,True,1.35,False,1.35
2026-08-11T16:22:38.018424+00:00,MICRO,BUY,1.35,False,PER_STRATEGY_MAX_OPEN_HIT,0.0,0.0,True,1.35,False,1.35
2026-08-11T16:23:38.513280+00:00,MICRO,BUY,1.35,False,PER_STRATEGY_MAX_OPEN_HIT,0.0,0.0,True,1.35,False,1.35
2026-08-11T16:28:41.067922+00:00,MICRO,BUY,1.35,False,PER_STRATEGY_MAX_OPEN_HIT,0.0,0.0,True,1.35,False,1.35
2026-08-11T16:32:43.100267+00:00,MICRO,SELL,1.35,False,PER_STRATEGY_MAX_OPEN_HIT,0.0,0.0,True,1.35,False,1.35
2026-08-11T16:35:44.587559+00:00,MICRO,BUY,1.35,False,PER_STRATEGY_MAX_OPEN_HIT,0.0,0.0,True,1.35,False,1.35
2026-08-11T16:36:45.145236+00:00,MICRO,BUY,1.35,False,PER_STRATEGY_MAX_OPEN_HIT,0.0,0.0,True,1.35,False,1.35
2026-08-11T16:47:49.172738+00:00,MICRO,SELL,1.35,False,PER_STRATEGY_MAX_OPEN_HIT,0.0,0.0,True,1.35,False,1.35
2026-08-11T16:50:50.667152+00:00,MICRO,SELL,1.35,False,PER_STRATEGY_MAX_OPEN_HIT,0.0,0.0,True,1.35,False,1.35
2026-08-11T16:51:51.207263+00:00,MICRO,SELL,1.35,False,PER_STRATEGY_MAX_OPEN_HIT,0.0,0.0,True,1.35,False,1.35
2026-08-11T17:17:00.104891+00:00,MICRO,SELL,1.35,False,PER_STRATEGY_MAX_OPEN_HIT,0.0,0.0,True,1.35,False,1.35
2026-08-11T17:21:02.148419+00:00,MICRO,BUY,1.35,False,PER_STRATEGY_MAX_OPEN_HIT,0.0,0.0,True,1.35,False,1.35
2026-08-11T17:42:14.447585+00:00,MICRO,BUY,1.35,False,PER_STRATEGY_MAX_OPEN_HIT,0.0,0.0,True,1.35,False,1.35
2026-08-11T17:57:21.996721+00:00,MICRO,SELL,1.35,False,PER_STRATEGY_MAX_OPEN_HIT,0.0,0.0,True,1.35,False,1.35
2026-08-11T18:00:23.538901+00:00,MICRO,SELL,1.35,False,PER_STRATEGY_MAX_OPEN_HIT,0.0,0.0,True,1.35,False,1.35
2026-08-11T18:01:24.092398+00:00,MICRO,SELL,1.35,False,PER_STRATEGY_MAX_OPEN_HIT,0.0,0.0,True,1.35,False,1.35
2026-08-11T18:02:24.577454+00:00,MICRO,SELL,1.35,False,PER_STRATEGY_MAX_OPEN_HIT,0.0,0.0,True,1.35,False,1.35
2026-08-11T18:03:25.167393+00:00,MICRO,SELL,1.35,True,,0.75,0.07,True,1.35,True,0.6
2026-08-11T18:09:28.770298+00:00,MICRO,SELL,1.35,False,PER_STRATEGY_MAX_OPEN_HIT,0.0,0.0,True,1.35,False,1.35
2026-08-11T18:15:31.857479+00:00,MICRO,BUY,1.35,False,PER_STRATEGY_MAX_OPEN_HIT,0.0,0.0,True,1.35,False,1.35
2026-08-11T18:17:32.997400+00:00,MICRO,BUY,1.35,False,PER_STRATEGY_MAX_OPEN_HIT,0.0,0.0,True,1.35,False,1.35
2026-08-11T18:18:33.474956+00:00,MICRO,BUY,1.35,False,PER_STRATEGY_MAX_OPEN_HIT,0.0,0.0,True,1.35,False,1.35
2026-08-11T18:19:33.994918+00:00,MICRO,BUY,1.35,False,PER_STRATEGY_MAX_OPEN_HIT,0.0,0.0,True,1.35,False,1.35
2026-08-11T19:36:03.420902+00:00,MICRO,SELL,1.35,False,PER_STRATEGY_MAX_OPEN_HIT,0.0,0.0,True,1.35,False,1.35
2026-08-11T19:38:04.404677+00:00,MICRO,SELL,1.35,False,PER_STRATEGY_MAX_OPEN_HIT,0.0,0.0,True,1.35,False,1.35
2026-08-11T19:59:14.193831+00:00,SMC,BUY,1.5,True,,0.75,0.07,True,1.5,True,0.75
2026-08-11T22:10:14.703534+00:00,SMC,BUY,1.5,True,,0.75,0.07,True,1.5,True,0.75
2026-08-11T22:14:17.648028+00:00,SMC,BUY,1.5,False,PER_STRATEGY_MAX_OPEN_HIT,0.0,0.0,True,1.5,False,1.5
2026-08-11T22:18:19.586942+00:00,SMC,BUY,1.5,False,PER_STRATEGY_MAX_OPEN_HIT,0.0,0.0,True,1.5,False,1.5
2026-08-11T22:19:20.004567+00:00,SMC,BUY,1.5,False,PER_STRATEGY_MAX_OPEN_HIT,0.0,0.0,True,1.5,False,1.5
2026-08-11T22:20:20.413624+00:00,SMC,BUY,1.5,False,PER_STRATEGY_MAX_OPEN_HIT,0.0,0.0,True,1.5,False,1.5
2026-08-11T22:21:20.828254+00:00,SMC,BUY,1.5,False,PER_STRATEGY_MAX_OPEN_HIT,0.0,0.0,True,1.5,False,1.5
2026-08-11T22:22:21.268317+00:00,SMC,BUY,1.5,False,PER_STRATEGY_MAX_OPEN_HIT,0.0,0.0,True,1.5,False,1.5
2026-08-11T22:23:21.685283+00:00,SMC,BUY,1.5,False,PER_STRATEGY_MAX_OPEN_HIT,0.0,0.0,True,1.5,False,1.5
2026-08-11T22:24:22.108309+00:00,SMC,BUY,1.5,False,PER_STRATEGY_MAX_OPEN_HIT,0.0,0.0,True,1.5,False,1.5
2026-08-11T22:25:22.526456+00:00,SMC,BUY,1.5,False,PER_STRATEGY_MAX_OPEN_HIT,0.0,0.0,True,1.5,False,1.5
2026-08-11T22:26:22.944401+00:00,SMC,BUY,1.5,False,PER_STRATEGY_MAX_OPEN_HIT,0.0,0.0,True,1.5,False,1.5
2026-08-11T22:27:23.427690+00:00,SMC,BUY,1.5,False,PER_STRATEGY_MAX_OPEN_HIT,0.0,0.0,True,1.5,False,1.5
2026-08-11T22:28:23.971942+00:00,SMC,BUY,1.5,False,PER_STRATEGY_MAX_OPEN_HIT,0.0,0.0,True,1.5,False,1.5
2026-08-11T22:29:24.404186+00:00,SMC,BUY,1.5,False,PER_STRATEGY_MAX_OPEN_HIT,0.0,0.0,True,1.5,False,1.5
2026-08-11T22:30:24.820586+00:00,SMC,BUY,1.5,False,PER_STRATEGY_MAX_OPEN_HIT,0.0,0.0,True,1.5,False,1.5
2026-08-11T22:31:25.244715+00:00,SMC,BUY,1.5,False,PER_STRATEGY_MAX_OPEN_HIT,0.0,0.0,True,1.5,False,1.5
2026-08-11T22:32:25.690678+00:00,SMC,BUY,1.5,False,PER_STRATEGY_MAX_OPEN_HIT,0.0,0.0,True,1.5,False,1.5
2026-08-11T22:33:26.098179+00:00,SMC,BUY,1.5,False,PER_STRATEGY_MAX_OPEN_HIT,0.0,0.0,True,1.5,False,1.5
2026-08-11T22:34:26.542404+00:00,SMC,BUY,1.5,False,PER_STRATEGY_MAX_OPEN_HIT,0.0,0.0,True,1.5,False,1.5
2026-08-11T22:35:26.951644+00:00,SMC,BUY,1.5,False,PER_STRATEGY_MAX_OPEN_HIT,0.0,0.0,True,1.5,False,1.5
2026-08-11T22:36:27.391500+00:00,SMC,BUY,1.5,False,PER_STRATEGY_MAX_OPEN_HIT,0.0,0.0,True,1.5,False,1.5
2026-08-11T22:37:27.847418+00:00,SMC,BUY,1.5,False,PER_STRATEGY_MAX_OPEN_HIT,0.0,0.0,True,1.5,False,1.5
2026-08-11T22:38:28.252564+00:00,SMC,BUY,1.5,False,PER_STRATEGY_MAX_OPEN_HIT,0.0,0.0,True,1.5,False,1.5
2026-08-11T22:39:28.651406+00:00,SMC,BUY,1.5,False,PER_STRATEGY_MAX_OPEN_HIT,0.0,0.0,True,1.5,False,1.5
2026-08-11T22:40:29.070071+00:00,SMC,BUY,1.5,False,PER_STRATEGY_MAX_OPEN_HIT,0.0,0.0,True,1.5,False,1.5
2026-08-11T22:41:29.477207+00:00,SMC,BUY,1.5,False,PER_STRATEGY_MAX_OPEN_HIT,0.0,0.0,True,1.5,False,1.5
2026-08-11T22:42:29.944492+00:00,SMC,BUY,1.5,False,PER_STRATEGY_MAX_OPEN_HIT,0.0,0.0,True,1.5,False,1.5
2026-08-11T22:43:30.319415+00:00,SMC,BUY,1.5,False,PER_STRATEGY_MAX_OPEN_HIT,0.0,0.0,True,1.5,False,1.5
2026-08-11T22:44:30.734517+00:00,SMC,BUY,1.5,False,PER_STRATEGY_MAX_OPEN_HIT,0.0,0.0,True,1.5,False,1.5
2026-08-11T22:45:31.176560+00:00,SMC,BUY,1.5,False,PER_STRATEGY_MAX_OPEN_HIT,0.0,0.0,True,1.5,False,1.5
2026-08-11T22:46:31.638522+00:00,SMC,BUY,1.5,False,PER_STRATEGY_MAX_OPEN_HIT,0.0,0.0,True,1.5,False,1.5
2026-08-11T22:47:32.110224+00:00,SMC,BUY,1.5,False,PER_STRATEGY_MAX_OPEN_HIT,0.0,0.0,True,1.5,False,1.5
2026-08-11T22:48:32.520794+00:00,SMC,BUY,1.5,False,PER_STRATEGY_MAX_OPEN_HIT,0.0,0.0,True,1.5,False,1.5
2026-08-11T23:07:44.990436+00:00,MICRO,BUY,1.35,True,,0.75,0.07,True,1.35,True,0.6
2026-08-11T23:18:52.280129+00:00,MICRO,BUY,1.35,False,PER_STRATEGY_MAX_OPEN_HIT,0.0,0.0,True,1.35,False,1.35
2026-08-11T23:19:52.978262+00:00,MICRO,BUY,1.35,False,PER_STRATEGY_MAX_OPEN_HIT,0.0,0.0,True,1.35,False,1.35
2026-08-11T23:21:54.271946+00:00,MICRO,BUY,1.35,False,PER_STRATEGY_MAX_OPEN_HIT,0.0,0.0,True,1.35,False,1.35
2026-08-11T23:40:02.212825+00:00,SMC,BUY,1.5,False,PER_STRATEGY_MAX_OPEN_HIT,0.0,0.0,True,1.5,False,1.5
2026-08-11T23:41:02.683726+00:00,SMC,BUY,1.5,False,PER_STRATEGY_MAX_OPEN_HIT,0.0,0.0,True,1.5,False,1.5
2026-08-11T23:42:03.307946+00:00,SMC,BUY,1.5,False,PER_STRATEGY_MAX_OPEN_HIT,0.0,0.0,True,1.5,False,1.5
2026-08-11T23:43:03.776979+00:00,SMC,BUY,1.5,False,PER_STRATEGY_MAX_OPEN_HIT,0.0,0.0,True,1.5,False,1.5
2026-08-11T23:47:06.365225+00:00,MICRO,BUY,1.35,False,PER_STRATEGY_MAX_OPEN_HIT,0.0,0.0,True,1.35,False,1.35
2026-08-11T23:57:12.250834+00:00,MICRO,BUY,1.35,False,PER_STRATEGY_MAX_OPEN_HIT,0.0,0.0,True,1.35,False,1.35
2026-08-11T23:59:13.636849+00:00,MICRO,BUY,1.35,False,PER_STRATEGY_MAX_OPEN_HIT,0.0,0.0,True,1.35,False,1.35
2026-08-12T00:12:22.431820+00:00,MICRO,BUY,1.35,False,PER_STRATEGY_MAX_OPEN_HIT,0.0,0.0,True,1.35,False,1.35
2026-08-12T00:14:23.936131+00:00,MICRO,BUY,1.35,False,PER_STRATEGY_MAX_OPEN_HIT,0.0,0.0,True,1.35,False,1.35
2026-08-12T00:19:27.408712+00:00,SMC,BUY,1.5,False,PER_STRATEGY_MAX_OPEN_HIT,0.0,0.0,True,1.5,False,1.5
2026-08-12T00:20:28.094130+00:00,SMC,BUY,1.5,False,PER_STRATEGY_MAX_OPEN_HIT,0.0,0.0,True,1.5,False,1.5
2026-08-12T00:21:28.639354+00:00,SMC,BUY,1.5,False,PER_STRATEGY_MAX_OPEN_HIT,0.0,0.0,True,1.5,False,1.5
2026-08-12T00:22:29.146037+00:00,SMC,BUY,1.5,False,PER_STRATEGY_MAX_OPEN_HIT,0.0,0.0,True,1.5,False,1.5
2026-08-12T00:24:30.358574+00:00,SMC,BUY,1.5,False,PER_STRATEGY_MAX_OPEN_HIT,0.0,0.0,True,1.5,False,1.5
2026-08-12T00:25:30.852922+00:00,SMC,BUY,1.5,False,PER_STRATEGY_MAX_OPEN_HIT,0.0,0.0,True,1.5,False,1.5
2026-08-12T00:26:31.313998+00:00,SMC,BUY,1.5,False,PER_STRATEGY_MAX_OPEN_HIT,0.0,0.0,True,1.5,False,1.5
2026-08-12T00:27:31.969995+00:00,SMC,BUY,1.5,False,PER_STRATEGY_MAX_OPEN_HIT,0.0,0.0,True,1.5,False,1.5
2026-08-12T00:28:32.513454+00:00,SMC,BUY,1.5,False,PER_STRATEGY_MAX_OPEN_HIT,0.0,0.0,True,1.5,False,1.5
2026-08-12T00:29:32.967743+00:00,SMC,BUY,1.5,False,PER_STRATEGY_MAX_OPEN_HIT,0.0,0.0,True,1.5,False,1.5
2026-08-12T00:30:33.776673+00:00,SMC,BUY,1.5,False,PER_STRATEGY_MAX_OPEN_HIT,0.0,0.0,True,1.5,False,1.5
2026-08-12T00:32:35.010826+00:00,SMC,BUY,1.5,False,PER_STRATEGY_MAX_OPEN_HIT,0.0,0.0,True,1.5,False,1.5
2026-08-12T00:33:35.641130+00:00,SMC,BUY,1.5,False,PER_STRATEGY_MAX_OPEN_HIT,0.0,0.0,True,1.5,False,1.5
2026-08-12T00:34:36.121094+00:00,SMC,BUY,1.5,False,PER_STRATEGY_MAX_OPEN_HIT,0.0,0.0,True,1.5,False,1.5
2026-08-12T00:35:36.813822+00:00,SMC,BUY,1.5,False,PER_STRATEGY_MAX_OPEN_HIT,0.0,0.0,True,1.5,False,1.5
2026-08-12T00:36:37.283546+00:00,SMC,BUY,1.5,False,PER_STRATEGY_MAX_OPEN_HIT,0.0,0.0,True,1.5,False,1.5
2026-08-12T00:38:38.371247+00:00,SMC,BUY,1.5,False,PER_STRATEGY_MAX_OPEN_HIT,0.0,0.0,True,1.5,False,1.5
2026-08-12T00:39:38.968508+00:00,SMC,BUY,1.5,False,PER_STRATEGY_MAX_OPEN_HIT,0.0,0.0,True,1.5,False,1.5
2026-08-12T00:40:39.536895+00:00,SMC,BUY,1.5,False,PER_STRATEGY_MAX_OPEN_HIT,0.0,0.0,True,1.5,False,1.5
2026-08-12T00:41:40.137642+00:00,SMC,BUY,1.5,False,PER_STRATEGY_MAX_OPEN_HIT,0.0,0.0,True,1.5,False,1.5
2026-08-12T00:42:40.606752+00:00,SMC,BUY,1.5,False,PER_STRATEGY_MAX_OPEN_HIT,0.0,0.0,True,1.5,False,1.5
2026-08-12T00:43:41.233570+00:00,SMC,BUY,1.5,False,PER_STRATEGY_MAX_OPEN_HIT,0.0,0.0,True,1.5,False,1.5
2026-08-12T00:44:41.726872+00:00,SMC,BUY,1.5,False,PER_STRATEGY_MAX_OPEN_HIT,0.0,0.0,True,1.5,False,1.5
2026-08-12T00:45:42.255775+00:00,SMC,BUY,1.5,False,PER_STRATEGY_MAX_OPEN_HIT,0.0,0.0,True,1.5,False,1.5
2026-08-12T00:46:42.845321+00:00,SMC,BUY,1.5,False,PER_STRATEGY_MAX_OPEN_HIT,0.0,0.0,True,1.5,False,1.5
2026-08-12T00:47:43.371711+00:00,SMC,BUY,1.5,False,PER_STRATEGY_MAX_OPEN_HIT,0.0,0.0,True,1.5,False,1.5
2026-08-12T00:48:44.002484+00:00,SMC,BUY,1.5,False,PER_STRATEGY_MAX_OPEN_HIT,0.0,0.0,True,1.5,False,1.5
2026-08-12T00:49:44.509405+00:00,SMC,BUY,1.5,False,PER_STRATEGY_MAX_OPEN_HIT,0.0,0.0,True,1.5,False,1.5
2026-08-12T00:50:45.172825+00:00,SMC,BUY,1.5,False,PER_STRATEGY_MAX_OPEN_HIT,0.0,0.0,True,1.5,False,1.5
2026-08-12T00:52:46.352894+00:00,SMC,BUY,1.5,False,PER_STRATEGY_MAX_OPEN_HIT,0.0,0.0,True,1.5,False,1.5
2026-08-12T01:03:54.504772+00:00,SMC,BUY,1.5,False,PER_STRATEGY_MAX_OPEN_HIT,0.0,0.0,True,1.5,False,1.5
2026-08-12T01:05:56.399320+00:00,SMC,BUY,1.5,False,PER_STRATEGY_MAX_OPEN_HIT,0.0,0.0,True,1.5,False,1.5
2026-08-12T01:06:56.926537+00:00,SMC,BUY,1.5,False,PER_STRATEGY_MAX_OPEN_HIT,0.0,0.0,True,1.5,False,1.5
2026-08-12T01:07:57.565735+00:00,SMC,BUY,1.5,False,PER_STRATEGY_MAX_OPEN_HIT,0.0,0.0,True,1.5,False,1.5
2026-08-12T01:08:58.365837+00:00,SMC,BUY,1.5,False,PER_STRATEGY_MAX_OPEN_HIT,0.0,0.0,True,1.5,False,1.5
2026-08-12T01:09:58.969176+00:00,SMC,BUY,1.5,False,PER_STRATEGY_MAX_OPEN_HIT,0.0,0.0,True,1.5,False,1.5
2026-08-12T01:10:59.535835+00:00,SMC,BUY,1.5,False,PER_STRATEGY_MAX_OPEN_HIT,0.0,0.0,True,1.5,False,1.5
2026-08-12T01:12:00.233807+00:00,SMC,BUY,1.5,False,PER_STRATEGY_MAX_OPEN_HIT,0.0,0.0,True,1.5,False,1.5
2026-08-12T01:13:00.771624+00:00,SMC,BUY,1.5,False,PER_STRATEGY_MAX_OPEN_HIT,0.0,0.0,True,1.5,False,1.5
2026-08-12T01:14:01.389612+00:00,SMC,BUY,1.5,False,PER_STRATEGY_MAX_OPEN_HIT,0.0,0.0,True,1.5,False,1.5
2026-08-12T01:15:01.925219+00:00,SMC,BUY,1.5,False,PER_STRATEGY_MAX_OPEN_HIT,0.0,0.0,True,1.5,False,1.5
2026-08-12T01:16:02.502043+00:00,SMC,BUY,1.5,False,PER_STRATEGY_MAX_OPEN_HIT,0.0,0.0,True,1.5,False,1.5
2026-08-12T01:17:02.954308+00:00,SMC,BUY,1.5,False,PER_STRATEGY_MAX_OPEN_HIT,0.0,0.0,True,1.5,False,1.5
2026-08-12T01:18:03.467707+00:00,SMC,BUY,1.5,False,PER_STRATEGY_MAX_OPEN_HIT,0.0,0.0,True,1.5,False,1.5
2026-08-12T01:19:04.013526+00:00,SMC,BUY,1.5,False,PER_STRATEGY_MAX_OPEN_HIT,0.0,0.0,True,1.5,False,1.5
2026-08-12T01:20:04.563791+00:00,SMC,BUY,1.5,False,PER_STRATEGY_MAX_OPEN_HIT,0.0,0.0,True,1.5,False,1.5
2026-08-12T01:21:05.240012+00:00,SMC,BUY,1.5,False,PER_STRATEGY_MAX_OPEN_HIT,0.0,0.0,True,1.5,False,1.5
2026-08-12T01:22:05.729767+00:00,SMC,BUY,1.5,False,PER_STRATEGY_MAX_OPEN_HIT,0.0,0.0,True,1.5,False,1.5
2026-08-12T01:23:06.365150+00:00,SMC,BUY,1.5,False,PER_STRATEGY_MAX_OPEN_HIT,0.0,0.0,True,1.5,False,1.5
2026-08-12T01:24:06.833341+00:00,SMC,BUY,1.5,False,PER_STRATEGY_MAX_OPEN_HIT,0.0,0.0,True,1.5,False,1.5
2026-08-12T01:25:08.199977+00:00,SMC,BUY,1.5,False,PER_STRATEGY_MAX_OPEN_HIT,0.0,0.0,True,1.5,False,1.5
2026-08-12T01:26:08.717236+00:00,SMC,BUY,1.5,False,PER_STRATEGY_MAX_OPEN_HIT,0.0,0.0,True,1.5,False,1.5
2026-08-12T01:27:09.188902+00:00,SMC,BUY,1.5,False,PER_STRATEGY_MAX_OPEN_HIT,0.0,0.0,True,1.5,False,1.5
2026-08-12T01:28:09.856879+00:00,SMC,BUY,1.5,False,PER_STRATEGY_MAX_OPEN_HIT,0.0,0.0,True,1.5,False,1.5
2026-08-12T01:29:10.358049+00:00,SMC,BUY,1.5,False,PER_STRATEGY_MAX_OPEN_HIT,0.0,0.0,True,1.5,False,1.5
2026-08-12T01:30:10.993803+00:00,SMC,BUY,1.5,False,PER_STRATEGY_MAX_OPEN_HIT,0.0,0.0,True,1.5,False,1.5
2026-08-12T01:31:11.494745+00:00,SMC,BUY,1.5,False,PER_STRATEGY_MAX_OPEN_HIT,0.0,0.0,True,1.5,False,1.5
2026-08-12T01:32:12.144996+00:00,SMC,BUY,1.5,False,PER_STRATEGY_MAX_OPEN_HIT,0.0,0.0,True,1.5,False,1.5
2026-08-12T01:33:12.639831+00:00,SMC,BUY,1.5,False,PER_STRATEGY_MAX_OPEN_HIT,0.0,0.0,True,1.5,False,1.5
2026-08-12T01:34:13.151824+00:00,SMC,BUY,1.5,False,PER_STRATEGY_MAX_OPEN_HIT,0.0,0.0,True,1.5,False,1.5
2026-08-12T01:37:15.108757+00:00,SMC,BUY,1.5,False,PER_STRATEGY_MAX_OPEN_HIT,0.0,0.0,True,1.5,False,1.5
2026-08-12T01:44:18.603568+00:00,SMC,BUY,1.5,False,PER_STRATEGY_MAX_OPEN_HIT,0.0,0.0,True,1.5,False,1.5
2026-08-12T01:45:19.020057+00:00,SMC,BUY,1.5,False,PER_STRATEGY_MAX_OPEN_HIT,0.0,0.0,True,1.5,False,1.5
2026-08-12T01:47:19.955966+00:00,SMC,BUY,1.5,False,PER_STRATEGY_MAX_OPEN_HIT,0.0,0.0,True,1.5,False,1.5
2026-08-12T01:48:20.421645+00:00,SMC,BUY,1.5,False,PER_STRATEGY_MAX_OPEN_HIT,0.0,0.0,True,1.5,False,1.5
2026-08-12T01:49:20.857521+00:00,SMC,BUY,1.5,False,PER_STRATEGY_MAX_OPEN_HIT,0.0,0.0,True,1.5,False,1.5
2026-08-12T01:50:21.465034+00:00,SMC,BUY,1.5,False,PER_STRATEGY_MAX_OPEN_HIT,0.0,0.0,True,1.5,False,1.5
2026-08-12T01:51:21.919393+00:00,SMC,BUY,1.5,False,PER_STRATEGY_MAX_OPEN_HIT,0.0,0.0,True,1.5,False,1.5
2026-08-12T01:52:22.328603+00:00,SMC,BUY,1.5,False,PER_STRATEGY_MAX_OPEN_HIT,0.0,0.0,True,1.5,False,1.5
2026-08-12T01:53:22.760831+00:00,SMC,BUY,1.5,False,PER_STRATEGY_MAX_OPEN_HIT,0.0,0.0,True,1.5,False,1.5
2026-08-12T01:54:23.231132+00:00,SMC,BUY,1.5,False,PER_STRATEGY_MAX_OPEN_HIT,0.0,0.0,True,1.5,False,1.5
2026-08-12T01:55:23.704227+00:00,SMC,BUY,1.5,False,PER_STRATEGY_MAX_OPEN_HIT,0.0,0.0,True,1.5,False,1.5
2026-08-12T01:56:24.149543+00:00,SMC,BUY,1.5,False,PER_STRATEGY_MAX_OPEN_HIT,0.0,0.0,True,1.5,False,1.5
2026-08-12T01:57:24.561422+00:00,SMC,BUY,1.5,False,PER_STRATEGY_MAX_OPEN_HIT,0.0,0.0,True,1.5,False,1.5
2026-08-12T01:58:24.979389+00:00,SMC,BUY,1.5,False,PER_STRATEGY_MAX_OPEN_HIT,0.0,0.0,True,1.5,False,1.5
2026-08-12T01:59:25.421417+00:00,SMC,BUY,1.5,False,PER_STRATEGY_MAX_OPEN_HIT,0.0,0.0,True,1.5,False,1.5
2026-08-12T02:00:25.849099+00:00,SMC,BUY,1.5,False,PER_STRATEGY_MAX_OPEN_HIT,0.0,0.0,True,1.5,False,1.5
2026-08-12T02:01:26.322909+00:00,SMC,BUY,1.5,False,PER_STRATEGY_MAX_OPEN_HIT,0.0,0.0,True,1.5,False,1.5
2026-08-12T02:02:26.721181+00:00,SMC,BUY,1.5,False,PER_STRATEGY_MAX_OPEN_HIT,0.0,0.0,True,1.5,False,1.5
2026-08-12T02:03:27.165038+00:00,SMC,BUY,1.5,False,PER_STRATEGY_MAX_OPEN_HIT,0.0,0.0,True,1.5,False,1.5
2026-08-12T02:04:27.610314+00:00,SMC,BUY,1.5,False,PER_STRATEGY_MAX_OPEN_HIT,0.0,0.0,True,1.5,False,1.5
2026-08-12T02:05:28.056593+00:00,SMC,BUY,1.5,False,PER_STRATEGY_MAX_OPEN_HIT,0.0,0.0,True,1.5,False,1.5
2026-08-12T02:06:28.515339+00:00,SMC,BUY,1.5,False,PER_STRATEGY_MAX_OPEN_HIT,0.0,0.0,True,1.5,False,1.5
2026-08-12T02:07:28.896826+00:00,SMC,BUY,1.5,False,PER_STRATEGY_MAX_OPEN_HIT,0.0,0.0,True,1.5,False,1.5
2026-08-12T02:08:29.323353+00:00,SMC,BUY,1.5,False,PER_STRATEGY_MAX_OPEN_HIT,0.0,0.0,True,1.5,False,1.5
2026-08-12T02:09:29.746542+00:00,SMC,BUY,1.5,False,PER_STRATEGY_MAX_OPEN_HIT,0.0,0.0,True,1.5,False,1.5
2026-08-12T02:10:30.161691+00:00,SMC,BUY,1.5,False,PER_STRATEGY_MAX_OPEN_HIT,0.0,0.0,True,1.5,False,1.5
2026-08-12T02:11:30.620679+00:00,SMC,BUY,1.5,False,PER_STRATEGY_MAX_OPEN_HIT,0.0,0.0,True,1.5,False,1.5
2026-08-12T02:12:31.026217+00:00,SMC,BUY,1.5,False,PER_STRATEGY_MAX_OPEN_HIT,0.0,0.0,True,1.5,False,1.5
2026-08-12T02:13:31.680895+00:00,SMC,BUY,1.5,False,PER_STRATEGY_MAX_OPEN_HIT,0.0,0.0,True,1.5,False,1.5
2026-08-12T02:14:32.111624+00:00,SMC,BUY,1.5,False,PER_STRATEGY_MAX_OPEN_HIT,0.0,0.0,True,1.5,False,1.5
2026-08-12T02:15:32.538438+00:00,SMC,BUY,1.5,False,PER_STRATEGY_MAX_OPEN_HIT,0.0,0.0,True,1.5,False,1.5
2026-08-12T02:16:32.991240+00:00,SMC,BUY,1.5,False,PER_STRATEGY_MAX_OPEN_HIT,0.0,0.0,True,1.5,False,1.5
2026-08-12T02:17:33.380552+00:00,SMC,BUY,1.5,False,PER_STRATEGY_MAX_OPEN_HIT,0.0,0.0,True,1.5,False,1.5
2026-08-12T02:18:33.845460+00:00,SMC,BUY,1.5,False,PER_STRATEGY_MAX_OPEN_HIT,0.0,0.0,True,1.5,False,1.5
2026-08-12T02:19:34.272754+00:00,SMC,BUY,1.5,False,PER_STRATEGY_MAX_OPEN_HIT,0.0,0.0,True,1.5,False,1.5
2026-08-12T02:20:34.681251+00:00,SMC,BUY,1.5,False,PER_STRATEGY_MAX_OPEN_HIT,0.0,0.0,True,1.5,False,1.5
2026-08-12T02:21:35.187244+00:00,SMC,BUY,1.5,False,PER_STRATEGY_MAX_OPEN_HIT,0.0,0.0,True,1.5,False,1.5
2026-08-12T02:22:35.562569+00:00,SMC,BUY,1.5,False,PER_STRATEGY_MAX_OPEN_HIT,0.0,0.0,True,1.5,False,1.5
2026-08-12T02:23:35.994281+00:00,SMC,BUY,1.5,False,PER_STRATEGY_MAX_OPEN_HIT,0.0,0.0,True,1.5,False,1.5
2026-08-12T02:24:36.406184+00:00,SMC,BUY,1.5,False,PER_STRATEGY_MAX_OPEN_HIT,0.0,0.0,True,1.5,False,1.5
2026-08-12T02:25:36.830832+00:00,SMC,BUY,1.5,False,PER_STRATEGY_MAX_OPEN_HIT,0.0,0.0,True,1.5,False,1.5
2026-08-12T02:26:37.281513+00:00,SMC,BUY,1.5,False,PER_STRATEGY_MAX_OPEN_HIT,0.0,0.0,True,1.5,False,1.5
2026-08-12T02:27:37.664904+00:00,SMC,BUY,1.5,False,PER_STRATEGY_MAX_OPEN_HIT,0.0,0.0,True,1.5,False,1.5
2026-08-12T02:28:38.073640+00:00,SMC,BUY,1.5,False,PER_STRATEGY_MAX_OPEN_HIT,0.0,0.0,True,1.5,False,1.5
2026-08-12T02:29:38.534045+00:00,SMC,BUY,1.5,False,PER_STRATEGY_MAX_OPEN_HIT,0.0,0.0,True,1.5,False,1.5
2026-08-12T02:30:38.931896+00:00,SMC,BUY,1.5,False,PER_STRATEGY_MAX_OPEN_HIT,0.0,0.0,True,1.5,False,1.5
2026-08-12T02:31:39.379047+00:00,SMC,BUY,1.5,False,PER_STRATEGY_MAX_OPEN_HIT,0.0,0.0,True,1.5,False,1.5
2026-08-12T02:32:39.794696+00:00,SMC,BUY,1.5,False,PER_STRATEGY_MAX_OPEN_HIT,0.0,0.0,True,1.5,False,1.5
2026-08-12T02:33:40.199165+00:00,SMC,BUY,1.5,False,PER_STRATEGY_MAX_OPEN_HIT,0.0,0.0,True,1.5,False,1.5
2026-08-12T02:34:40.697947+00:00,SMC,BUY,1.5,False,PER_STRATEGY_MAX_OPEN_HIT,0.0,0.0,True,1.5,False,1.5
2026-08-12T02:35:41.164817+00:00,SMC,BUY,1.5,False,PER_STRATEGY_MAX_OPEN_HIT,0.0,0.0,True,1.5,False,1.5
2026-08-12T02:36:41.639971+00:00,SMC,BUY,1.5,False,PER_STRATEGY_MAX_OPEN_HIT,0.0,0.0,True,1.5,False,1.5
2026-08-12T02:37:42.037276+00:00,SMC,BUY,1.5,False,PER_STRATEGY_MAX_OPEN_HIT,0.0,0.0,True,1.5,False,1.5
2026-08-12T02:38:42.558952+00:00,SMC,BUY,1.5,False,PER_STRATEGY_MAX_OPEN_HIT,0.0,0.0,True,1.5,False,1.5
2026-08-12T02:39:42.983557+00:00,SMC,BUY,1.5,False,PER_STRATEGY_MAX_OPEN_HIT,0.0,0.0,True,1.5,False,1.5
2026-08-12T02:40:43.391358+00:00,MICRO,BUY,1.35,True,,0.75,0.07,True,1.35,True,0.6
2026-08-12T02:42:45.333162+00:00,SMC,BUY,1.5,True,,0.75,0.07,True,1.5,True,0.75
2026-08-12T02:42:45.943036+00:00,MICRO,BUY,1.35,False,PER_STRATEGY_MAX_OPEN_HIT,0.0,0.0,True,1.35,False,1.35
2026-08-12T02:43:46.470670+00:00,MICRO,BUY,1.35,False,PER_STRATEGY_MAX_OPEN_HIT,0.0,0.0,True,1.35,False,1.35
2026-08-12T02:44:47.005670+00:00,MICRO,BUY,1.35,False,PER_STRATEGY_MAX_OPEN_HIT,0.0,0.0,True,1.35,False,1.35
2026-08-12T02:46:48.065709+00:00,SMC,BUY,1.5,False,PER_STRATEGY_MAX_OPEN_HIT,0.0,0.0,True,1.5,False,1.5
2026-08-12T02:47:48.460811+00:00,SMC,BUY,1.5,False,PER_STRATEGY_MAX_OPEN_HIT,0.0,0.0,True,1.5,False,1.5
2026-08-12T02:48:48.880341+00:00,SMC,BUY,1.5,False,PER_STRATEGY_MAX_OPEN_HIT,0.0,0.0,True,1.5,False,1.5
2026-08-12T02:49:49.273831+00:00,SMC,BUY,1.5,False,PER_STRATEGY_MAX_OPEN_HIT,0.0,0.0,True,1.5,False,1.5
2026-08-12T02:50:49.697490+00:00,SMC,BUY,1.5,False,PER_STRATEGY_MAX_OPEN_HIT,0.0,0.0,True,1.5,False,1.5
2026-08-12T02:51:50.117418+00:00,SMC,BUY,1.5,False,PER_STRATEGY_MAX_OPEN_HIT,0.0,0.0,True,1.5,False,1.5
2026-08-12T02:52:50.514716+00:00,SMC,BUY,1.5,False,PER_STRATEGY_MAX_OPEN_HIT,0.0,0.0,True,1.5,False,1.5
2026-08-12T02:53:51.046373+00:00,SMC,BUY,1.5,False,PER_STRATEGY_MAX_OPEN_HIT,0.0,0.0,True,1.5,False,1.5
2026-08-12T02:54:51.484828+00:00,SMC,BUY,1.5,False,PER_STRATEGY_MAX_OPEN_HIT,0.0,0.0,True,1.5,False,1.5
2026-08-12T02:55:51.915365+00:00,SMC,BUY,1.5,False,PER_STRATEGY_MAX_OPEN_HIT,0.0,0.0,True,1.5,False,1.5
2026-08-12T02:56:52.381807+00:00,SMC,BUY,1.5,False,PER_STRATEGY_MAX_OPEN_HIT,0.0,0.0,True,1.5,False,1.5
2026-08-12T02:57:52.765700+00:00,SMC,BUY,1.5,False,PER_STRATEGY_MAX_OPEN_HIT,0.0,0.0,True,1.5,False,1.5
2026-08-12T02:58:53.184424+00:00,SMC,BUY,1.5,False,PER_STRATEGY_MAX_OPEN_HIT,0.0,0.0,True,1.5,False,1.5
2026-08-12T02:59:53.623759+00:00,SMC,BUY,1.5,False,PER_STRATEGY_MAX_OPEN_HIT,0.0,0.0,True,1.5,False,1.5
2026-08-12T03:00:54.062968+00:00,SMC,BUY,1.5,False,PER_STRATEGY_MAX_OPEN_HIT,0.0,0.0,True,1.5,False,1.5
2026-08-12T03:01:54.525275+00:00,SMC,BUY,1.5,False,PER_STRATEGY_MAX_OPEN_HIT,0.0,0.0,True,1.5,False,1.5
2026-08-12T03:02:54.927171+00:00,SMC,BUY,1.5,False,PER_STRATEGY_MAX_OPEN_HIT,0.0,0.0,True,1.5,False,1.5
2026-08-12T03:03:55.339854+00:00,SMC,BUY,1.5,False,PER_STRATEGY_MAX_OPEN_HIT,0.0,0.0,True,1.5,False,1.5
2026-08-12T03:04:55.774052+00:00,SMC,BUY,1.5,False,PER_STRATEGY_MAX_OPEN_HIT,0.0,0.0,True,1.5,False,1.5
2026-08-12T03:05:56.200757+00:00,SMC,BUY,1.5,False,PER_STRATEGY_MAX_OPEN_HIT,0.0,0.0,True,1.5,False,1.5
2026-08-12T03:06:56.636838+00:00,SMC,BUY,1.5,False,PER_STRATEGY_MAX_OPEN_HIT,0.0,0.0,True,1.5,False,1.5
2026-08-12T03:07:57.021986+00:00,SMC,BUY,1.5,False,PER_STRATEGY_MAX_OPEN_HIT,0.0,0.0,True,1.5,False,1.5
2026-08-12T03:08:57.448321+00:00,SMC,BUY,1.5,False,PER_STRATEGY_MAX_OPEN_HIT,0.0,0.0,True,1.5,False,1.5
2026-08-12T03:09:57.859738+00:00,SMC,BUY,1.5,False,PER_STRATEGY_MAX_OPEN_HIT,0.0,0.0,True,1.5,False,1.5
2026-08-12T03:10:58.319255+00:00,SMC,BUY,1.5,False,PER_STRATEGY_MAX_OPEN_HIT,0.0,0.0,True,1.5,False,1.5
2026-08-12T03:11:58.776601+00:00,SMC,BUY,1.5,False,PER_STRATEGY_MAX_OPEN_HIT,0.0,0.0,True,1.5,False,1.5
2026-08-12T03:12:59.188380+00:00,SMC,BUY,1.5,False,PER_STRATEGY_MAX_OPEN_HIT,0.0,0.0,True,1.5,False,1.5
2026-08-12T03:13:59.617937+00:00,SMC,BUY,1.5,False,PER_STRATEGY_MAX_OPEN_HIT,0.0,0.0,True,1.5,False,1.5
2026-08-12T03:15:00.083121+00:00,SMC,BUY,1.5,False,PER_STRATEGY_MAX_OPEN_HIT,0.0,0.0,True,1.5,False,1.5
2026-08-12T03:21:00.890184+00:00,MICRO,SELL,1.35,False,PER_STRATEGY_MAX_OPEN_HIT,0.0,0.0,True,1.35,False,1.35
2026-08-12T03:22:01.364694+00:00,MICRO,SELL,1.35,False,PER_STRATEGY_MAX_OPEN_HIT,0.0,0.0,True,1.35,False,1.35
2026-08-12T03:23:01.839066+00:00,MICRO,SELL,1.35,False,PER_STRATEGY_MAX_OPEN_HIT,0.0,0.0,True,1.35,False,1.35
2026-08-12T03:43:12.081612+00:00,MICRO,SELL,1.35,False,PER_STRATEGY_MAX_OPEN_HIT,0.0,0.0,True,1.35,False,1.35
2026-08-12T03:50:15.939602+00:00,SMC,BUY,1.5,False,PER_STRATEGY_MAX_OPEN_HIT,0.0,0.0,True,1.5,False,1.5
2026-08-12T03:51:16.381440+00:00,SMC,BUY,1.5,False,PER_STRATEGY_MAX_OPEN_HIT,0.0,0.0,True,1.5,False,1.5
2026-08-12T04:00:21.309619+00:00,SMC,BUY,1.5,False,PER_STRATEGY_MAX_OPEN_HIT,0.0,0.0,True,1.5,False,1.5
2026-08-12T04:01:21.940879+00:00,SMC,BUY,1.5,False,PER_STRATEGY_MAX_OPEN_HIT,0.0,0.0,True,1.5,False,1.5
2026-08-12T04:02:22.312428+00:00,SMC,BUY,1.5,False,PER_STRATEGY_MAX_OPEN_HIT,0.0,0.0,True,1.5,False,1.5
2026-08-12T04:03:22.938276+00:00,SMC,BUY,1.5,False,PER_STRATEGY_MAX_OPEN_HIT,0.0,0.0,True,1.5,False,1.5
2026-08-12T04:09:23.976552+00:00,MICRO,SELL,1.35,False,PER_STRATEGY_MAX_OPEN_HIT,0.0,0.0,True,1.35,False,1.35
2026-08-12T04:10:24.449486+00:00,MICRO,SELL,1.35,False,PER_STRATEGY_MAX_OPEN_HIT,0.0,0.0,True,1.35,False,1.35
2026-08-12T04:13:25.057502+00:00,MICRO,SELL,1.35,False,PER_STRATEGY_MAX_OPEN_HIT,0.0,0.0,True,1.35,False,1.35
2026-08-12T04:14:25.554813+00:00,MICRO,SELL,1.35,False,PER_STRATEGY_MAX_OPEN_HIT,0.0,0.0,True,1.35,False,1.35
2026-08-12T04:16:27.146398+00:00,MICRO,SELL,1.35,False,PER_STRATEGY_MAX_OPEN_HIT,0.0,0.0,True,1.35,False,1.35
2026-08-12T04:21:29.691979+00:00,MICRO,BUY,1.35,False,PER_STRATEGY_MAX_OPEN_HIT,0.0,0.0,True,1.35,False,1.35
2026-08-12T04:22:30.168663+00:00,MICRO,BUY,1.35,False,PER_STRATEGY_MAX_OPEN_HIT,0.0,0.0,True,1.35,False,1.35
2026-08-12T04:29:33.730509+00:00,MICRO,BUY,1.35,False,PER_STRATEGY_MAX_OPEN_HIT,0.0,0.0,True,1.35,False,1.35
2026-08-12T04:40:39.225664+00:00,MICRO,SELL,1.35,False,PER_STRATEGY_MAX_OPEN_HIT,0.0,0.0,True,1.35,False,1.35
2026-08-12T05:02:45.124813+00:00,MICRO,BUY,1.35,False,PER_STRATEGY_MAX_OPEN_HIT,0.0,0.0,True,1.35,False,1.35
2026-08-12T05:05:46.708849+00:00,MICRO,BUY,1.35,False,PER_STRATEGY_MAX_OPEN_HIT,0.0,0.0,True,1.35,False,1.35
2026-08-12T05:08:48.176660+00:00,MICRO,BUY,1.35,False,PER_STRATEGY_MAX_OPEN_HIT,0.0,0.0,True,1.35,False,1.35
2026-08-12T05:09:48.717067+00:00,MICRO,BUY,1.35,False,PER_STRATEGY_MAX_OPEN_HIT,0.0,0.0,True,1.35,False,1.35
2026-08-12T05:15:51.939366+00:00,MICRO,SELL,1.35,False,PER_STRATEGY_MAX_OPEN_HIT,0.0,0.0,True,1.35,False,1.35
2026-08-12T05:16:52.457761+00:00,MICRO,SELL,1.35,False,PER_STRATEGY_MAX_OPEN_HIT,0.0,0.0,True,1.35,False,1.35
2026-08-12T05:17:53.045144+00:00,MICRO,SELL,1.35,False,PER_STRATEGY_MAX_OPEN_HIT,0.0,0.0,True,1.35,False,1.35
2026-08-12T05:18:53.636450+00:00,MICRO,SELL,1.35,False,PER_STRATEGY_MAX_OPEN_HIT,0.0,0.0,True,1.35,False,1.35
2026-08-12T05:20:55.110259+00:00,MICRO,SELL,1.35,False,PER_STRATEGY_MAX_OPEN_HIT,0.0,0.0,True,1.35,False,1.35
2026-08-12T05:21:55.660699+00:00,MICRO,SELL,1.35,False,PER_STRATEGY_MAX_OPEN_HIT,0.0,0.0,True,1.35,False,1.35
2026-08-12T05:22:56.441695+00:00,MICRO,SELL,1.35,False,PER_STRATEGY_MAX_OPEN_HIT,0.0,0.0,True,1.35,False,1.35
2026-08-12T05:23:57.258654+00:00,MICRO,SELL,1.35,False,PER_STRATEGY_MAX_OPEN_HIT,0.0,0.0,True,1.35,False,1.35
2026-08-12T05:24:57.819672+00:00,MICRO,SELL,1.35,False,PER_STRATEGY_MAX_OPEN_HIT,0.0,0.0,True,1.35,False,1.35
2026-08-12T05:40:06.595843+00:00,SMC,BUY,1.5,False,PER_STRATEGY_MAX_OPEN_HIT,0.0,0.0,True,1.5,False,1.5
2026-08-12T05:41:07.085623+00:00,SMC,BUY,1.5,False,PER_STRATEGY_MAX_OPEN_HIT,0.0,0.0,True,1.5,False,1.5
2026-08-12T05:42:07.531705+00:00,SMC,BUY,1.5,False,PER_STRATEGY_MAX_OPEN_HIT,0.0,0.0,True,1.5,False,1.5
2026-08-12T05:55:16.362545+00:00,MICRO,BUY,1.35,False,PER_STRATEGY_MAX_OPEN_HIT,0.0,0.0,True,1.35,False,1.35
2026-08-12T06:17:27.580360+00:00,MICRO,BUY,1.35,False,PER_STRATEGY_MAX_OPEN_HIT,0.0,0.0,True,1.35,False,1.35
2026-08-12T06:40:40.918821+00:00,MICRO,BUY,1.35,False,PER_STRATEGY_MAX_OPEN_HIT,0.0,0.0,True,1.35,False,1.35
2026-08-12T06:41:41.475311+00:00,MICRO,BUY,1.35,False,PER_STRATEGY_MAX_OPEN_HIT,0.0,0.0,True,1.35,False,1.35
2026-08-12T06:42:42.032546+00:00,MICRO,BUY,1.35,False,PER_STRATEGY_MAX_OPEN_HIT,0.0,0.0,True,1.35,False,1.35
2026-08-12T06:43:42.693920+00:00,MICRO,BUY,1.35,False,PER_STRATEGY_MAX_OPEN_HIT,0.0,0.0,True,1.35,False,1.35
2026-08-12T06:45:43.873978+00:00,MICRO,BUY,1.35,False,PER_STRATEGY_MAX_OPEN_HIT,0.0,0.0,True,1.35,False,1.35
2026-08-12T06:50:45.736797+00:00,SMC,BUY,1.5,False,PER_STRATEGY_MAX_OPEN_HIT,0.0,0.0,True,1.5,False,1.5
2026-08-12T06:51:46.196223+00:00,SMC,BUY,1.5,False,PER_STRATEGY_MAX_OPEN_HIT,0.0,0.0,True,1.5,False,1.5
2026-08-12T06:52:46.653944+00:00,SMC,BUY,1.5,False,PER_STRATEGY_MAX_OPEN_HIT,0.0,0.0,True,1.5,False,1.5
2026-08-12T06:54:47.123494+00:00,SMC,BUY,1.5,False,PER_STRATEGY_MAX_OPEN_HIT,0.0,0.0,True,1.5,False,1.5
2026-08-12T06:55:47.681204+00:00,SMC,BUY,1.5,False,PER_STRATEGY_MAX_OPEN_HIT,0.0,0.0,True,1.5,False,1.5
2026-08-12T06:56:48.112556+00:00,SMC,BUY,1.5,False,PER_STRATEGY_MAX_OPEN_HIT,0.0,0.0,True,1.5,False,1.5
2026-08-12T06:57:48.579827+00:00,SMC,BUY,1.5,False,PER_STRATEGY_MAX_OPEN_HIT,0.0,0.0,True,1.5,False,1.5
2026-08-12T06:58:49.010624+00:00,SMC,BUY,1.5,False,PER_STRATEGY_MAX_OPEN_HIT,0.0,0.0,True,1.5,False,1.5
2026-08-12T06:59:49.520059+00:00,SMC,BUY,1.5,False,PER_STRATEGY_MAX_OPEN_HIT,0.0,0.0,True,1.5,False,1.5
2026-08-12T07:00:50.263016+00:00,SMC,BUY,1.5,False,PER_STRATEGY_MAX_OPEN_HIT,0.0,0.0,True,1.5,False,1.5
2026-08-12T07:02:51.358746+00:00,SMC,BUY,1.5,False,PER_STRATEGY_MAX_OPEN_HIT,0.0,0.0,True,1.5,False,1.5
2026-08-12T07:03:51.979766+00:00,SMC,BUY,1.5,False,PER_STRATEGY_MAX_OPEN_HIT,0.0,0.0,True,1.5,False,1.5
2026-08-12T07:04:52.551371+00:00,SMC,BUY,1.5,False,PER_STRATEGY_MAX_OPEN_HIT,0.0,0.0,True,1.5,False,1.5
2026-08-12T07:05:53.052286+00:00,SMC,BUY,1.5,False,PER_STRATEGY_MAX_OPEN_HIT,0.0,0.0,True,1.5,False,1.5
2026-08-12T07:06:53.479603+00:00,SMC,BUY,1.5,False,PER_STRATEGY_MAX_OPEN_HIT,0.0,0.0,True,1.5,False,1.5
2026-08-12T07:07:53.969704+00:00,SMC,BUY,1.5,False,PER_STRATEGY_MAX_OPEN_HIT,0.0,0.0,True,1.5,False,1.5
2026-08-12T07:08:54.459904+00:00,SMC,BUY,1.5,False,PER_STRATEGY_MAX_OPEN_HIT,0.0,0.0,True,1.5,False,1.5
2026-08-12T07:09:54.920116+00:00,SMC,BUY,1.5,False,PER_STRATEGY_MAX_OPEN_HIT,0.0,0.0,True,1.5,False,1.5
2026-08-12T07:10:55.577026+00:00,SMC,BUY,1.5,False,PER_STRATEGY_MAX_OPEN_HIT,0.0,0.0,True,1.5,False,1.5
2026-08-12T07:11:56.158254+00:00,SMC,BUY,1.5,False,PER_STRATEGY_MAX_OPEN_HIT,0.0,0.0,True,1.5,False,1.5
2026-08-12T07:12:56.725935+00:00,SMC,BUY,1.5,False,PER_STRATEGY_MAX_OPEN_HIT,0.0,0.0,True,1.5,False,1.5
2026-08-12T07:13:57.392053+00:00,SMC,BUY,1.5,False,PER_STRATEGY_MAX_OPEN_HIT,0.0,0.0,True,1.5,False,1.5
2026-08-12T07:28:06.215826+00:00,MICRO,BUY,1.35,False,PER_STRATEGY_MAX_OPEN_HIT,0.0,0.0,True,1.35,False,1.35
2026-08-12T07:29:06.745310+00:00,MICRO,BUY,1.35,False,PER_STRATEGY_MAX_OPEN_HIT,0.0,0.0,True,1.35,False,1.35
2026-08-12T07:39:12.539937+00:00,SMC,BUY,1.5,False,PER_STRATEGY_MAX_OPEN_HIT,0.0,0.0,True,1.5,False,1.5
2026-08-12T07:40:12.999984+00:00,SMC,BUY,1.5,False,PER_STRATEGY_MAX_OPEN_HIT,0.0,0.0,True,1.5,False,1.5
2026-08-12T07:42:13.995901+00:00,SMC,BUY,1.5,False,PER_STRATEGY_MAX_OPEN_HIT,0.0,0.0,True,1.5,False,1.5
2026-08-12T07:43:14.422679+00:00,SMC,BUY,1.5,False,PER_STRATEGY_MAX_OPEN_HIT,0.0,0.0,True,1.5,False,1.5
2026-08-12T07:44:14.864798+00:00,SMC,BUY,1.5,False,PER_STRATEGY_MAX_OPEN_HIT,0.0,0.0,True,1.5,False,1.5
2026-08-12T07:45:15.273783+00:00,SMC,BUY,1.5,False,PER_STRATEGY_MAX_OPEN_HIT,0.0,0.0,True,1.5,False,1.5
2026-08-12T07:47:16.209266+00:00,SMC,BUY,1.5,False,PER_STRATEGY_MAX_OPEN_HIT,0.0,0.0,True,1.5,False,1.5
2026-08-12T07:48:16.642320+00:00,SMC,BUY,1.5,False,PER_STRATEGY_MAX_OPEN_HIT,0.0,0.0,True,1.5,False,1.5
2026-08-12T07:49:17.272152+00:00,SMC,BUY,1.5,False,PER_STRATEGY_MAX_OPEN_HIT,0.0,0.0,True,1.5,False,1.5
2026-08-12T07:50:17.745104+00:00,SMC,BUY,1.5,False,PER_STRATEGY_MAX_OPEN_HIT,0.0,0.0,True,1.5,False,1.5
2026-08-12T07:51:18.250351+00:00,SMC,BUY,1.5,False,PER_STRATEGY_MAX_OPEN_HIT,0.0,0.0,True,1.5,False,1.5
2026-08-12T07:52:18.734121+00:00,SMC,BUY,1.5,False,PER_STRATEGY_MAX_OPEN_HIT,0.0,0.0,True,1.5,False,1.5
2026-08-12T07:53:19.371259+00:00,SMC,BUY,1.5,False,PER_STRATEGY_MAX_OPEN_HIT,0.0,0.0,True,1.5,False,1.5
2026-08-12T07:54:19.878137+00:00,SMC,BUY,1.5,False,PER_STRATEGY_MAX_OPEN_HIT,0.0,0.0,True,1.5,False,1.5
2026-08-12T07:55:20.565296+00:00,SMC,BUY,1.5,False,PER_STRATEGY_MAX_OPEN_HIT,0.0,0.0,True,1.5,False,1.5
2026-08-12T07:56:21.164280+00:00,SMC,BUY,1.5,False,PER_STRATEGY_MAX_OPEN_HIT,0.0,0.0,True,1.5,False,1.5
2026-08-12T10:00:23.816593+00:00,SMC,BUY,1.5,False,PER_STRATEGY_MAX_OPEN_HIT,0.0,0.0,True,1.5,False,1.5
2026-08-12T10:01:24.306740+00:00,SMC,BUY,1.5,False,PER_STRATEGY_MAX_OPEN_HIT,0.0,0.0,True,1.5,False,1.5
2026-08-12T10:02:24.920043+00:00,SMC,BUY,1.5,False,PER_STRATEGY_MAX_OPEN_HIT,0.0,0.0,True,1.5,False,1.5
2026-08-12T10:03:25.409046+00:00,SMC,BUY,1.5,False,PER_STRATEGY_MAX_OPEN_HIT,0.0,0.0,True,1.5,False,1.5
2026-08-12T10:04:26.106587+00:00,SMC,BUY,1.5,False,PER_STRATEGY_MAX_OPEN_HIT,0.0,0.0,True,1.5,False,1.5
2026-08-12T10:35:47.807738+00:00,MICRO,SELL,1.35,True,,0.75,0.07,True,1.35,True,0.6
2026-08-12T10:36:48.424983+00:00,MICRO,SELL,1.35,True,,0.75,0.07,True,1.35,True,0.6
2026-08-12T10:37:49.143466+00:00,MICRO,SELL,1.35,True,,0.75,0.07,True,1.35,True,0.6
2026-08-12T10:38:49.848253+00:00,MICRO,SELL,1.35,True,,0.75,0.07,True,1.35,True,0.6
2026-08-12T11:00:59.939986+00:00,MICRO,BUY,1.35,True,,0.75,0.07,True,1.35,True,0.6
2026-08-12T11:20:14.375935+00:00,MICRO,BUY,1.35,False,PER_STRATEGY_MAX_OPEN_HIT,0.0,0.0,True,1.35,False,1.35
2026-08-12T11:21:15.122278+00:00,MICRO,BUY,1.35,False,PER_STRATEGY_MAX_OPEN_HIT,0.0,0.0,True,1.35,False,1.35
2026-08-12T11:24:17.545744+00:00,MICRO,BUY,1.35,False,PER_STRATEGY_MAX_OPEN_HIT,0.0,0.0,True,1.35,False,1.35
2026-08-12T11:27:19.824838+00:00,MICRO,BUY,1.35,False,PER_STRATEGY_MAX_OPEN_HIT,0.0,0.0,True,1.35,False,1.35
2026-08-12T11:28:20.521504+00:00,MICRO,BUY,1.35,False,PER_STRATEGY_MAX_OPEN_HIT,0.0,0.0,True,1.35,False,1.35
2026-08-12T11:35:23.798025+00:00,SMC,BUY,1.5,False,PER_STRATEGY_MAX_OPEN_HIT,0.0,0.0,True,1.5,False,1.5
2026-08-12T11:36:24.350445+00:00,SMC,BUY,1.5,False,PER_STRATEGY_MAX_OPEN_HIT,0.0,0.0,True,1.5,False,1.5
2026-08-12T11:37:24.862937+00:00,MICRO,SELL,1.35,False,PER_STRATEGY_MAX_OPEN_HIT,0.0,0.0,True,1.35,False,1.35
2026-08-12T11:45:29.962083+00:00,MICRO,BUY,1.35,False,PER_STRATEGY_MAX_OPEN_HIT,0.0,0.0,True,1.35,False,1.35
2026-08-12T12:37:00.215064+00:00,SMC,BUY,1.5,True,,0.75,0.07,True,1.5,True,0.75
2026-08-12T12:41:09.283764+00:00,SMC,BUY,1.5,False,PER_STRATEGY_MAX_OPEN_HIT,0.0,0.0,True,1.5,False,1.5
2026-08-12T12:42:09.912175+00:00,SMC,BUY,1.5,False,PER_STRATEGY_MAX_OPEN_HIT,0.0,0.0,True,1.5,False,1.5
2026-08-12T12:43:10.412976+00:00,SMC,BUY,1.5,False,PER_STRATEGY_MAX_OPEN_HIT,0.0,0.0,True,1.5,False,1.5
2026-08-12T12:44:11.039677+00:00,SMC,BUY,1.5,False,PER_STRATEGY_MAX_OPEN_HIT,0.0,0.0,True,1.5,False,1.5
2026-08-12T12:45:11.517398+00:00,SMC,BUY,1.5,False,PER_STRATEGY_MAX_OPEN_HIT,0.0,0.0,True,1.5,False,1.5
2026-08-12T12:46:12.158146+00:00,SMC,BUY,1.5,False,PER_STRATEGY_MAX_OPEN_HIT,0.0,0.0,True,1.5,False,1.5
2026-08-12T12:47:12.602625+00:00,SMC,BUY,1.5,False,PER_STRATEGY_MAX_OPEN_HIT,0.0,0.0,True,1.5,False,1.5
2026-08-12T12:48:13.245043+00:00,SMC,BUY,1.5,False,PER_STRATEGY_MAX_OPEN_HIT,0.0,0.0,True,1.5,False,1.5
2026-08-12T12:49:13.756072+00:00,SMC,BUY,1.5,False,PER_STRATEGY_MAX_OPEN_HIT,0.0,0.0,True,1.5,False,1.5
2026-08-12T12:50:14.416206+00:00,SMC,BUY,1.5,False,PER_STRATEGY_MAX_OPEN_HIT,0.0,0.0,True,1.5,False,1.5
2026-08-12T12:51:14.949954+00:00,SMC,BUY,1.5,False,PER_STRATEGY_MAX_OPEN_HIT,0.0,0.0,True,1.5,False,1.5
2026-08-12T12:52:15.559155+00:00,SMC,BUY,1.5,False,PER_STRATEGY_MAX_OPEN_HIT,0.0,0.0,True,1.5,False,1.5
2026-08-12T12:53:16.031286+00:00,SMC,BUY,1.5,False,PER_STRATEGY_MAX_OPEN_HIT,0.0,0.0,True,1.5,False,1.5
2026-08-12T12:54:16.632087+00:00,SMC,BUY,1.5,False,PER_STRATEGY_MAX_OPEN_HIT,0.0,0.0,True,1.5,False,1.5
2026-08-12T13:05:19.555673+00:00,SMC,BUY,1.5,False,PER_STRATEGY_MAX_OPEN_HIT,0.0,0.0,True,1.5,False,1.5
2026-08-12T13:07:20.208526+00:00,SMC,BUY,1.5,False,PER_STRATEGY_MAX_OPEN_HIT,0.0,0.0,True,1.5,False,1.5
2026-08-12T13:17:22.286515+00:00,SMC,BUY,1.5,False,PER_STRATEGY_MAX_OPEN_HIT,0.0,0.0,True,1.5,False,1.5
2026-08-12T13:18:22.930674+00:00,SMC,BUY,1.5,False,PER_STRATEGY_MAX_OPEN_HIT,0.0,0.0,True,1.5,False,1.5
2026-08-12T13:21:24.777252+00:00,SMC,BUY,1.5,False,PER_STRATEGY_MAX_OPEN_HIT,0.0,0.0,True,1.5,False,1.5
2026-08-12T13:46:35.395440+00:00,MICRO,BUY,1.35,True,,0.75,0.07,True,1.35,True,0.6
2026-08-12T13:47:40.044057+00:00,SMC,BUY,1.5,False,PER_STRATEGY_MAX_OPEN_HIT,0.0,0.0,True,1.5,False,1.5
2026-08-12T13:48:40.803677+00:00,SMC,BUY,1.5,False,PER_STRATEGY_MAX_OPEN_HIT,0.0,0.0,True,1.5,False,1.5
2026-08-12T13:49:41.263196+00:00,SMC,BUY,1.5,False,PER_STRATEGY_MAX_OPEN_HIT,0.0,0.0,True,1.5,False,1.5
2026-08-12T13:50:41.815432+00:00,SMC,BUY,1.5,False,PER_STRATEGY_MAX_OPEN_HIT,0.0,0.0,True,1.5,False,1.5
2026-08-12T13:51:42.420777+00:00,SMC,BUY,1.5,False,PER_STRATEGY_MAX_OPEN_HIT,0.0,0.0,True,1.5,False,1.5
2026-08-12T13:52:43.006715+00:00,SMC,BUY,1.5,False,PER_STRATEGY_MAX_OPEN_HIT,0.0,0.0,True,1.5,False,1.5
2026-08-12T13:53:43.596093+00:00,SMC,BUY,1.5,False,PER_STRATEGY_MAX_OPEN_HIT,0.0,0.0,True,1.5,False,1.5
2026-08-12T13:54:44.252022+00:00,SMC,BUY,1.5,False,PER_STRATEGY_MAX_OPEN_HIT,0.0,0.0,True,1.5,False,1.5
2026-08-12T13:55:44.709772+00:00,SMC,BUY,1.5,False,PER_STRATEGY_MAX_OPEN_HIT,0.0,0.0,True,1.5,False,1.5
2026-08-12T13:56:45.230599+00:00,SMC,BUY,1.5,False,PER_STRATEGY_MAX_OPEN_HIT,0.0,0.0,True,1.5,False,1.5
2026-08-12T13:57:45.862259+00:00,SMC,BUY,1.5,False,PER_STRATEGY_MAX_OPEN_HIT,0.0,0.0,True,1.5,False,1.5
2026-08-12T13:58:46.398133+00:00,SMC,BUY,1.5,False,PER_STRATEGY_MAX_OPEN_HIT,0.0,0.0,True,1.5,False,1.5
2026-08-12T13:59:46.872956+00:00,SMC,BUY,1.5,False,PER_STRATEGY_MAX_OPEN_HIT,0.0,0.0,True,1.5,False,1.5
2026-08-12T14:00:47.580317+00:00,SMC,BUY,1.5,False,PER_STRATEGY_MAX_OPEN_HIT,0.0,0.0,True,1.5,False,1.5
2026-08-12T14:01:48.043022+00:00,SMC,BUY,1.5,False,PER_STRATEGY_MAX_OPEN_HIT,0.0,0.0,True,1.5,False,1.5
2026-08-12T14:03:49.450491+00:00,SMC,BUY,1.5,False,PER_STRATEGY_MAX_OPEN_HIT,0.0,0.0,True,1.5,False,1.5
2026-08-12T14:04:49.918613+00:00,SMC,BUY,1.5,False,PER_STRATEGY_MAX_OPEN_HIT,0.0,0.0,True,1.5,False,1.5
2026-08-12T14:05:50.443871+00:00,SMC,BUY,1.5,False,PER_STRATEGY_MAX_OPEN_HIT,0.0,0.0,True,1.5,False,1.5
2026-08-12T14:06:50.921274+00:00,SMC,BUY,1.5,False,PER_STRATEGY_MAX_OPEN_HIT,0.0,0.0,True,1.5,False,1.5
2026-08-12T14:07:51.427798+00:00,SMC,BUY,1.5,False,PER_STRATEGY_MAX_OPEN_HIT,0.0,0.0,True,1.5,False,1.5
2026-08-12T14:08:52.088289+00:00,SMC,BUY,1.5,False,PER_STRATEGY_MAX_OPEN_HIT,0.0,0.0,True,1.5,False,1.5
2026-08-12T14:09:52.760395+00:00,SMC,BUY,1.5,False,PER_STRATEGY_MAX_OPEN_HIT,0.0,0.0,True,1.5,False,1.5
2026-08-12T14:20:56.654020+00:00,SMC,BUY,1.5,False,PER_STRATEGY_MAX_OPEN_HIT,0.0,0.0,True,1.5,False,1.5
2026-08-12T14:21:57.250629+00:00,SMC,BUY,1.5,False,PER_STRATEGY_MAX_OPEN_HIT,0.0,0.0,True,1.5,False,1.5
2026-08-12T14:22:57.769765+00:00,SMC,BUY,1.5,False,PER_STRATEGY_MAX_OPEN_HIT,0.0,0.0,True,1.5,False,1.5
2026-08-12T14:23:58.397843+00:00,SMC,BUY,1.5,False,PER_STRATEGY_MAX_OPEN_HIT,0.0,0.0,True,1.5,False,1.5
2026-08-12T14:24:58.885107+00:00,SMC,BUY,1.5,False,PER_STRATEGY_MAX_OPEN_HIT,0.0,0.0,True,1.5,False,1.5
2026-08-12T14:44:09.456919+00:00,SMC,BUY,1.5,False,PER_STRATEGY_MAX_OPEN_HIT,0.0,0.0,True,1.5,False,1.5
2026-08-12T14:45:09.967177+00:00,SMC,BUY,1.5,False,PER_STRATEGY_MAX_OPEN_HIT,0.0,0.0,True,1.5,False,1.5
2026-08-12T14:46:10.607300+00:00,SMC,BUY,1.5,False,PER_STRATEGY_MAX_OPEN_HIT,0.0,0.0,True,1.5,False,1.5
2026-08-12T14:47:11.301365+00:00,SMC,BUY,1.5,False,PER_STRATEGY_MAX_OPEN_HIT,0.0,0.0,True,1.5,False,1.5
2026-08-12T14:50:13.125615+00:00,SMC,BUY,1.5,False,PER_STRATEGY_MAX_OPEN_HIT,0.0,0.0,True,1.5,False,1.5
2026-08-12T15:12:24.592005+00:00,MICRO,BUY,1.35,False,PER_STRATEGY_MAX_OPEN_HIT,0.0,0.0,True,1.35,False,1.35
2026-08-12T15:13:25.236256+00:00,MICRO,BUY,1.35,False,PER_STRATEGY_MAX_OPEN_HIT,0.0,0.0,True,1.35,False,1.35
2026-08-12T15:14:25.811765+00:00,MICRO,BUY,1.35,False,PER_STRATEGY_MAX_OPEN_HIT,0.0,0.0,True,1.35,False,1.35
2026-08-12T15:20:30.268868+00:00,SMC,BUY,1.5,False,PER_STRATEGY_MAX_OPEN_HIT,0.0,0.0,True,1.5,False,1.5
2026-08-12T15:21:30.781672+00:00,SMC,BUY,1.5,False,PER_STRATEGY_MAX_OPEN_HIT,0.0,0.0,True,1.5,False,1.5
2026-08-12T15:22:31.331220+00:00,MICRO,BUY,1.35,False,PER_STRATEGY_MAX_OPEN_HIT,0.0,0.0,True,1.35,False,1.35
2026-08-12T16:44:10.994537+00:00,MICRO,SELL,1.35,False,PER_STRATEGY_MAX_OPEN_HIT,0.0,0.0,True,1.35,False,1.35
2026-08-12T16:46:12.413450+00:00,MICRO,SELL,1.35,False,PER_STRATEGY_MAX_OPEN_HIT,0.0,0.0,True,1.35,False,1.35
2026-08-12T16:47:13.173466+00:00,MICRO,SELL,1.35,False,PER_STRATEGY_MAX_OPEN_HIT,0.0,0.0,True,1.35,False,1.35
2026-08-12T16:48:13.786882+00:00,MICRO,SELL,1.35,False,PER_STRATEGY_MAX_OPEN_HIT,0.0,0.0,True,1.35,False,1.35
2026-08-12T16:49:14.371081+00:00,MICRO,SELL,1.35,False,PER_STRATEGY_MAX_OPEN_HIT,0.0,0.0,True,1.35,False,1.35
2026-08-12T16:56:19.473231+00:00,MICRO,SELL,1.35,False,PER_STRATEGY_MAX_OPEN_HIT,0.0,0.0,True,1.35,False,1.35
2026-08-12T16:57:20.104359+00:00,MICRO,SELL,1.35,False,PER_STRATEGY_MAX_OPEN_HIT,0.0,0.0,True,1.35,False,1.35
2026-08-12T16:58:20.769741+00:00,MICRO,SELL,1.35,False,PER_STRATEGY_MAX_OPEN_HIT,0.0,0.0,True,1.35,False,1.35
2026-08-12T17:07:26.967698+00:00,MICRO,BUY,1.35,False,PER_STRATEGY_MAX_OPEN_HIT,0.0,0.0,True,1.35,False,1.35
2026-08-12T17:09:28.210251+00:00,MICRO,BUY,1.35,False,PER_STRATEGY_MAX_OPEN_HIT,0.0,0.0,True,1.35,False,1.35
2026-08-12T17:15:32.160094+00:00,SMC,BUY,1.5,False,PER_STRATEGY_MAX_OPEN_HIT,0.0,0.0,True,1.5,False,1.5
2026-08-12T17:22:37.116423+00:00,MICRO,BUY,1.35,False,PER_STRATEGY_MAX_OPEN_HIT,0.0,0.0,True,1.35,False,1.35
2026-08-12T17:23:37.907544+00:00,MICRO,BUY,1.35,False,PER_STRATEGY_MAX_OPEN_HIT,0.0,0.0,True,1.35,False,1.35
2026-08-12T17:24:38.555070+00:00,MICRO,BUY,1.35,False,PER_STRATEGY_MAX_OPEN_HIT,0.0,0.0,True,1.35,False,1.35
2026-08-12T17:30:42.856319+00:00,SMC,BUY,1.5,False,PER_STRATEGY_MAX_OPEN_HIT,0.0,0.0,True,1.5,False,1.5
2026-08-12T17:32:44.000624+00:00,MICRO,BUY,1.35,False,PER_STRATEGY_MAX_OPEN_HIT,0.0,0.0,True,1.35,False,1.35
2026-08-12T17:51:56.348973+00:00,MICRO,BUY,1.35,False,PER_STRATEGY_MAX_OPEN_HIT,0.0,0.0,True,1.35,False,1.35
2026-08-12T18:01:02.208298+00:00,MICRO,SELL,1.35,False,PER_STRATEGY_MAX_OPEN_HIT,0.0,0.0,True,1.35,False,1.35
2026-08-12T18:03:03.595865+00:00,MICRO,SELL,1.35,False,PER_STRATEGY_MAX_OPEN_HIT,0.0,0.0,True,1.35,False,1.35
2026-08-12T18:07:06.366204+00:00,MICRO,BUY,1.35,False,PER_STRATEGY_MAX_OPEN_HIT,0.0,0.0,True,1.35,False,1.35
2026-08-12T18:08:07.146778+00:00,MICRO,BUY,1.35,False,PER_STRATEGY_MAX_OPEN_HIT,0.0,0.0,True,1.35,False,1.35
2026-08-12T18:09:07.901156+00:00,MICRO,BUY,1.35,False,PER_STRATEGY_MAX_OPEN_HIT,0.0,0.0,True,1.35,False,1.35
2026-08-12T18:10:08.485272+00:00,MICRO,BUY,1.35,False,PER_STRATEGY_MAX_OPEN_HIT,0.0,0.0,True,1.35,False,1.35
2026-08-12T18:11:09.183735+00:00,MICRO,BUY,1.35,False,PER_STRATEGY_MAX_OPEN_HIT,0.0,0.0,True,1.35,False,1.35
2026-08-12T18:12:09.815694+00:00,MICRO,BUY,1.35,False,PER_STRATEGY_MAX_OPEN_HIT,0.0,0.0,True,1.35,False,1.35
2026-08-12T18:13:10.380054+00:00,MICRO,BUY,1.35,False,PER_STRATEGY_MAX_OPEN_HIT,0.0,0.0,True,1.35,False,1.35
2026-08-12T18:22:16.435963+00:00,MICRO,BUY,1.35,False,PER_STRATEGY_MAX_OPEN_HIT,0.0,0.0,True,1.35,False,1.35
2026-08-12T18:23:17.149055+00:00,MICRO,BUY,1.35,False,PER_STRATEGY_MAX_OPEN_HIT,0.0,0.0,True,1.35,False,1.35
2026-08-12T18:24:17.893486+00:00,MICRO,BUY,1.35,False,PER_STRATEGY_MAX_OPEN_HIT,0.0,0.0,True,1.35,False,1.35
2026-08-12T18:33:23.755634+00:00,SMC,BUY,1.5,False,PER_STRATEGY_MAX_OPEN_HIT,0.0,0.0,True,1.5,False,1.5
2026-08-12T18:34:24.443065+00:00,SMC,BUY,1.5,False,PER_STRATEGY_MAX_OPEN_HIT,0.0,0.0,True,1.5,False,1.5
2026-08-12T18:35:24.861169+00:00,SMC,BUY,1.5,False,PER_STRATEGY_MAX_OPEN_HIT,0.0,0.0,True,1.5,False,1.5
2026-08-12T18:36:25.308986+00:00,SMC,BUY,1.5,False,PER_STRATEGY_MAX_OPEN_HIT,0.0,0.0,True,1.5,False,1.5
2026-08-12T18:37:25.926507+00:00,SMC,BUY,1.5,False,PER_STRATEGY_MAX_OPEN_HIT,0.0,0.0,True,1.5,False,1.5
2026-08-12T18:38:26.366511+00:00,SMC,BUY,1.5,False,PER_STRATEGY_MAX_OPEN_HIT,0.0,0.0,True,1.5,False,1.5
2026-08-12T18:42:27.888777+00:00,SMC,BUY,1.5,False,PER_STRATEGY_MAX_OPEN_HIT,0.0,0.0,True,1.5,False,1.5
2026-08-12T18:43:28.321367+00:00,SMC,BUY,1.5,False,PER_STRATEGY_MAX_OPEN_HIT,0.0,0.0,True,1.5,False,1.5
2026-08-12T18:44:28.793926+00:00,SMC,BUY,1.5,False,PER_STRATEGY_MAX_OPEN_HIT,0.0,0.0,True,1.5,False,1.5
2026-08-12T18:45:29.191707+00:00,SMC,BUY,1.5,False,PER_STRATEGY_MAX_OPEN_HIT,0.0,0.0,True,1.5,False,1.5
2026-08-12T18:46:29.611376+00:00,SMC,BUY,1.5,False,PER_STRATEGY_MAX_OPEN_HIT,0.0,0.0,True,1.5,False,1.5
2026-08-12T18:47:30.031946+00:00,SMC,BUY,1.5,False,PER_STRATEGY_MAX_OPEN_HIT,0.0,0.0,True,1.5,False,1.5
2026-08-12T18:48:30.472406+00:00,SMC,BUY,1.5,False,PER_STRATEGY_MAX_OPEN_HIT,0.0,0.0,True,1.5,False,1.5
2026-08-12T18:49:30.948364+00:00,SMC,BUY,1.5,False,PER_STRATEGY_MAX_OPEN_HIT,0.0,0.0,True,1.5,False,1.5
2026-08-12T18:50:31.407449+00:00,SMC,BUY,1.5,False,PER_STRATEGY_MAX_OPEN_HIT,0.0,0.0,True,1.5,False,1.5
2026-08-12T18:51:31.831277+00:00,SMC,BUY,1.5,False,PER_STRATEGY_MAX_OPEN_HIT,0.0,0.0,True,1.5,False,1.5
2026-08-12T18:52:32.258769+00:00,SMC,BUY,1.5,False,PER_STRATEGY_MAX_OPEN_HIT,0.0,0.0,True,1.5,False,1.5
2026-08-12T18:53:32.680513+00:00,SMC,BUY,1.5,False,PER_STRATEGY_MAX_OPEN_HIT,0.0,0.0,True,1.5,False,1.5
2026-08-12T18:54:33.167258+00:00,SMC,BUY,1.5,False,PER_STRATEGY_MAX_OPEN_HIT,0.0,0.0,True,1.5,False,1.5
2026-08-12T19:05:35.967430+00:00,SMC,BUY,1.5,False,PER_STRATEGY_MAX_OPEN_HIT,0.0,0.0,True,1.5,False,1.5
2026-08-12T19:06:36.378888+00:00,SMC,BUY,1.5,False,PER_STRATEGY_MAX_OPEN_HIT,0.0,0.0,True,1.5,False,1.5
2026-08-12T19:07:36.813423+00:00,SMC,BUY,1.5,False,PER_STRATEGY_MAX_OPEN_HIT,0.0,0.0,True,1.5,False,1.5
2026-08-12T19:08:37.241672+00:00,SMC,BUY,1.5,False,PER_STRATEGY_MAX_OPEN_HIT,0.0,0.0,True,1.5,False,1.5
2026-08-12T19:09:37.655500+00:00,SMC,BUY,1.5,False,PER_STRATEGY_MAX_OPEN_HIT,0.0,0.0,True,1.5,False,1.5
2026-08-12T19:10:38.123431+00:00,SMC,BUY,1.5,False,PER_STRATEGY_MAX_OPEN_HIT,0.0,0.0,True,1.5,False,1.5
2026-08-12T19:11:38.533958+00:00,SMC,BUY,1.5,False,PER_STRATEGY_MAX_OPEN_HIT,0.0,0.0,True,1.5,False,1.5
2026-08-12T19:12:38.969059+00:00,SMC,BUY,1.5,False,PER_STRATEGY_MAX_OPEN_HIT,0.0,0.0,True,1.5,False,1.5
2026-08-12T19:13:39.405478+00:00,SMC,BUY,1.5,False,PER_STRATEGY_MAX_OPEN_HIT,0.0,0.0,True,1.5,False,1.5
2026-08-12T19:14:39.812270+00:00,SMC,BUY,1.5,False,PER_STRATEGY_MAX_OPEN_HIT,0.0,0.0,True,1.5,False,1.5
2026-08-12T19:15:40.277911+00:00,SMC,BUY,1.5,False,PER_STRATEGY_MAX_OPEN_HIT,0.0,0.0,True,1.5,False,1.5
2026-08-12T19:55:00.638321+00:00,SMC,BUY,1.5,False,PER_STRATEGY_MAX_OPEN_HIT,0.0,0.0,True,1.5,False,1.5
2026-08-12T19:56:01.122369+00:00,SMC,BUY,1.5,False,PER_STRATEGY_MAX_OPEN_HIT,0.0,0.0,True,1.5,False,1.5
2026-08-12T22:10:05.490045+00:00,SMC,BUY,1.5,True,,0.75,0.07,True,1.5,True,0.75
2026-08-12T22:14:08.395420+00:00,SMC,BUY,1.5,False,PER_STRATEGY_MAX_OPEN_HIT,0.0,0.0,True,1.5,False,1.5
2026-08-12T22:15:08.807645+00:00,SMC,BUY,1.5,False,PER_STRATEGY_MAX_OPEN_HIT,0.0,0.0,True,1.5,False,1.5
2026-08-12T22:16:09.242671+00:00,MICRO,SELL,1.35,True,,0.75,0.07,True,1.35,True,0.6
2026-08-12T22:18:10.240804+00:00,MICRO,SELL,1.35,True,,0.75,0.07,True,1.35,True,0.6
2026-08-12T22:21:11.785112+00:00,MICRO,SELL,1.35,True,,0.75,0.07,True,1.35,True,0.6
2026-08-12T22:35:18.948230+00:00,SMC,BUY,1.5,False,PER_STRATEGY_MAX_OPEN_HIT,0.0,0.0,True,1.5,False,1.5
2026-08-12T22:36:19.416674+00:00,SMC,BUY,1.5,False,PER_STRATEGY_MAX_OPEN_HIT,0.0,0.0,True,1.5,False,1.5
2026-08-12T22:45:23.896922+00:00,SMC,BUY,1.5,False,PER_STRATEGY_MAX_OPEN_HIT,0.0,0.0,True,1.5,False,1.5
2026-08-12T22:46:24.348726+00:00,MICRO,BUY,1.35,True,,0.75,0.07,True,1.35,True,0.6
2026-08-12T22:52:28.129798+00:00,MICRO,BUY,1.35,False,PER_STRATEGY_MAX_OPEN_HIT,0.0,0.0,True,1.35,False,1.35
2026-08-12T22:53:28.658411+00:00,MICRO,BUY,1.35,False,PER_STRATEGY_MAX_OPEN_HIT,0.0,0.0,True,1.35,False,1.35
2026-08-12T22:54:29.155063+00:00,MICRO,BUY,1.35,False,PER_STRATEGY_MAX_OPEN_HIT,0.0,0.0,True,1.35,False,1.35
2026-08-12T22:55:29.679128+00:00,MICRO,BUY,1.35,False,PER_STRATEGY_MAX_OPEN_HIT,0.0,0.0,True,1.35,False,1.35
2026-08-12T22:57:30.712306+00:00,MICRO,BUY,1.35,False,PER_STRATEGY_MAX_OPEN_HIT,0.0,0.0,True,1.35,False,1.35
2026-08-12T23:02:33.219032+00:00,MICRO,BUY,1.35,False,PER_STRATEGY_MAX_OPEN_HIT,0.0,0.0,True,1.35,False,1.35
2026-08-12T23:03:33.737919+00:00,MICRO,BUY,1.35,False,PER_STRATEGY_MAX_OPEN_HIT,0.0,0.0,True,1.35,False,1.35
2026-08-12T23:04:34.251612+00:00,MICRO,BUY,1.35,False,PER_STRATEGY_MAX_OPEN_HIT,0.0,0.0,True,1.35,False,1.35
2026-08-12T23:09:36.784759+00:00,MICRO,BUY,1.35,False,PER_STRATEGY_MAX_OPEN_HIT,0.0,0.0,True,1.35,False,1.35
2026-08-12T23:16:40.416360+00:00,MICRO,BUY,1.35,False,PER_STRATEGY_MAX_OPEN_HIT,0.0,0.0,True,1.35,False,1.35
2026-08-12T23:17:40.883168+00:00,MICRO,BUY,1.35,False,PER_STRATEGY_MAX_OPEN_HIT,0.0,0.0,True,1.35,False,1.35
2026-08-12T23:18:41.396897+00:00,MICRO,BUY,1.35,False,PER_STRATEGY_MAX_OPEN_HIT,0.0,0.0,True,1.35,False,1.35
2026-08-12T23:19:41.899302+00:00,MICRO,BUY,1.35,False,PER_STRATEGY_MAX_OPEN_HIT,0.0,0.0,True,1.35,False,1.35
2026-08-12T23:23:43.906429+00:00,MICRO,BUY,1.35,False,PER_STRATEGY_MAX_OPEN_HIT,0.0,0.0,True,1.35,False,1.35
2026-08-12T23:24:44.392567+00:00,MICRO,BUY,1.35,False,PER_STRATEGY_MAX_OPEN_HIT,0.0,0.0,True,1.35,False,1.35
2026-08-12T23:33:48.848117+00:00,MICRO,BUY,1.35,False,PER_STRATEGY_MAX_OPEN_HIT,0.0,0.0,True,1.35,False,1.35
2026-08-12T23:40:52.366571+00:00,SMC,BUY,1.5,False,PER_STRATEGY_MAX_OPEN_HIT,0.0,0.0,True,1.5,False,1.5
2026-08-12T23:41:52.826243+00:00,SMC,BUY,1.5,False,PER_STRATEGY_MAX_OPEN_HIT,0.0,0.0,True,1.5,False,1.5
2026-08-12T23:42:53.178929+00:00,SMC,BUY,1.5,False,PER_STRATEGY_MAX_OPEN_HIT,0.0,0.0,True,1.5,False,1.5
2026-08-12T23:43:53.588033+00:00,SMC,BUY,1.5,False,PER_STRATEGY_MAX_OPEN_HIT,0.0,0.0,True,1.5,False,1.5
2026-08-12T23:44:54.000122+00:00,SMC,BUY,1.5,False,PER_STRATEGY_MAX_OPEN_HIT,0.0,0.0,True,1.5,False,1.5
2026-08-12T23:45:54.425342+00:00,SMC,BUY,1.5,False,PER_STRATEGY_MAX_OPEN_HIT,0.0,0.0,True,1.5,False,1.5
2026-08-12T23:46:54.873181+00:00,SMC,BUY,1.5,False,PER_STRATEGY_MAX_OPEN_HIT,0.0,0.0,True,1.5,False,1.5
2026-08-12T23:47:55.237909+00:00,SMC,BUY,1.5,False,PER_STRATEGY_MAX_OPEN_HIT,0.0,0.0,True,1.5,False,1.5
2026-08-12T23:48:55.656296+00:00,SMC,BUY,1.5,False,PER_STRATEGY_MAX_OPEN_HIT,0.0,0.0,True,1.5,False,1.5
2026-08-12T23:49:56.208245+00:00,SMC,BUY,1.5,False,PER_STRATEGY_MAX_OPEN_HIT,0.0,0.0,True,1.5,False,1.5
2026-08-12T23:50:56.609889+00:00,SMC,BUY,1.5,False,PER_STRATEGY_MAX_OPEN_HIT,0.0,0.0,True,1.5,False,1.5
2026-08-12T23:52:57.558409+00:00,SMC,BUY,1.5,False,PER_STRATEGY_MAX_OPEN_HIT,0.0,0.0,True,1.5,False,1.5
2026-08-12T23:53:57.963549+00:00,SMC,BUY,1.5,False,PER_STRATEGY_MAX_OPEN_HIT,0.0,0.0,True,1.5,False,1.5
2026-08-12T23:54:58.371021+00:00,SMC,BUY,1.5,False,PER_STRATEGY_MAX_OPEN_HIT,0.0,0.0,True,1.5,False,1.5
2026-08-12T23:55:58.850403+00:00,SMC,BUY,1.5,False,PER_STRATEGY_MAX_OPEN_HIT,0.0,0.0,True,1.5,False,1.5
2026-08-12T23:56:59.345418+00:00,SMC,BUY,1.5,False,PER_STRATEGY_MAX_OPEN_HIT,0.0,0.0,True,1.5,False,1.5
2026-08-12T23:57:59.941037+00:00,SMC,BUY,1.5,False,PER_STRATEGY_MAX_OPEN_HIT,0.0,0.0,True,1.5,False,1.5
2026-08-12T23:59:00.426423+00:00,SMC,BUY,1.5,False,PER_STRATEGY_MAX_OPEN_HIT,0.0,0.0,True,1.5,False,1.5
2026-08-13T00:00:01.029706+00:00,SMC,BUY,1.5,False,PER_STRATEGY_MAX_OPEN_HIT,0.0,0.0,True,1.5,False,1.5
2026-08-13T00:01:01.492618+00:00,SMC,BUY,1.5,False,PER_STRATEGY_MAX_OPEN_HIT,0.0,0.0,True,1.5,False,1.5
2026-08-13T00:02:02.002734+00:00,SMC,BUY,1.5,False,PER_STRATEGY_MAX_OPEN_HIT,0.0,0.0,True,1.5,False,1.5
2026-08-13T00:03:02.429209+00:00,SMC,BUY,1.5,False,PER_STRATEGY_MAX_OPEN_HIT,0.0,0.0,True,1.5,False,1.5
2026-08-13T00:04:02.900398+00:00,SMC,BUY,1.5,False,PER_STRATEGY_MAX_OPEN_HIT,0.0,0.0,True,1.5,False,1.5
2026-08-13T00:05:03.348618+00:00,SMC,BUY,1.5,False,PER_STRATEGY_MAX_OPEN_HIT,0.0,0.0,True,1.5,False,1.5
2026-08-13T00:06:03.764410+00:00,SMC,BUY,1.5,False,PER_STRATEGY_MAX_OPEN_HIT,0.0,0.0,True,1.5,False,1.5
2026-08-13T00:07:04.621707+00:00,SMC,BUY,1.5,False,PER_STRATEGY_MAX_OPEN_HIT,0.0,0.0,True,1.5,False,1.5
2026-08-13T00:08:05.019684+00:00,SMC,BUY,1.5,False,PER_STRATEGY_MAX_OPEN_HIT,0.0,0.0,True,1.5,False,1.5
2026-08-13T00:09:05.495831+00:00,SMC,BUY,1.5,False,PER_STRATEGY_MAX_OPEN_HIT,0.0,0.0,True,1.5,False,1.5
2026-08-13T00:10:05.934900+00:00,SMC,BUY,1.5,False,PER_STRATEGY_MAX_OPEN_HIT,0.0,0.0,True,1.5,False,1.5
2026-08-13T00:11:06.432122+00:00,SMC,BUY,1.5,False,PER_STRATEGY_MAX_OPEN_HIT,0.0,0.0,True,1.5,False,1.5
2026-08-13T00:12:06.902611+00:00,SMC,BUY,1.5,False,PER_STRATEGY_MAX_OPEN_HIT,0.0,0.0,True,1.5,False,1.5
2026-08-13T00:13:07.345868+00:00,SMC,BUY,1.5,False,PER_STRATEGY_MAX_OPEN_HIT,0.0,0.0,True,1.5,False,1.5
2026-08-13T00:14:07.794169+00:00,SMC,BUY,1.5,False,PER_STRATEGY_MAX_OPEN_HIT,0.0,0.0,True,1.5,False,1.5
2026-08-13T00:15:08.235665+00:00,SMC,BUY,1.5,False,PER_STRATEGY_MAX_OPEN_HIT,0.0,0.0,True,1.5,False,1.5
2026-08-13T00:16:08.905703+00:00,SMC,BUY,1.5,False,PER_STRATEGY_MAX_OPEN_HIT,0.0,0.0,True,1.5,False,1.5
2026-08-13T00:17:09.367056+00:00,SMC,BUY,1.5,False,PER_STRATEGY_MAX_OPEN_HIT,0.0,0.0,True,1.5,False,1.5
2026-08-13T00:18:09.817607+00:00,SMC,BUY,1.5,False,PER_STRATEGY_MAX_OPEN_HIT,0.0,0.0,True,1.5,False,1.5
2026-08-13T00:19:10.244536+00:00,SMC,BUY,1.5,False,PER_STRATEGY_MAX_OPEN_HIT,0.0,0.0,True,1.5,False,1.5
2026-08-13T00:20:10.685220+00:00,SMC,BUY,1.5,False,PER_STRATEGY_MAX_OPEN_HIT,0.0,0.0,True,1.5,False,1.5
2026-08-13T00:21:11.114204+00:00,SMC,BUY,1.5,False,PER_STRATEGY_MAX_OPEN_HIT,0.0,0.0,True,1.5,False,1.5
2026-08-13T00:22:11.801819+00:00,SMC,BUY,1.5,False,PER_STRATEGY_MAX_OPEN_HIT,0.0,0.0,True,1.5,False,1.5
2026-08-13T00:23:12.262027+00:00,SMC,BUY,1.5,False,PER_STRATEGY_MAX_OPEN_HIT,0.0,0.0,True,1.5,False,1.5
2026-08-13T00:24:12.928644+00:00,SMC,BUY,1.5,True,,0.75,0.07,True,1.5,True,0.75
2026-08-13T00:28:17.609666+00:00,SMC,BUY,1.5,False,PER_STRATEGY_MAX_OPEN_HIT,0.0,0.0,True,1.5,False,1.5
2026-08-13T00:29:17.987358+00:00,SMC,BUY,1.5,False,PER_STRATEGY_MAX_OPEN_HIT,0.0,0.0,True,1.5,False,1.5
2026-08-13T00:30:18.418245+00:00,SMC,BUY,1.5,False,PER_STRATEGY_MAX_OPEN_HIT,0.0,0.0,True,1.5,False,1.5
2026-08-13T00:31:18.910103+00:00,SMC,BUY,1.5,False,PER_STRATEGY_MAX_OPEN_HIT,0.0,0.0,True,1.5,False,1.5
2026-08-13T00:32:19.426977+00:00,SMC,BUY,1.5,False,PER_STRATEGY_MAX_OPEN_HIT,0.0,0.0,True,1.5,False,1.5
2026-08-13T00:33:19.837487+00:00,SMC,BUY,1.5,False,PER_STRATEGY_MAX_OPEN_HIT,0.0,0.0,True,1.5,False,1.5
2026-08-13T00:34:20.300005+00:00,SMC,BUY,1.5,False,PER_STRATEGY_MAX_OPEN_HIT,0.0,0.0,True,1.5,False,1.5
2026-08-13T00:35:20.789059+00:00,SMC,BUY,1.5,False,PER_STRATEGY_MAX_OPEN_HIT,0.0,0.0,True,1.5,False,1.5
2026-08-13T00:36:21.278372+00:00,SMC,BUY,1.5,False,PER_STRATEGY_MAX_OPEN_HIT,0.0,0.0,True,1.5,False,1.5
2026-08-13T00:37:21.775324+00:00,SMC,BUY,1.5,False,PER_STRATEGY_MAX_OPEN_HIT,0.0,0.0,True,1.5,False,1.5
2026-08-13T00:38:22.233395+00:00,SMC,BUY,1.5,False,PER_STRATEGY_MAX_OPEN_HIT,0.0,0.0,True,1.5,False,1.5
2026-08-13T00:39:22.722472+00:00,SMC,BUY,1.5,False,PER_STRATEGY_MAX_OPEN_HIT,0.0,0.0,True,1.5,False,1.5
2026-08-13T00:40:23.208128+00:00,SMC,BUY,1.5,False,PER_STRATEGY_MAX_OPEN_HIT,0.0,0.0,True,1.5,False,1.5
2026-08-13T00:41:23.693100+00:00,SMC,BUY,1.5,False,PER_STRATEGY_MAX_OPEN_HIT,0.0,0.0,True,1.5,False,1.5
2026-08-13T00:42:24.205057+00:00,SMC,BUY,1.5,False,PER_STRATEGY_MAX_OPEN_HIT,0.0,0.0,True,1.5,False,1.5
2026-08-13T00:43:24.681464+00:00,SMC,BUY,1.5,False,PER_STRATEGY_MAX_OPEN_HIT,0.0,0.0,True,1.5,False,1.5
2026-08-13T00:44:25.143073+00:00,SMC,BUY,1.5,False,PER_STRATEGY_MAX_OPEN_HIT,0.0,0.0,True,1.5,False,1.5
2026-08-13T00:45:25.602635+00:00,SMC,BUY,1.5,False,PER_STRATEGY_MAX_OPEN_HIT,0.0,0.0,True,1.5,False,1.5
2026-08-13T00:46:26.037199+00:00,SMC,BUY,1.5,False,PER_STRATEGY_MAX_OPEN_HIT,0.0,0.0,True,1.5,False,1.5
2026-08-13T00:47:26.473505+00:00,SMC,BUY,1.5,False,PER_STRATEGY_MAX_OPEN_HIT,0.0,0.0,True,1.5,False,1.5
2026-08-13T00:48:26.869868+00:00,SMC,BUY,1.5,False,PER_STRATEGY_MAX_OPEN_HIT,0.0,0.0,True,1.5,False,1.5
2026-08-13T00:49:27.288131+00:00,SMC,BUY,1.5,False,PER_STRATEGY_MAX_OPEN_HIT,0.0,0.0,True,1.5,False,1.5
2026-08-13T00:50:27.715951+00:00,SMC,BUY,1.5,False,PER_STRATEGY_MAX_OPEN_HIT,0.0,0.0,True,1.5,False,1.5
2026-08-13T00:51:28.141717+00:00,SMC,BUY,1.5,False,PER_STRATEGY_MAX_OPEN_HIT,0.0,0.0,True,1.5,False,1.5
2026-08-13T00:52:28.615560+00:00,SMC,BUY,1.5,False,PER_STRATEGY_MAX_OPEN_HIT,0.0,0.0,True,1.5,False,1.5
2026-08-13T00:53:29.041512+00:00,SMC,BUY,1.5,False,PER_STRATEGY_MAX_OPEN_HIT,0.0,0.0,True,1.5,False,1.5
2026-08-13T00:54:29.495742+00:00,SMC,BUY,1.5,False,PER_STRATEGY_MAX_OPEN_HIT,0.0,0.0,True,1.5,False,1.5
2026-08-13T00:55:29.954434+00:00,SMC,BUY,1.5,False,PER_STRATEGY_MAX_OPEN_HIT,0.0,0.0,True,1.5,False,1.5
2026-08-13T00:56:30.448684+00:00,SMC,BUY,1.5,False,PER_STRATEGY_MAX_OPEN_HIT,0.0,0.0,True,1.5,False,1.5
2026-08-13T00:57:30.928588+00:00,SMC,BUY,1.5,False,PER_STRATEGY_MAX_OPEN_HIT,0.0,0.0,True,1.5,False,1.5
2026-08-13T00:58:31.368832+00:00,SMC,BUY,1.5,False,PER_STRATEGY_MAX_OPEN_HIT,0.0,0.0,True,1.5,False,1.5
2026-08-13T00:59:31.800615+00:00,SMC,BUY,1.5,False,PER_STRATEGY_MAX_OPEN_HIT,0.0,0.0,True,1.5,False,1.5
2026-08-13T03:11:23.957870+00:00,MICRO,SELL,1.35,True,,0.75,0.07,True,1.35,True,0.6
2026-08-13T03:18:28.217818+00:00,MICRO,BUY,1.35,False,PER_STRATEGY_MAX_OPEN_HIT,0.0,0.0,True,1.35,False,1.35
2026-08-13T03:54:46.537086+00:00,MICRO,SELL,1.35,False,PER_STRATEGY_MAX_OPEN_HIT,0.0,0.0,True,1.35,False,1.35
2026-08-13T03:55:47.013934+00:00,MICRO,SELL,1.35,False,PER_STRATEGY_MAX_OPEN_HIT,0.0,0.0,True,1.35,False,1.35
2026-08-13T03:56:47.584968+00:00,MICRO,SELL,1.35,False,PER_STRATEGY_MAX_OPEN_HIT,0.0,0.0,True,1.35,False,1.35
2026-08-13T03:57:48.141887+00:00,MICRO,SELL,1.35,False,PER_STRATEGY_MAX_OPEN_HIT,0.0,0.0,True,1.35,False,1.35
2026-08-13T03:58:48.634879+00:00,MICRO,SELL,1.35,False,PER_STRATEGY_MAX_OPEN_HIT,0.0,0.0,True,1.35,False,1.35
2026-08-13T03:59:49.175352+00:00,MICRO,SELL,1.35,False,PER_STRATEGY_MAX_OPEN_HIT,0.0,0.0,True,1.35,False,1.35
2026-08-13T04:01:50.193090+00:00,MICRO,SELL,1.35,False,PER_STRATEGY_MAX_OPEN_HIT,0.0,0.0,True,1.35,False,1.35
2026-08-13T04:03:51.280493+00:00,MICRO,SELL,1.35,False,PER_STRATEGY_MAX_OPEN_HIT,0.0,0.0,True,1.35,False,1.35
2026-08-13T04:04:51.812732+00:00,MICRO,SELL,1.35,False,PER_STRATEGY_MAX_OPEN_HIT,0.0,0.0,True,1.35,False,1.35
2026-08-13T04:11:56.308283+00:00,MICRO,SELL,1.35,False,PER_STRATEGY_MAX_OPEN_HIT,0.0,0.0,True,1.35,False,1.35
2026-08-13T04:20:00.828033+00:00,SMC,BUY,1.5,True,,0.75,0.07,True,1.5,True,0.75
2026-08-13T04:21:01.422497+00:00,SMC,BUY,1.5,True,,0.75,0.07,True,1.5,True,0.75
2026-08-13T04:22:01.922652+00:00,MICRO,SELL,1.35,False,PER_STRATEGY_MAX_OPEN_HIT,0.0,0.0,True,1.35,False,1.35
2026-08-13T04:32:07.353886+00:00,MICRO,BUY,1.35,False,PER_STRATEGY_MAX_OPEN_HIT,0.0,0.0,True,1.35,False,1.35
2026-08-13T04:57:20.619513+00:00,MICRO,BUY,1.35,False,PER_STRATEGY_MAX_OPEN_HIT,0.0,0.0,True,1.35,False,1.35
2026-08-13T04:58:21.142262+00:00,MICRO,BUY,1.35,False,PER_STRATEGY_MAX_OPEN_HIT,0.0,0.0,True,1.35,False,1.35
2026-08-13T04:59:21.695494+00:00,MICRO,BUY,1.35,False,PER_STRATEGY_MAX_OPEN_HIT,0.0,0.0,True,1.35,False,1.35
2026-08-13T05:12:28.645906+00:00,MICRO,BUY,1.35,False,PER_STRATEGY_MAX_OPEN_HIT,0.0,0.0,True,1.35,False,1.35
2026-08-13T05:14:29.119620+00:00,MICRO,BUY,1.35,False,PER_STRATEGY_MAX_OPEN_HIT,0.0,0.0,True,1.35,False,1.35
2026-08-13T05:25:31.322340+00:00,MICRO,BUY,1.35,False,PER_STRATEGY_MAX_OPEN_HIT,0.0,0.0,True,1.35,False,1.35
2026-08-13T05:28:32.814867+00:00,SMC,BUY,1.5,True,,0.75,0.07,True,1.5,True,0.75
2026-08-13T05:29:33.284981+00:00,SMC,BUY,1.5,True,,0.75,0.07,True,1.5,True,0.75
2026-08-13T05:31:33.822163+00:00,MICRO,SELL,1.35,False,PER_STRATEGY_MAX_OPEN_HIT,0.0,0.0,True,1.35,False,1.35
2026-08-13T05:32:34.301103+00:00,MICRO,SELL,1.35,False,PER_STRATEGY_MAX_OPEN_HIT,0.0,0.0,True,1.35,False,1.35
2026-08-13T05:33:34.803097+00:00,MICRO,SELL,1.35,False,PER_STRATEGY_MAX_OPEN_HIT,0.0,0.0,True,1.35,False,1.35
2026-08-13T05:34:35.306118+00:00,MICRO,SELL,1.35,False,PER_STRATEGY_MAX_OPEN_HIT,0.0,0.0,True,1.35,False,1.35
2026-08-13T05:41:38.582750+00:00,MICRO,SELL,1.35,False,PER_STRATEGY_MAX_OPEN_HIT,0.0,0.0,True,1.35,False,1.35
2026-08-13T05:42:39.091414+00:00,MICRO,SELL,1.35,False,PER_STRATEGY_MAX_OPEN_HIT,0.0,0.0,True,1.35,False,1.35
2026-08-13T05:43:39.610444+00:00,MICRO,SELL,1.35,False,PER_STRATEGY_MAX_OPEN_HIT,0.0,0.0,True,1.35,False,1.35
2026-08-13T05:44:40.154385+00:00,MICRO,SELL,1.35,False,PER_STRATEGY_MAX_OPEN_HIT,0.0,0.0,True,1.35,False,1.35
2026-08-13T05:46:41.227753+00:00,MICRO,SELL,1.35,False,PER_STRATEGY_MAX_OPEN_HIT,0.0,0.0,True,1.35,False,1.35
2026-08-13T06:34:05.254805+00:00,MICRO,SELL,1.35,True,,0.75,0.07,True,1.35,True,0.6
2026-08-13T06:37:07.802088+00:00,MICRO,SELL,1.35,False,PER_STRATEGY_MAX_OPEN_HIT,0.0,0.0,True,1.35,False,1.35
2026-08-13T06:41:10.327908+00:00,MICRO,BUY,1.35,False,PER_STRATEGY_MAX_OPEN_HIT,0.0,0.0,True,1.35,False,1.35
2026-08-13T06:42:11.003872+00:00,MICRO,BUY,1.35,False,PER_STRATEGY_MAX_OPEN_HIT,0.0,0.0,True,1.35,False,1.35
2026-08-13T06:43:11.529342+00:00,MICRO,BUY,1.35,False,PER_STRATEGY_MAX_OPEN_HIT,0.0,0.0,True,1.35,False,1.35
2026-08-13T06:44:12.020483+00:00,MICRO,BUY,1.35,False,PER_STRATEGY_MAX_OPEN_HIT,0.0,0.0,True,1.35,False,1.35
2026-08-13T06:54:14.957217+00:00,MICRO,BUY,1.35,False,PER_STRATEGY_MAX_OPEN_HIT,0.0,0.0,True,1.35,False,1.35
2026-08-13T06:56:16.003712+00:00,MICRO,BUY,1.35,False,PER_STRATEGY_MAX_OPEN_HIT,0.0,0.0,True,1.35,False,1.35
2026-08-13T07:01:18.529060+00:00,MICRO,SELL,1.35,False,PER_STRATEGY_MAX_OPEN_HIT,0.0,0.0,True,1.35,False,1.35
2026-08-13T07:13:25.077871+00:00,MICRO,SELL,1.35,False,PER_STRATEGY_MAX_OPEN_HIT,0.0,0.0,True,1.35,False,1.35
2026-08-13T07:30:33.875042+00:00,MICRO,SELL,1.35,False,PER_STRATEGY_MAX_OPEN_HIT,0.0,0.0,True,1.35,False,1.35
2026-08-13T07:33:35.647525+00:00,MICRO,SELL,1.35,False,PER_STRATEGY_MAX_OPEN_HIT,0.0,0.0,True,1.35,False,1.35
2026-08-13T07:34:36.157069+00:00,MICRO,SELL,1.35,False,PER_STRATEGY_MAX_OPEN_HIT,0.0,0.0,True,1.35,False,1.35
2026-08-13T07:40:39.344478+00:00,SMC,BUY,1.5,True,,0.75,0.07,True,1.5,True,0.75
2026-08-13T07:41:39.861824+00:00,SMC,BUY,1.5,True,,0.75,0.07,True,1.5,True,0.75
2026-08-13T07:42:40.382775+00:00,MICRO,BUY,1.35,False,PER_STRATEGY_MAX_OPEN_HIT,0.0,0.0,True,1.35,False,1.35
2026-08-13T07:43:40.867008+00:00,MICRO,BUY,1.35,False,PER_STRATEGY_MAX_OPEN_HIT,0.0,0.0,True,1.35,False,1.35
2026-08-13T07:44:41.406186+00:00,MICRO,BUY,1.35,False,PER_STRATEGY_MAX_OPEN_HIT,0.0,0.0,True,1.35,False,1.35
2026-08-13T07:49:43.959371+00:00,MICRO,SELL,1.35,False,PER_STRATEGY_MAX_OPEN_HIT,0.0,0.0,True,1.35,False,1.35
2026-08-13T10:00:49.892689+00:00,SMC,BUY,1.5,True,,0.75,0.07,True,1.5,True,0.75
2026-08-13T10:01:51.154595+00:00,SMC,BUY,1.5,True,,0.75,0.07,True,1.5,True,0.75
2026-08-13T10:02:51.726763+00:00,SMC,BUY,1.5,True,,0.75,0.07,True,1.5,True,0.75
2026-08-13T10:03:52.281533+00:00,SMC,BUY,1.5,True,,0.75,0.07,True,1.5,True,0.75
2026-08-13T10:04:52.912180+00:00,SMC,BUY,1.5,True,,0.75,0.07,True,1.5,True,0.75
2026-08-13T10:05:53.479664+00:00,SMC,BUY,1.5,True,,0.75,0.07,True,1.5,True,0.75
2026-08-13T10:06:53.951466+00:00,SMC,BUY,1.5,True,,0.75,0.07,True,1.5,True,0.75
2026-08-13T10:07:54.478569+00:00,SMC,BUY,1.5,True,,0.75,0.07,True,1.5,True,0.75
2026-08-13T10:08:54.999587+00:00,SMC,BUY,1.5,True,,0.75,0.07,True,1.5,True,0.75
2026-08-13T10:09:55.501659+00:00,SMC,BUY,1.5,True,,0.75,0.07,True,1.5,True,0.75
2026-08-13T10:10:56.036443+00:00,SMC,BUY,1.5,True,,0.75,0.07,True,1.5,True,0.75
2026-08-13T10:11:56.526181+00:00,SMC,BUY,1.5,True,,0.75,0.07,True,1.5,True,0.75
2026-08-13T10:12:57.076631+00:00,SMC,BUY,1.5,True,,0.75,0.07,True,1.5,True,0.75
2026-08-13T10:12:57.101388+00:00,MICRO,SELL,1.35,False,PER_STRATEGY_MAX_OPEN_HIT,0.0,0.0,True,1.35,False,1.35
2026-08-13T10:13:57.716086+00:00,MICRO,SELL,1.35,False,PER_STRATEGY_MAX_OPEN_HIT,0.0,0.0,True,1.35,False,1.35
2026-08-13T10:14:58.201138+00:00,MICRO,SELL,1.35,False,PER_STRATEGY_MAX_OPEN_HIT,0.0,0.0,True,1.35,False,1.35
2026-08-13T10:17:59.782017+00:00,SMC,BUY,1.5,True,,0.75,0.07,True,1.5,True,0.75
2026-08-13T10:19:00.327805+00:00,SMC,BUY,1.5,True,,0.75,0.07,True,1.5,True,0.75
2026-08-13T10:20:00.873976+00:00,SMC,BUY,1.5,True,,0.75,0.07,True,1.5,True,0.75
2026-08-13T10:21:01.503707+00:00,SMC,BUY,1.5,True,,0.75,0.07,True,1.5,True,0.75
2026-08-13T10:22:01.997079+00:00,SMC,BUY,1.5,True,,0.75,0.07,True,1.5,True,0.75
2026-08-13T10:23:02.526482+00:00,SMC,BUY,1.5,True,,0.75,0.07,True,1.5,True,0.75
2026-08-13T10:24:02.999279+00:00,SMC,BUY,1.5,True,,0.75,0.07,True,1.5,True,0.75
2026-08-13T10:26:03.577439+00:00,SMC,BUY,1.5,True,,0.75,0.07,True,1.5,True,0.75
2026-08-13T10:27:04.056895+00:00,SMC,BUY,1.5,True,,0.75,0.07,True,1.5,True,0.75
2026-08-13T10:28:04.560934+00:00,SMC,BUY,1.5,True,,0.75,0.07,True,1.5,True,0.75
2026-08-13T10:29:05.121034+00:00,SMC,BUY,1.5,True,,0.75,0.07,True,1.5,True,0.75
2026-08-13T10:30:05.653156+00:00,SMC,BUY,1.5,True,,0.75,0.07,True,1.5,True,0.75
2026-08-13T10:31:06.197706+00:00,SMC,BUY,1.5,True,,0.75,0.07,True,1.5,True,0.75
2026-08-13T10:32:06.674822+00:00,SMC,BUY,1.5,True,,0.75,0.07,True,1.5,True,0.75
2026-08-13T10:33:07.188760+00:00,SMC,BUY,1.5,True,,0.75,0.07,True,1.5,True,0.75
2026-08-13T10:35:07.770813+00:00,SMC,BUY,1.5,True,,0.75,0.07,True,1.5,True,0.75
2026-08-13T10:36:08.319806+00:00,SMC,BUY,1.5,True,,0.75,0.07,True,1.5,True,0.75
2026-08-13T10:37:08.802613+00:00,SMC,BUY,1.5,True,,0.75,0.07,True,1.5,True,0.75
2026-08-13T10:38:09.348829+00:00,SMC,BUY,1.5,True,,0.75,0.07,True,1.5,True,0.75
2026-08-13T10:38:09.375137+00:00,MICRO,BUY,1.35,False,PER_STRATEGY_MAX_OPEN_HIT,0.0,0.0,True,1.35,False,1.35
2026-08-13T10:39:09.890414+00:00,SMC,BUY,1.5,True,,0.75,0.07,True,1.5,True,0.75
2026-08-13T10:39:09.916799+00:00,MICRO,BUY,1.35,False,PER_STRATEGY_MAX_OPEN_HIT,0.0,0.0,True,1.35,False,1.35
2026-08-13T10:40:10.380142+00:00,SMC,BUY,1.5,True,,0.75,0.07,True,1.5,True,0.75
2026-08-13T10:41:10.970849+00:00,SMC,BUY,1.5,True,,0.75,0.07,True,1.5,True,0.75
2026-08-13T10:42:11.491806+00:00,SMC,BUY,1.5,True,,0.75,0.07,True,1.5,True,0.75
2026-08-13T10:43:12.047778+00:00,SMC,BUY,1.5,True,,0.75,0.07,True,1.5,True,0.75
2026-08-13T10:44:12.562835+00:00,SMC,BUY,1.5,True,,0.75,0.07,True,1.5,True,0.75
2026-08-13T10:44:12.588989+00:00,MICRO,BUY,1.35,False,PER_STRATEGY_MAX_OPEN_HIT,0.0,0.0,True,1.35,False,1.35
2026-08-13T10:45:13.091390+00:00,SMC,BUY,1.5,True,,0.75,0.07,True,1.5,True,0.75
2026-08-13T10:46:13.662717+00:00,SMC,BUY,1.5,True,,0.75,0.07,True,1.5,True,0.75
2026-08-13T10:47:14.385976+00:00,SMC,BUY,1.5,True,,0.75,0.07,True,1.5,True,0.75
2026-08-13T10:48:15.065063+00:00,SMC,BUY,1.5,True,,0.75,0.07,True,1.5,True,0.75
2026-08-13T10:49:16.215979+00:00,SMC,BUY,1.5,True,,0.75,0.07,True,1.5,True,0.75
2026-08-13T10:50:16.788335+00:00,SMC,BUY,1.5,True,,0.75,0.07,True,1.5,True,0.75
2026-08-13T10:50:16.815610+00:00,MICRO,BUY,1.35,False,PER_STRATEGY_MAX_OPEN_HIT,0.0,0.0,True,1.35,False,1.35
2026-08-13T10:51:17.466351+00:00,SMC,BUY,1.5,True,,0.75,0.07,True,1.5,True,0.75
2026-08-13T10:51:17.480665+00:00,MICRO,BUY,1.35,False,PER_STRATEGY_MAX_OPEN_HIT,0.0,0.0,True,1.35,False,1.35
2026-08-13T10:52:17.956946+00:00,SMC,BUY,1.5,True,,0.75,0.07,True,1.5,True,0.75
2026-08-13T10:52:17.979375+00:00,MICRO,BUY,1.35,False,PER_STRATEGY_MAX_OPEN_HIT,0.0,0.0,True,1.35,False,1.35
2026-08-13T10:53:18.454986+00:00,SMC,BUY,1.5,True,,0.75,0.07,True,1.5,True,0.75
2026-08-13T10:53:18.481342+00:00,MICRO,BUY,1.35,False,PER_STRATEGY_MAX_OPEN_HIT,0.0,0.0,True,1.35,False,1.35
2026-08-13T10:54:18.922910+00:00,SMC,BUY,1.5,True,,0.75,0.07,True,1.5,True,0.75
2026-08-13T10:54:18.945768+00:00,MICRO,BUY,1.35,False,PER_STRATEGY_MAX_OPEN_HIT,0.0,0.0,True,1.35,False,1.35
2026-08-13T10:55:19.450814+00:00,SMC,BUY,1.5,True,,0.75,0.07,True,1.5,True,0.75
2026-08-13T10:56:20.002430+00:00,SMC,BUY,1.5,True,,0.75,0.07,True,1.5,True,0.75
2026-08-13T10:57:20.533561+00:00,SMC,BUY,1.5,True,,0.75,0.07,True,1.5,True,0.75
2026-08-13T10:58:21.072436+00:00,SMC,BUY,1.5,True,,0.75,0.07,True,1.5,True,0.75
2026-08-13T10:59:21.566630+00:00,SMC,BUY,1.5,True,,0.75,0.07,True,1.5,True,0.75
2026-08-13T11:00:22.115845+00:00,SMC,BUY,1.5,True,,0.75,0.07,True,1.5,True,0.75
2026-08-13T11:01:22.673319+00:00,SMC,BUY,1.5,True,,0.75,0.07,True,1.5,True,0.75
2026-08-13T11:02:23.189825+00:00,SMC,BUY,1.5,True,,0.75,0.07,True,1.5,True,0.75
2026-08-13T11:03:23.709637+00:00,SMC,BUY,1.5,True,,0.75,0.07,True,1.5,True,0.75
2026-08-13T11:03:23.732382+00:00,MICRO,SELL,1.35,False,PER_STRATEGY_MAX_OPEN_HIT,0.0,0.0,True,1.35,False,1.35
2026-08-13T11:04:24.287267+00:00,SMC,BUY,1.5,True,,0.75,0.07,True,1.5,True,0.75
2026-08-13T11:04:24.311276+00:00,MICRO,SELL,1.35,False,PER_STRATEGY_MAX_OPEN_HIT,0.0,0.0,True,1.35,False,1.35
2026-08-13T11:05:24.866625+00:00,SMC,BUY,1.5,True,,0.75,0.07,True,1.5,True,0.75
2026-08-13T11:06:25.456070+00:00,SMC,BUY,1.5,True,,0.75,0.07,True,1.5,True,0.75
2026-08-13T11:07:26.012187+00:00,SMC,BUY,1.5,True,,0.75,0.07,True,1.5,True,0.75
2026-08-13T11:08:26.585528+00:00,SMC,BUY,1.5,True,,0.75,0.07,True,1.5,True,0.75
2026-08-13T11:09:27.112722+00:00,SMC,BUY,1.5,True,,0.75,0.07,True,1.5,True,0.75
2026-08-13T11:10:27.632687+00:00,SMC,BUY,1.5,True,,0.75,0.07,True,1.5,True,0.75
2026-08-13T11:11:28.240841+00:00,SMC,BUY,1.5,True,,0.75,0.07,True,1.5,True,0.75
2026-08-13T11:12:28.715792+00:00,SMC,BUY,1.5,True,,0.75,0.07,True,1.5,True,0.75
2026-08-13T11:12:28.742464+00:00,MICRO,BUY,1.35,False,PER_STRATEGY_MAX_OPEN_HIT,0.0,0.0,True,1.35,False,1.35
2026-08-13T11:13:29.223371+00:00,SMC,BUY,1.5,True,,0.75,0.07,True,1.5,True,0.75
2026-08-13T11:13:29.247901+00:00,MICRO,BUY,1.35,False,PER_STRATEGY_MAX_OPEN_HIT,0.0,0.0,True,1.35,False,1.35
2026-08-13T11:14:29.783336+00:00,SMC,BUY,1.5,True,,0.75,0.07,True,1.5,True,0.75
2026-08-13T11:14:29.805993+00:00,MICRO,BUY,1.35,False,PER_STRATEGY_MAX_OPEN_HIT,0.0,0.0,True,1.35,False,1.35
2026-08-13T11:15:30.343480+00:00,SMC,BUY,1.5,True,,0.75,0.07,True,1.5,True,0.75
2026-08-13T11:15:30.365404+00:00,MICRO,BUY,1.35,False,PER_STRATEGY_MAX_OPEN_HIT,0.0,0.0,True,1.35,False,1.35
2026-08-13T11:16:30.888443+00:00,SMC,BUY,1.5,True,,0.75,0.07,True,1.5,True,0.75
2026-08-13T11:18:31.396786+00:00,SMC,BUY,1.5,True,,0.75,0.07,True,1.5,True,0.75
2026-08-13T11:19:31.892117+00:00,SMC,BUY,1.5,True,,0.75,0.07,True,1.5,True,0.75
2026-08-13T11:21:32.928560+00:00,SMC,BUY,1.5,True,,0.75,0.07,True,1.5,True,0.75
2026-08-13T11:22:33.374867+00:00,MICRO,SELL,1.35,False,PER_STRATEGY_MAX_OPEN_HIT,0.0,0.0,True,1.35,False,1.35
2026-08-13T11:23:33.884610+00:00,MICRO,SELL,1.35,False,PER_STRATEGY_MAX_OPEN_HIT,0.0,0.0,True,1.35,False,1.35
2026-08-13T11:26:35.531849+00:00,MICRO,SELL,1.35,False,PER_STRATEGY_MAX_OPEN_HIT,0.0,0.0,True,1.35,False,1.35
2026-08-13T11:28:36.580545+00:00,MICRO,SELL,1.35,False,PER_STRATEGY_MAX_OPEN_HIT,0.0,0.0,True,1.35,False,1.35
2026-08-13T11:29:37.305802+00:00,MICRO,SELL,1.35,False,PER_STRATEGY_MAX_OPEN_HIT,0.0,0.0,True,1.35,False,1.35
2026-08-13T11:40:43.068864+00:00,MICRO,SELL,1.35,False,PER_STRATEGY_MAX_OPEN_HIT,0.0,0.0,True,1.35,False,1.35
2026-08-13T11:41:43.659919+00:00,MICRO,SELL,1.35,False,PER_STRATEGY_MAX_OPEN_HIT,0.0,0.0,True,1.35,False,1.35
2026-08-13T11:42:44.124472+00:00,MICRO,SELL,1.35,False,PER_STRATEGY_MAX_OPEN_HIT,0.0,0.0,True,1.35,False,1.35
2026-08-13T11:43:44.613971+00:00,MICRO,SELL,1.35,False,PER_STRATEGY_MAX_OPEN_HIT,0.0,0.0,True,1.35,False,1.35
2026-08-13T11:44:45.127995+00:00,MICRO,SELL,1.35,False,PER_STRATEGY_MAX_OPEN_HIT,0.0,0.0,True,1.35,False,1.35
2026-08-13T11:59:54.373750+00:00,MICRO,BUY,1.35,False,PER_STRATEGY_MAX_OPEN_HIT,0.0,0.0,True,1.35,False,1.35
2026-08-13T12:06:58.033965+00:00,MICRO,BUY,1.35,False,PER_STRATEGY_MAX_OPEN_HIT,0.0,0.0,True,1.35,False,1.35
2026-08-13T12:08:59.076849+00:00,MICRO,BUY,1.35,False,PER_STRATEGY_MAX_OPEN_HIT,0.0,0.0,True,1.35,False,1.35
2026-08-13T12:09:59.582652+00:00,MICRO,BUY,1.35,False,PER_STRATEGY_MAX_OPEN_HIT,0.0,0.0,True,1.35,False,1.35
2026-08-13T12:15:02.410471+00:00,SMC,BUY,1.5,True,,0.75,0.07,True,1.5,True,0.75
2026-08-13T12:16:03.000621+00:00,MICRO,SELL,1.35,False,PER_STRATEGY_MAX_OPEN_HIT,0.0,0.0,True,1.35,False,1.35
2026-08-13T12:40:11.072362+00:00,SMC,BUY,1.5,True,,0.75,0.07,True,1.5,True,0.75
2026-08-13T13:10:25.947278+00:00,SMC,BUY,1.5,False,PER_STRATEGY_MAX_OPEN_HIT,0.0,0.0,True,1.5,False,1.5
2026-08-13T13:11:26.370116+00:00,SMC,BUY,1.5,False,PER_STRATEGY_MAX_OPEN_HIT,0.0,0.0,True,1.5,False,1.5
2026-08-13T14:35:57.322484+00:00,SMC,BUY,1.5,True,,0.75,0.07,True,1.5,True,0.75
2026-08-13T14:35:58.293951+00:00,MICRO,BUY,1.35,True,,0.75,0.07,True,1.35,True,0.6
2026-08-13T14:40:02.379600+00:00,SMC,BUY,1.5,False,PER_STRATEGY_MAX_OPEN_HIT,0.0,0.0,True,1.5,False,1.5
2026-08-13T14:41:02.885379+00:00,SMC,BUY,1.5,False,PER_STRATEGY_MAX_OPEN_HIT,0.0,0.0,True,1.5,False,1.5
2026-08-13T14:42:03.334535+00:00,SMC,BUY,1.5,False,PER_STRATEGY_MAX_OPEN_HIT,0.0,0.0,True,1.5,False,1.5
2026-08-13T14:43:03.746608+00:00,SMC,BUY,1.5,False,PER_STRATEGY_MAX_OPEN_HIT,0.0,0.0,True,1.5,False,1.5
2026-08-13T14:44:04.202202+00:00,SMC,BUY,1.5,False,PER_STRATEGY_MAX_OPEN_HIT,0.0,0.0,True,1.5,False,1.5
2026-08-13T14:47:04.766806+00:00,SMC,BUY,1.5,False,PER_STRATEGY_MAX_OPEN_HIT,0.0,0.0,True,1.5,False,1.5
2026-08-13T14:48:05.215509+00:00,SMC,BUY,1.5,False,PER_STRATEGY_MAX_OPEN_HIT,0.0,0.0,True,1.5,False,1.5
2026-08-13T14:49:05.757523+00:00,SMC,BUY,1.5,False,PER_STRATEGY_MAX_OPEN_HIT,0.0,0.0,True,1.5,False,1.5
2026-08-13T14:50:06.219323+00:00,SMC,BUY,1.5,False,PER_STRATEGY_MAX_OPEN_HIT,0.0,0.0,True,1.5,False,1.5
2026-08-13T14:51:06.607391+00:00,SMC,BUY,1.5,False,PER_STRATEGY_MAX_OPEN_HIT,0.0,0.0,True,1.5,False,1.5
2026-08-13T14:52:07.257561+00:00,SMC,BUY,1.5,False,PER_STRATEGY_MAX_OPEN_HIT,0.0,0.0,True,1.5,False,1.5
2026-08-13T14:53:07.674272+00:00,SMC,BUY,1.5,False,PER_STRATEGY_MAX_OPEN_HIT,0.0,0.0,True,1.5,False,1.5
2026-08-13T14:54:08.106982+00:00,SMC,BUY,1.5,False,PER_STRATEGY_MAX_OPEN_HIT,0.0,0.0,True,1.5,False,1.5
2026-08-13T15:31:25.088035+00:00,SMC,BUY,1.65,False,PER_STRATEGY_MAX_OPEN_HIT,0.0,0.0,True,1.65,False,1.65
2026-08-13T15:32:25.610161+00:00,SMC,BUY,1.5,False,PER_STRATEGY_MAX_OPEN_HIT,0.0,0.0,True,1.5,False,1.5
2026-08-13T15:35:27.119868+00:00,SMC,BUY,1.65,False,PER_STRATEGY_MAX_OPEN_HIT,0.0,0.0,True,1.65,False,1.65
2026-08-13T15:36:27.582391+00:00,SMC,BUY,1.65,False,PER_STRATEGY_MAX_OPEN_HIT,0.0,0.0,True,1.65,False,1.65
2026-08-13T15:37:27.997712+00:00,SMC,BUY,1.65,False,PER_STRATEGY_MAX_OPEN_HIT,0.0,0.0,True,1.65,False,1.65
2026-08-13T15:38:28.400557+00:00,SMC,BUY,1.65,False,PER_STRATEGY_MAX_OPEN_HIT,0.0,0.0,True,1.65,False,1.65
2026-08-13T15:39:28.820109+00:00,SMC,BUY,1.5,False,PER_STRATEGY_MAX_OPEN_HIT,0.0,0.0,True,1.5,False,1.5
2026-08-13T15:40:29.243930+00:00,SMC,BUY,1.5,False,PER_STRATEGY_MAX_OPEN_HIT,0.0,0.0,True,1.5,False,1.5
2026-08-13T15:41:29.813403+00:00,SMC,BUY,1.5,False,PER_STRATEGY_MAX_OPEN_HIT,0.0,0.0,True,1.5,False,1.5
2026-08-13T15:42:30.231801+00:00,SMC,BUY,1.5,False,PER_STRATEGY_MAX_OPEN_HIT,0.0,0.0,True,1.5,False,1.5
2026-08-13T15:43:30.629915+00:00,SMC,BUY,1.5,False,PER_STRATEGY_MAX_OPEN_HIT,0.0,0.0,True,1.5,False,1.5
2026-08-13T15:44:31.072588+00:00,SMC,BUY,1.5,False,PER_STRATEGY_MAX_OPEN_HIT,0.0,0.0,True,1.5,False,1.5
2026-08-13T15:45:31.486743+00:00,SMC,BUY,1.5,False,PER_STRATEGY_MAX_OPEN_HIT,0.0,0.0,True,1.5,False,1.5
2026-08-13T15:46:31.993417+00:00,SMC,BUY,1.5,False,PER_STRATEGY_MAX_OPEN_HIT,0.0,0.0,True,1.5,False,1.5
2026-08-13T15:47:32.432319+00:00,SMC,BUY,1.5,False,PER_STRATEGY_MAX_OPEN_HIT,0.0,0.0,True,1.5,False,1.5
2026-08-13T15:48:32.861469+00:00,SMC,BUY,1.5,False,PER_STRATEGY_MAX_OPEN_HIT,0.0,0.0,True,1.5,False,1.5
2026-08-13T15:49:33.332414+00:00,SMC,BUY,1.5,False,PER_STRATEGY_MAX_OPEN_HIT,0.0,0.0,True,1.5,False,1.5
2026-08-13T15:50:33.787661+00:00,SMC,BUY,1.5,False,PER_STRATEGY_MAX_OPEN_HIT,0.0,0.0,True,1.5,False,1.5
2026-08-13T15:51:34.503236+00:00,SMC,BUY,1.5,False,PER_STRATEGY_MAX_OPEN_HIT,0.0,0.0,True,1.5,False,1.5
2026-08-13T15:52:34.961412+00:00,SMC,BUY,1.5,False,PER_STRATEGY_MAX_OPEN_HIT,0.0,0.0,True,1.5,False,1.5
2026-08-13T15:53:35.406896+00:00,SMC,BUY,1.5,False,PER_STRATEGY_MAX_OPEN_HIT,0.0,0.0,True,1.5,False,1.5
2026-08-13T15:54:35.792929+00:00,SMC,BUY,1.5,False,PER_STRATEGY_MAX_OPEN_HIT,0.0,0.0,True,1.5,False,1.5
2026-08-13T15:55:36.253172+00:00,SMC,BUY,1.5,False,PER_STRATEGY_MAX_OPEN_HIT,0.0,0.0,True,1.5,False,1.5
2026-08-13T15:56:36.744414+00:00,SMC,BUY,1.5,False,PER_STRATEGY_MAX_OPEN_HIT,0.0,0.0,True,1.5,False,1.5
2026-08-13T15:57:37.116579+00:00,SMC,BUY,1.5,False,PER_STRATEGY_MAX_OPEN_HIT,0.0,0.0,True,1.5,False,1.5
2026-08-13T15:58:37.530124+00:00,SMC,BUY,1.5,False,PER_STRATEGY_MAX_OPEN_HIT,0.0,0.0,True,1.5,False,1.5
2026-08-13T15:59:38.164238+00:00,SMC,BUY,1.5,False,PER_STRATEGY_MAX_OPEN_HIT,0.0,0.0,True,1.5,False,1.5
2026-08-13T16:17:47.966867+00:00,MICRO,SELL,1.35,False,PER_STRATEGY_MAX_OPEN_HIT,0.0,0.0,True,1.35,False,1.35
2026-08-13T16:18:48.504243+00:00,MICRO,SELL,1.35,False,PER_STRATEGY_MAX_OPEN_HIT,0.0,0.0,True,1.35,False,1.35
2026-08-13T16:19:49.019486+00:00,MICRO,SELL,1.35,False,PER_STRATEGY_MAX_OPEN_HIT,0.0,0.0,True,1.35,False,1.35
2026-08-13T16:21:50.183708+00:00,MICRO,BUY,1.35,False,PER_STRATEGY_MAX_OPEN_HIT,0.0,0.0,True,1.35,False,1.35
2026-08-13T16:29:54.489046+00:00,SMC,BUY,1.5,False,PER_STRATEGY_MAX_OPEN_HIT,0.0,0.0,True,1.5,False,1.5
2026-08-13T16:30:54.940532+00:00,SMC,BUY,1.5,False,PER_STRATEGY_MAX_OPEN_HIT,0.0,0.0,True,1.5,False,1.5
2026-08-13T16:31:55.460793+00:00,SMC,BUY,1.5,False,PER_STRATEGY_MAX_OPEN_HIT,0.0,0.0,True,1.5,False,1.5
2026-08-13T16:32:55.926642+00:00,SMC,BUY,1.5,False,PER_STRATEGY_MAX_OPEN_HIT,0.0,0.0,True,1.5,False,1.5
2026-08-13T16:33:56.371852+00:00,SMC,BUY,1.5,False,PER_STRATEGY_MAX_OPEN_HIT,0.0,0.0,True,1.5,False,1.5
2026-08-13T16:34:56.791720+00:00,SMC,BUY,1.5,False,PER_STRATEGY_MAX_OPEN_HIT,0.0,0.0,True,1.5,False,1.5
2026-08-13T16:35:57.200625+00:00,SMC,BUY,1.5,False,PER_STRATEGY_MAX_OPEN_HIT,0.0,0.0,True,1.5,False,1.5
2026-08-13T16:36:57.690967+00:00,SMC,BUY,1.5,False,PER_STRATEGY_MAX_OPEN_HIT,0.0,0.0,True,1.5,False,1.5
2026-08-13T16:37:58.158735+00:00,SMC,BUY,1.5,False,PER_STRATEGY_MAX_OPEN_HIT,0.0,0.0,True,1.5,False,1.5
2026-08-13T16:38:58.582903+00:00,SMC,BUY,1.5,False,PER_STRATEGY_MAX_OPEN_HIT,0.0,0.0,True,1.5,False,1.5
2026-08-13T16:39:59.137136+00:00,SMC,BUY,1.5,False,PER_STRATEGY_MAX_OPEN_HIT,0.0,0.0,True,1.5,False,1.5
2026-08-13T16:40:59.587328+00:00,SMC,BUY,1.5,False,PER_STRATEGY_MAX_OPEN_HIT,0.0,0.0,True,1.5,False,1.5
2026-08-13T16:42:00.084447+00:00,SMC,BUY,1.5,False,PER_STRATEGY_MAX_OPEN_HIT,0.0,0.0,True,1.5,False,1.5
2026-08-13T16:43:00.536325+00:00,SMC,BUY,1.5,False,PER_STRATEGY_MAX_OPEN_HIT,0.0,0.0,True,1.5,False,1.5
2026-08-13T16:44:00.984159+00:00,SMC,BUY,1.5,False,PER_STRATEGY_MAX_OPEN_HIT,0.0,0.0,True,1.5,False,1.5
2026-08-13T16:45:01.412584+00:00,SMC,BUY,1.5,False,PER_STRATEGY_MAX_OPEN_HIT,0.0,0.0,True,1.5,False,1.5
2026-08-13T16:46:01.864023+00:00,SMC,BUY,1.5,False,PER_STRATEGY_MAX_OPEN_HIT,0.0,0.0,True,1.5,False,1.5
2026-08-13T16:47:02.317557+00:00,SMC,BUY,1.5,False,PER_STRATEGY_MAX_OPEN_HIT,0.0,0.0,True,1.5,False,1.5
2026-08-13T16:48:02.732823+00:00,SMC,BUY,1.5,False,PER_STRATEGY_MAX_OPEN_HIT,0.0,0.0,True,1.5,False,1.5
2026-08-13T16:49:03.175762+00:00,SMC,BUY,1.5,False,PER_STRATEGY_MAX_OPEN_HIT,0.0,0.0,True,1.5,False,1.5
2026-08-13T17:02:10.946356+00:00,MICRO,BUY,1.35,False,PER_STRATEGY_MAX_OPEN_HIT,0.0,0.0,True,1.35,False,1.35
2026-08-13T17:07:13.816926+00:00,MICRO,BUY,1.35,False,PER_STRATEGY_MAX_OPEN_HIT,0.0,0.0,True,1.35,False,1.35
2026-08-13T17:09:14.937255+00:00,MICRO,BUY,1.35,False,PER_STRATEGY_MAX_OPEN_HIT,0.0,0.0,True,1.35,False,1.35
2026-08-13T17:10:15.488886+00:00,SMC,BUY,1.5,False,PER_STRATEGY_MAX_OPEN_HIT,0.0,0.0,True,1.5,False,1.5
2026-08-13T17:11:15.954389+00:00,SMC,BUY,1.5,False,PER_STRATEGY_MAX_OPEN_HIT,0.0,0.0,True,1.5,False,1.5
2026-08-13T17:12:16.542091+00:00,SMC,BUY,1.5,False,PER_STRATEGY_MAX_OPEN_HIT,0.0,0.0,True,1.5,False,1.5
2026-08-13T17:13:16.940991+00:00,SMC,BUY,1.5,False,PER_STRATEGY_MAX_OPEN_HIT,0.0,0.0,True,1.5,False,1.5
2026-08-13T17:14:17.374286+00:00,SMC,BUY,1.5,False,PER_STRATEGY_MAX_OPEN_HIT,0.0,0.0,True,1.5,False,1.5
2026-08-13T17:16:18.798051+00:00,MICRO,SELL,1.35,False,PER_STRATEGY_MAX_OPEN_HIT,0.0,0.0,True,1.35,False,1.35
2026-08-13T17:17:19.406465+00:00,MICRO,SELL,1.35,False,PER_STRATEGY_MAX_OPEN_HIT,0.0,0.0,True,1.35,False,1.35
2026-08-13T17:25:23.638872+00:00,SMC,BUY,1.5,False,PER_STRATEGY_MAX_OPEN_HIT,0.0,0.0,True,1.5,False,1.5
2026-08-13T17:26:24.067268+00:00,SMC,BUY,1.5,False,PER_STRATEGY_MAX_OPEN_HIT,0.0,0.0,True,1.5,False,1.5
2026-08-13T17:27:24.553215+00:00,SMC,BUY,1.5,False,PER_STRATEGY_MAX_OPEN_HIT,0.0,0.0,True,1.5,False,1.5
2026-08-14T02:11:06.248635+00:00,SMC,SELL,0.75,True,,0.5,0.05,True,0.75,True,0.25
2026-08-14T02:21:12.347968+00:00,SMC,SELL,0.75,True,,0.5,0.05,True,0.75,True,0.25
2026-08-14T05:07:45.038091+00:00,SMC,SELL,0.75,True,,0.5,0.05,True,0.75,True,0.25
2026-08-14T05:08:45.757512+00:00,SMC,SELL,0.75,True,,0.5,0.05,True,0.75,True,0.25
2026-08-14T10:26:32.116235+00:00,SMC,SELL,0.75,True,,0.5,0.05,True,0.75,True,0.25
2026-08-14T15:11:50.971797+00:00,SMC,SELL,0.75,True,,0.5,0.05,True,0.75,True,0.25
2026-08-14T15:15:54.320470+00:00,SMC,SELL,0.825,False,PER_STRATEGY_MAX_OPEN_HIT,0.0,0.0,True,0.825,False,0.825
2026-08-14T15:16:54.944284+00:00,SMC,SELL,0.825,False,PER_STRATEGY_MAX_OPEN_HIT,0.0,0.0,True,0.825,False,0.825
2026-08-14T15:17:55.428619+00:00,SMC,SELL,0.825,False,PER_STRATEGY_MAX_OPEN_HIT,0.0,0.0,True,0.825,False,0.825
2026-08-14T15:18:56.058690+00:00,SMC,SELL,0.75,False,PER_STRATEGY_MAX_OPEN_HIT,0.0,0.0,True,0.75,False,0.75
2026-08-14T15:19:56.531832+00:00,SMC,SELL,0.75,False,PER_STRATEGY_MAX_OPEN_HIT,0.0,0.0,True,0.75,False,0.75
2026-08-14T15:20:57.058730+00:00,SMC,SELL,0.75,False,PER_STRATEGY_MAX_OPEN_HIT,0.0,0.0,True,0.75,False,0.75
2026-08-14T15:21:57.667136+00:00,SMC,SELL,0.75,False,PER_STRATEGY_MAX_OPEN_HIT,0.0,0.0,True,0.75,False,0.75
2026-08-14T15:23:58.109700+00:00,SMC,SELL,0.75,False,PER_STRATEGY_MAX_OPEN_HIT,0.0,0.0,True,0.75,False,0.75
2026-08-14T15:26:58.655651+00:00,SMC,SELL,0.75,False,PER_STRATEGY_MAX_OPEN_HIT,0.0,0.0,True,0.75,False,0.75
2026-08-14T15:30:59.191446+00:00,SMC,SELL,0.75,False,PER_STRATEGY_MAX_OPEN_HIT,0.0,0.0,True,0.75,False,0.75
2026-08-14T15:31:59.823441+00:00,SMC,SELL,0.75,False,PER_STRATEGY_MAX_OPEN_HIT,0.0,0.0,True,0.75,False,0.75
2026-08-14T15:34:00.359406+00:00,SMC,SELL,0.75,False,PER_STRATEGY_MAX_OPEN_HIT,0.0,0.0,True,0.75,False,0.75
2026-08-14T15:35:00.809453+00:00,SMC,SELL,0.75,False,PER_STRATEGY_MAX_OPEN_HIT,0.0,0.0,True,0.75,False,0.75
2026-08-14T15:36:01.282106+00:00,SMC,SELL,0.75,False,PER_STRATEGY_MAX_OPEN_HIT,0.0,0.0,True,0.75,False,0.75
2026-08-14T15:37:01.913280+00:00,SMC,SELL,0.75,False,PER_STRATEGY_MAX_OPEN_HIT,0.0,0.0,True,0.75,False,0.75
2026-08-14T15:38:02.366304+00:00,SMC,SELL,0.75,False,PER_STRATEGY_MAX_OPEN_HIT,0.0,0.0,True,0.75,False,0.75
2026-08-14T15:39:02.909582+00:00,SMC,SELL,0.75,False,PER_STRATEGY_MAX_OPEN_HIT,0.0,0.0,True,0.75,False,0.75
2026-08-14T15:43:03.555016+00:00,SMC,SELL,0.75,False,PER_STRATEGY_MAX_OPEN_HIT,0.0,0.0,True,0.75,False,0.75
2026-08-14T15:45:04.079044+00:00,SMC,SELL,0.75,False,PER_STRATEGY_MAX_OPEN_HIT,0.0,0.0,True,0.75,False,0.75
2026-08-14T15:46:04.562498+00:00,SMC,SELL,0.75,False,PER_STRATEGY_MAX_OPEN_HIT,0.0,0.0,True,0.75,False,0.75
2026-08-14T15:47:05.196601+00:00,SMC,SELL,0.75,False,PER_STRATEGY_MAX_OPEN_HIT,0.0,0.0,True,0.75,False,0.75
2026-08-14T15:48:05.721440+00:00,SMC,SELL,0.75,False,PER_STRATEGY_MAX_OPEN_HIT,0.0,0.0,True,0.75,False,0.75
2026-08-14T15:49:06.182241+00:00,SMC,SELL,0.75,False,PER_STRATEGY_MAX_OPEN_HIT,0.0,0.0,True,0.75,False,0.75
2026-08-14T15:50:06.802195+00:00,SMC,SELL,0.825,False,PER_STRATEGY_MAX_OPEN_HIT,0.0,0.0,True,0.825,False,0.825
2026-08-14T15:51:07.277042+00:00,SMC,SELL,0.825,False,PER_STRATEGY_MAX_OPEN_HIT,0.0,0.0,True,0.825,False,0.825
2026-08-14T15:52:07.763265+00:00,SMC,SELL,0.75,False,PER_STRATEGY_MAX_OPEN_HIT,0.0,0.0,True,0.75,False,0.75
2026-08-14T15:53:08.422747+00:00,SMC,SELL,0.75,False,PER_STRATEGY_MAX_OPEN_HIT,0.0,0.0,True,0.75,False,0.75
2026-08-14T15:54:08.829903+00:00,SMC,SELL,0.75,False,PER_STRATEGY_MAX_OPEN_HIT,0.0,0.0,True,0.75,False,0.75
2026-08-14T16:01:12.954004+00:00,SMC,SELL,0.75,False,PER_STRATEGY_MAX_OPEN_HIT,0.0,0.0,True,0.75,False,0.75
2026-08-14T16:03:14.183464+00:00,SMC,SELL,0.75,False,PER_STRATEGY_MAX_OPEN_HIT,0.0,0.0,True,0.75,False,0.75
2026-08-14T16:04:14.653628+00:00,SMC,SELL,0.75,False,PER_STRATEGY_MAX_OPEN_HIT,0.0,0.0,True,0.75,False,0.75
2026-08-14T16:05:15.122107+00:00,SMC,SELL,0.75,False,PER_STRATEGY_MAX_OPEN_HIT,0.0,0.0,True,0.75,False,0.75
2026-08-14T16:06:15.583914+00:00,SMC,SELL,0.75,False,PER_STRATEGY_MAX_OPEN_HIT,0.0,0.0,True,0.75,False,0.75
2026-08-14T16:07:16.004568+00:00,SMC,SELL,0.75,False,PER_STRATEGY_MAX_OPEN_HIT,0.0,0.0,True,0.75,False,0.75
2026-08-14T16:08:16.566790+00:00,SMC,SELL,0.75,False,PER_STRATEGY_MAX_OPEN_HIT,0.0,0.0,True,0.75,False,0.75
2026-08-14T16:09:17.044404+00:00,SMC,SELL,0.75,False,PER_STRATEGY_MAX_OPEN_HIT,0.0,0.0,True,0.75,False,0.75
2026-08-14T16:10:17.623120+00:00,SMC,SELL,0.75,False,PER_STRATEGY_MAX_OPEN_HIT,0.0,0.0,True,0.75,False,0.75
2026-08-14T16:11:18.138650+00:00,SMC,SELL,0.75,False,PER_STRATEGY_MAX_OPEN_HIT,0.0,0.0,True,0.75,False,0.75
2026-08-14T16:12:18.652911+00:00,SMC,SELL,0.75,False,PER_STRATEGY_MAX_OPEN_HIT,0.0,0.0,True,0.75,False,0.75
2026-08-14T16:13:19.344020+00:00,SMC,SELL,0.75,False,PER_STRATEGY_MAX_OPEN_HIT,0.0,0.0,True,0.75,False,0.75
2026-08-14T16:14:19.751357+00:00,SMC,SELL,0.75,False,PER_STRATEGY_MAX_OPEN_HIT,0.0,0.0,True,0.75,False,0.75
2026-08-14T16:15:20.363451+00:00,SMC,SELL,0.75,False,PER_STRATEGY_MAX_OPEN_HIT,0.0,0.0,True,0.75,False,0.75
2026-08-14T16:16:20.822271+00:00,SMC,SELL,0.75,False,PER_STRATEGY_MAX_OPEN_HIT,0.0,0.0,True,0.75,False,0.75
2026-08-14T16:24:06.708708+00:00,SMC,SELL,0.75,False,PER_STRATEGY_MAX_OPEN_HIT,0.0,0.0,True,0.75,False,0.75
2026-08-14T16:29:25.451942+00:00,SMC,SELL,0.75,False,PER_STRATEGY_MAX_OPEN_HIT,0.0,0.0,True,0.75,False,0.75
2026-08-14T16:42:24.593447+00:00,SMC,SELL,0.75,False,PER_STRATEGY_MAX_OPEN_HIT,0.0,0.0,True,0.75,False,0.75
2026-08-14T16:44:25.332912+00:00,SMC,SELL,0.75,False,PER_STRATEGY_MAX_OPEN_HIT,0.0,0.0,True,0.75,False,0.75
2026-08-14T16:46:26.485413+00:00,SMC,SELL,0.75,False,PER_STRATEGY_MAX_OPEN_HIT,0.0,0.0,True,0.75,False,0.75
2026-08-14T16:47:27.132492+00:00,SMC,SELL,0.75,False,PER_STRATEGY_MAX_OPEN_HIT,0.0,0.0,True,0.75,False,0.75
2026-08-14T16:50:27.591340+00:00,SMC,SELL,0.75,False,PER_STRATEGY_MAX_OPEN_HIT,0.0,0.0,True,0.75,False,0.75
2026-08-14T16:51:28.204152+00:00,SMC,SELL,0.75,False,PER_STRATEGY_MAX_OPEN_HIT,0.0,0.0,True,0.75,False,0.75
2026-08-14T16:52:28.695964+00:00,SMC,SELL,0.75,False,PER_STRATEGY_MAX_OPEN_HIT,0.0,0.0,True,0.75,False,0.75
2026-08-14T16:54:29.310057+00:00,SMC,SELL,0.75,False,PER_STRATEGY_MAX_OPEN_HIT,0.0,0.0,True,0.75,False,0.75
2026-08-14T16:55:29.800857+00:00,SMC,SELL,0.75,False,PER_STRATEGY_MAX_OPEN_HIT,0.0,0.0,True,0.75,False,0.75
2026-08-14T16:56:30.259617+00:00,SMC,SELL,0.75,False,PER_STRATEGY_MAX_OPEN_HIT,0.0,0.0,True,0.75,False,0.75
2026-08-14T16:57:30.900993+00:00,SMC,SELL,0.75,False,PER_STRATEGY_MAX_OPEN_HIT,0.0,0.0,True,0.75,False,0.75
2026-08-14T16:58:31.352554+00:00,SMC,SELL,0.75,False,PER_STRATEGY_MAX_OPEN_HIT,0.0,0.0,True,0.75,False,0.75
2026-08-14T16:59:31.804969+00:00,SMC,SELL,0.75,False,PER_STRATEGY_MAX_OPEN_HIT,0.0,0.0,True,0.75,False,0.75
2026-08-14T17:00:32.286187+00:00,SMC,SELL,0.75,False,PER_STRATEGY_MAX_OPEN_HIT,0.0,0.0,True,0.75,False,0.75
2026-08-14T17:01:32.894390+00:00,SMC,SELL,0.75,False,PER_STRATEGY_MAX_OPEN_HIT,0.0,0.0,True,0.75,False,0.75
2026-08-14T17:02:33.446085+00:00,SMC,SELL,0.75,False,PER_STRATEGY_MAX_OPEN_HIT,0.0,0.0,True,0.75,False,0.75
2026-08-14T17:03:34.027565+00:00,SMC,SELL,0.75,False,PER_STRATEGY_MAX_OPEN_HIT,0.0,0.0,True,0.75,False,0.75
2026-08-14T17:04:34.487976+00:00,SMC,SELL,0.75,False,PER_STRATEGY_MAX_OPEN_HIT,0.0,0.0,True,0.75,False,0.75
2026-08-14T17:05:34.951351+00:00,SMC,SELL,0.75,False,PER_STRATEGY_MAX_OPEN_HIT,0.0,0.0,True,0.75,False,0.75
2026-08-14T17:06:35.606261+00:00,SMC,SELL,0.75,False,PER_STRATEGY_MAX_OPEN_HIT,0.0,0.0,True,0.75,False,0.75
2026-08-14T17:07:36.146121+00:00,SMC,SELL,0.75,False,PER_STRATEGY_MAX_OPEN_HIT,0.0,0.0,True,0.75,False,0.75
2026-08-14T17:08:36.615617+00:00,SMC,SELL,0.75,False,PER_STRATEGY_MAX_OPEN_HIT,0.0,0.0,True,0.75,False,0.75
2026-08-14T17:09:37.232170+00:00,SMC,SELL,0.75,False,PER_STRATEGY_MAX_OPEN_HIT,0.0,0.0,True,0.75,False,0.75
2026-08-14T17:10:37.714736+00:00,SMC,SELL,0.75,False,PER_STRATEGY_MAX_OPEN_HIT,0.0,0.0,True,0.75,False,0.75
2026-08-14T17:11:38.226721+00:00,SMC,SELL,0.75,False,PER_STRATEGY_MAX_OPEN_HIT,0.0,0.0,True,0.75,False,0.75
2026-08-14T17:12:38.774312+00:00,SMC,SELL,0.75,False,PER_STRATEGY_MAX_OPEN_HIT,0.0,0.0,True,0.75,False,0.75
2026-08-14T17:13:39.349555+00:00,SMC,SELL,0.75,False,PER_STRATEGY_MAX_OPEN_HIT,0.0,0.0,True,0.75,False,0.75
2026-08-14T17:14:39.932758+00:00,SMC,SELL,0.75,False,PER_STRATEGY_MAX_OPEN_HIT,0.0,0.0,True,0.75,False,0.75
2026-08-14T17:15:40.461610+00:00,SMC,SELL,0.75,False,PER_STRATEGY_MAX_OPEN_HIT,0.0,0.0,True,0.75,False,0.75
2026-08-14T17:16:40.978129+00:00,SMC,SELL,0.75,False,PER_STRATEGY_MAX_OPEN_HIT,0.0,0.0,True,0.75,False,0.75
2026-08-14T17:17:41.515373+00:00,SMC,SELL,0.75,False,PER_STRATEGY_MAX_OPEN_HIT,0.0,0.0,True,0.75,False,0.75
2026-08-14T17:18:42.092519+00:00,SMC,SELL,0.75,False,PER_STRATEGY_MAX_OPEN_HIT,0.0,0.0,True,0.75,False,0.75
2026-08-14T17:19:42.611177+00:00,SMC,SELL,0.75,False,PER_STRATEGY_MAX_OPEN_HIT,0.0,0.0,True,0.75,False,0.75
2026-08-14T17:20:43.085889+00:00,SMC,SELL,0.75,False,PER_STRATEGY_MAX_OPEN_HIT,0.0,0.0,True,0.75,False,0.75
2026-08-14T17:21:43.638627+00:00,SMC,SELL,0.75,False,PER_STRATEGY_MAX_OPEN_HIT,0.0,0.0,True,0.75,False,0.75
2026-08-14T17:22:44.148458+00:00,SMC,SELL,0.75,False,PER_STRATEGY_MAX_OPEN_HIT,0.0,0.0,True,0.75,False,0.75
2026-08-14T17:23:44.588262+00:00,SMC,SELL,0.75,False,PER_STRATEGY_MAX_OPEN_HIT,0.0,0.0,True,0.75,False,0.75
2026-08-14T17:24:45.074115+00:00,SMC,SELL,0.75,False,PER_STRATEGY_MAX_OPEN_HIT,0.0,0.0,True,0.75,False,0.75
2026-08-14T17:25:45.718975+00:00,SMC,SELL,0.75,False,PER_STRATEGY_MAX_OPEN_HIT,0.0,0.0,True,0.75,False,0.75
2026-08-14T17:26:46.332627+00:00,SMC,SELL,0.75,False,PER_STRATEGY_MAX_OPEN_HIT,0.0,0.0,True,0.75,False,0.75
2026-08-14T17:27:46.871513+00:00,SMC,SELL,0.75,False,PER_STRATEGY_MAX_OPEN_HIT,0.0,0.0,True,0.75,False,0.75
2026-08-14T17:28:47.295454+00:00,SMC,SELL,0.75,False,PER_STRATEGY_MAX_OPEN_HIT,0.0,0.0,True,0.75,False,0.75
2026-08-14T17:29:47.788203+00:00,SMC,SELL,0.75,False,PER_STRATEGY_MAX_OPEN_HIT,0.0,0.0,True,0.75,False,0.75
2026-08-14T17:30:48.293941+00:00,SMC,SELL,0.75,False,PER_STRATEGY_MAX_OPEN_HIT,0.0,0.0,True,0.75,False,0.75
2026-08-14T17:31:48.849922+00:00,SMC,SELL,0.75,False,PER_STRATEGY_MAX_OPEN_HIT,0.0,0.0,True,0.75,False,0.75
2026-08-14T17:32:49.531579+00:00,SMC,SELL,0.75,False,PER_STRATEGY_MAX_OPEN_HIT,0.0,0.0,True,0.75,False,0.75
2026-08-14T17:33:49.983875+00:00,SMC,SELL,0.75,False,PER_STRATEGY_MAX_OPEN_HIT,0.0,0.0,True,0.75,False,0.75
2026-08-14T17:34:50.428095+00:00,SMC,SELL,0.75,False,PER_STRATEGY_MAX_OPEN_HIT,0.0,0.0,True,0.75,False,0.75
2026-08-14T17:35:51.081417+00:00,SMC,SELL,0.75,False,PER_STRATEGY_MAX_OPEN_HIT,0.0,0.0,True,0.75,False,0.75
2026-08-14T17:36:51.558508+00:00,SMC,SELL,0.75,False,PER_STRATEGY_MAX_OPEN_HIT,0.0,0.0,True,0.75,False,0.75
2026-08-14T17:37:52.091015+00:00,SMC,SELL,0.75,False,PER_STRATEGY_MAX_OPEN_HIT,0.0,0.0,True,0.75,False,0.75
2026-08-14T17:38:52.605194+00:00,SMC,SELL,0.75,False,PER_STRATEGY_MAX_OPEN_HIT,0.0,0.0,True,0.75,False,0.75
2026-08-14T17:39:53.233256+00:00,SMC,SELL,0.75,False,PER_STRATEGY_MAX_OPEN_HIT,0.0,0.0,True,0.75,False,0.75
2026-08-14T17:40:53.741732+00:00,SMC,SELL,0.75,False,PER_STRATEGY_MAX_OPEN_HIT,0.0,0.0,True,0.75,False,0.75
2026-08-14T17:41:54.201853+00:00,SMC,SELL,0.75,False,PER_STRATEGY_MAX_OPEN_HIT,0.0,0.0,True,0.75,False,0.75
2026-08-14T17:42:54.895646+00:00,SMC,SELL,0.75,False,PER_STRATEGY_MAX_OPEN_HIT,0.0,0.0,True,0.75,False,0.75
2026-08-14T17:43:55.354262+00:00,SMC,SELL,0.75,False,PER_STRATEGY_MAX_OPEN_HIT,0.0,0.0,True,0.75,False,0.75
2026-08-14T17:44:55.859505+00:00,SMC,SELL,0.75,False,PER_STRATEGY_MAX_OPEN_HIT,0.0,0.0,True,0.75,False,0.75
2026-08-14T17:45:56.351333+00:00,SMC,SELL,0.75,False,PER_STRATEGY_MAX_OPEN_HIT,0.0,0.0,True,0.75,False,0.75
2026-08-14T17:46:57.528994+00:00,SMC,SELL,0.75,False,PER_STRATEGY_MAX_OPEN_HIT,0.0,0.0,True,0.75,False,0.75
2026-08-14T17:47:58.223822+00:00,SMC,SELL,0.75,False,PER_STRATEGY_MAX_OPEN_HIT,0.0,0.0,True,0.75,False,0.75
2026-08-14T17:48:58.679321+00:00,SMC,SELL,0.75,False,PER_STRATEGY_MAX_OPEN_HIT,0.0,0.0,True,0.75,False,0.75
2026-08-14T17:49:59.167674+00:00,SMC,SELL,0.75,False,PER_STRATEGY_MAX_OPEN_HIT,0.0,0.0,True,0.75,False,0.75
2026-08-14T17:50:59.759447+00:00,SMC,SELL,0.75,False,PER_STRATEGY_MAX_OPEN_HIT,0.0,0.0,True,0.75,False,0.75
2026-08-14T17:52:00.353560+00:00,SMC,SELL,0.75,False,PER_STRATEGY_MAX_OPEN_HIT,0.0,0.0,True,0.75,False,0.75
2026-08-14T17:53:01.036228+00:00,SMC,SELL,0.75,False,PER_STRATEGY_MAX_OPEN_HIT,0.0,0.0,True,0.75,False,0.75
2026-08-14T17:54:01.526758+00:00,SMC,SELL,0.75,False,PER_STRATEGY_MAX_OPEN_HIT,0.0,0.0,True,0.75,False,0.75
2026-08-14T17:55:02.177704+00:00,SMC,SELL,0.75,False,PER_STRATEGY_MAX_OPEN_HIT,0.0,0.0,True,0.75,False,0.75
2026-08-14T17:56:02.798834+00:00,SMC,SELL,0.75,False,PER_STRATEGY_MAX_OPEN_HIT,0.0,0.0,True,0.75,False,0.75
2026-08-14T17:57:03.452911+00:00,SMC,SELL,0.75,False,PER_STRATEGY_MAX_OPEN_HIT,0.0,0.0,True,0.75,False,0.75
2026-08-14T17:58:04.154496+00:00,SMC,SELL,0.75,False,PER_STRATEGY_MAX_OPEN_HIT,0.0,0.0,True,0.75,False,0.75
2026-08-14T17:59:04.749805+00:00,SMC,SELL,0.75,False,PER_STRATEGY_MAX_OPEN_HIT,0.0,0.0,True,0.75,False,0.75
2026-08-14T18:00:05.378945+00:00,SMC,SELL,0.75,False,PER_STRATEGY_MAX_OPEN_HIT,0.0,0.0,True,0.75,False,0.75
2026-08-14T18:01:05.831452+00:00,SMC,SELL,0.75,False,PER_STRATEGY_MAX_OPEN_HIT,0.0,0.0,True,0.75,False,0.75
2026-08-14T18:02:06.308061+00:00,SMC,SELL,0.75,False,PER_STRATEGY_MAX_OPEN_HIT,0.0,0.0,True,0.75,False,0.75
2026-08-14T18:03:06.974608+00:00,SMC,SELL,0.75,False,PER_STRATEGY_MAX_OPEN_HIT,0.0,0.0,True,0.75,False,0.75
2026-08-14T18:04:07.616409+00:00,SMC,SELL,0.75,False,PER_STRATEGY_MAX_OPEN_HIT,0.0,0.0,True,0.75,False,0.75
2026-08-14T18:05:08.110452+00:00,SMC,SELL,0.75,False,PER_STRATEGY_MAX_OPEN_HIT,0.0,0.0,True,0.75,False,0.75
2026-08-14T18:06:08.590579+00:00,SMC,SELL,0.75,False,PER_STRATEGY_MAX_OPEN_HIT,0.0,0.0,True,0.75,False,0.75
2026-08-14T18:07:09.071820+00:00,SMC,SELL,0.75,False,PER_STRATEGY_MAX_OPEN_HIT,0.0,0.0,True,0.75,False,0.75
2026-08-14T18:08:09.550003+00:00,SMC,SELL,0.75,False,PER_STRATEGY_MAX_OPEN_HIT,0.0,0.0,True,0.75,False,0.75
2026-08-14T18:09:10.028303+00:00,SMC,SELL,0.75,False,PER_STRATEGY_MAX_OPEN_HIT,0.0,0.0,True,0.75,False,0.75
2026-08-14T18:10:10.540471+00:00,SMC,SELL,0.75,False,PER_STRATEGY_MAX_OPEN_HIT,0.0,0.0,True,0.75,False,0.75
2026-08-14T18:11:11.082041+00:00,SMC,SELL,0.75,False,PER_STRATEGY_MAX_OPEN_HIT,0.0,0.0,True,0.75,False,0.75
2026-08-14T18:12:11.746042+00:00,SMC,SELL,0.75,False,PER_STRATEGY_MAX_OPEN_HIT,0.0,0.0,True,0.75,False,0.75
2026-08-14T18:13:12.278152+00:00,SMC,SELL,0.75,False,PER_STRATEGY_MAX_OPEN_HIT,0.0,0.0,True,0.75,False,0.75
2026-08-14T18:14:12.741568+00:00,SMC,SELL,0.75,False,PER_STRATEGY_MAX_OPEN_HIT,0.0,0.0,True,0.75,False,0.75
2026-08-14T18:15:13.412443+00:00,SMC,SELL,0.75,False,PER_STRATEGY_MAX_OPEN_HIT,0.0,0.0,True,0.75,False,0.75
2026-08-14T18:16:13.926052+00:00,SMC,SELL,0.75,False,PER_STRATEGY_MAX_OPEN_HIT,0.0,0.0,True,0.75,False,0.75
2026-08-14T18:17:14.546412+00:00,SMC,SELL,0.75,False,PER_STRATEGY_MAX_OPEN_HIT,0.0,0.0,True,0.75,False,0.75
2026-08-14T18:18:15.187279+00:00,SMC,SELL,0.75,False,PER_STRATEGY_MAX_OPEN_HIT,0.0,0.0,True,0.75,False,0.75
2026-08-14T18:19:15.720816+00:00,SMC,SELL,0.75,False,PER_STRATEGY_MAX_OPEN_HIT,0.0,0.0,True,0.75,False,0.75
2026-08-14T18:21:16.933885+00:00,SMC,SELL,0.75,False,PER_STRATEGY_MAX_OPEN_HIT,0.0,0.0,True,0.75,False,0.75
2026-08-14T18:22:17.533752+00:00,SMC,SELL,0.75,False,PER_STRATEGY_MAX_OPEN_HIT,0.0,0.0,True,0.75,False,0.75
2026-08-14T18:23:18.706897+00:00,SMC,SELL,0.75,False,PER_STRATEGY_MAX_OPEN_HIT,0.0,0.0,True,0.75,False,0.75
2026-08-14T18:24:19.291227+00:00,SMC,SELL,0.75,False,PER_STRATEGY_MAX_OPEN_HIT,0.0,0.0,True,0.75,False,0.75
2026-08-14T18:25:19.913257+00:00,SMC,SELL,0.75,False,PER_STRATEGY_MAX_OPEN_HIT,0.0,0.0,True,0.75,False,0.75
2026-08-14T18:26:20.401737+00:00,SMC,SELL,0.75,False,PER_STRATEGY_MAX_OPEN_HIT,0.0,0.0,True,0.75,False,0.75
2026-08-14T18:27:21.028986+00:00,SMC,SELL,0.75,False,PER_STRATEGY_MAX_OPEN_HIT,0.0,0.0,True,0.75,False,0.75
2026-08-14T18:28:21.668182+00:00,SMC,SELL,0.75,False,PER_STRATEGY_MAX_OPEN_HIT,0.0,0.0,True,0.75,False,0.75
2026-08-14T18:29:22.197383+00:00,SMC,SELL,0.75,False,PER_STRATEGY_MAX_OPEN_HIT,0.0,0.0,True,0.75,False,0.75
2026-08-14T18:30:22.891168+00:00,SMC,SELL,0.75,False,PER_STRATEGY_MAX_OPEN_HIT,0.0,0.0,True,0.75,False,0.75
2026-08-14T18:31:23.549507+00:00,SMC,SELL,0.75,False,PER_STRATEGY_MAX_OPEN_HIT,0.0,0.0,True,0.75,False,0.75
2026-08-14T18:32:24.116832+00:00,SMC,SELL,0.75,False,PER_STRATEGY_MAX_OPEN_HIT,0.0,0.0,True,0.75,False,0.75
2026-08-14T18:33:24.765501+00:00,SMC,SELL,0.75,False,PER_STRATEGY_MAX_OPEN_HIT,0.0,0.0,True,0.75,False,0.75
2026-08-14T18:34:25.155793+00:00,SMC,SELL,0.75,False,PER_STRATEGY_MAX_OPEN_HIT,0.0,0.0,True,0.75,False,0.75
2026-08-14T18:35:25.579097+00:00,SMC,SELL,0.75,False,PER_STRATEGY_MAX_OPEN_HIT,0.0,0.0,True,0.75,False,0.75
2026-08-14T18:36:26.010959+00:00,SMC,SELL,0.75,False,PER_STRATEGY_MAX_OPEN_HIT,0.0,0.0,True,0.75,False,0.75
2026-08-14T18:37:26.425798+00:00,SMC,SELL,0.75,False,PER_STRATEGY_MAX_OPEN_HIT,0.0,0.0,True,0.75,False,0.75
2026-08-14T18:38:26.903516+00:00,SMC,SELL,0.75,False,PER_STRATEGY_MAX_OPEN_HIT,0.0,0.0,True,0.75,False,0.75
2026-08-14T18:39:27.297816+00:00,SMC,SELL,0.75,False,PER_STRATEGY_MAX_OPEN_HIT,0.0,0.0,True,0.75,False,0.75
2026-08-14T18:40:27.717355+00:00,SMC,SELL,0.75,False,PER_STRATEGY_MAX_OPEN_HIT,0.0,0.0,True,0.75,False,0.75
2026-08-14T18:41:28.147620+00:00,SMC,SELL,0.75,False,PER_STRATEGY_MAX_OPEN_HIT,0.0,0.0,True,0.75,False,0.75
2026-08-14T18:42:28.603537+00:00,SMC,SELL,0.75,False,PER_STRATEGY_MAX_OPEN_HIT,0.0,0.0,True,0.75,False,0.75
2026-08-14T18:43:29.053155+00:00,SMC,SELL,0.75,False,PER_STRATEGY_MAX_OPEN_HIT,0.0,0.0,True,0.75,False,0.75
2026-08-14T18:44:29.446211+00:00,SMC,SELL,0.75,False,PER_STRATEGY_MAX_OPEN_HIT,0.0,0.0,True,0.75,False,0.75
2026-08-14T18:45:29.889417+00:00,SMC,SELL,0.75,False,PER_STRATEGY_MAX_OPEN_HIT,0.0,0.0,True,0.75,False,0.75
2026-08-14T18:46:30.324296+00:00,SMC,SELL,0.75,False,PER_STRATEGY_MAX_OPEN_HIT,0.0,0.0,True,0.75,False,0.75
2026-08-14T18:47:30.746277+00:00,SMC,SELL,0.75,False,PER_STRATEGY_MAX_OPEN_HIT,0.0,0.0,True,0.75,False,0.75
2026-08-14T18:48:31.190039+00:00,SMC,SELL,0.75,False,PER_STRATEGY_MAX_OPEN_HIT,0.0,0.0,True,0.75,False,0.75
2026-08-14T18:49:31.574676+00:00,SMC,SELL,0.75,False,PER_STRATEGY_MAX_OPEN_HIT,0.0,0.0,True,0.75,False,0.75
2026-08-14T18:50:31.998336+00:00,SMC,SELL,0.75,False,PER_STRATEGY_MAX_OPEN_HIT,0.0,0.0,True,0.75,False,0.75
2026-08-14T18:51:32.421663+00:00,SMC,SELL,0.75,False,PER_STRATEGY_MAX_OPEN_HIT,0.0,0.0,True,0.75,False,0.75
2026-08-14T18:52:32.846098+00:00,SMC,SELL,0.75,False,PER_STRATEGY_MAX_OPEN_HIT,0.0,0.0,True,0.75,False,0.75
2026-08-14T18:53:33.294316+00:00,SMC,SELL,0.75,False,PER_STRATEGY_MAX_OPEN_HIT,0.0,0.0,True,0.75,False,0.75
2026-08-14T18:54:33.679843+00:00,SMC,SELL,0.75,False,PER_STRATEGY_MAX_OPEN_HIT,0.0,0.0,True,0.75,False,0.75
2026-08-14T19:05:36.475876+00:00,SMC,SELL,0.75,False,PER_STRATEGY_MAX_OPEN_HIT,0.0,0.0,True,0.75,False,0.75
2026-08-14T19:06:36.873451+00:00,SMC,SELL,0.75,False,PER_STRATEGY_MAX_OPEN_HIT,0.0,0.0,True,0.75,False,0.75
2026-08-14T19:07:37.315034+00:00,SMC,SELL,0.75,False,PER_STRATEGY_MAX_OPEN_HIT,0.0,0.0,True,0.75,False,0.75
2026-08-14T19:08:37.747933+00:00,SMC,SELL,0.75,False,PER_STRATEGY_MAX_OPEN_HIT,0.0,0.0,True,0.75,False,0.75
2026-08-14T19:09:38.170165+00:00,SMC,SELL,0.75,False,PER_STRATEGY_MAX_OPEN_HIT,0.0,0.0,True,0.75,False,0.75
2026-08-14T19:10:38.624886+00:00,SMC,SELL,0.75,False,PER_STRATEGY_MAX_OPEN_HIT,0.0,0.0,True,0.75,False,0.75
2026-08-14T19:11:39.008488+00:00,SMC,SELL,0.75,False,PER_STRATEGY_MAX_OPEN_HIT,0.0,0.0,True,0.75,False,0.75
2026-08-14T19:12:39.422889+00:00,SMC,SELL,0.75,False,PER_STRATEGY_MAX_OPEN_HIT,0.0,0.0,True,0.75,False,0.75
2026-08-14T19:13:39.838994+00:00,SMC,SELL,0.75,False,PER_STRATEGY_MAX_OPEN_HIT,0.0,0.0,True,0.75,False,0.75
2026-08-14T19:14:40.275699+00:00,SMC,SELL,0.75,False,PER_STRATEGY_MAX_OPEN_HIT,0.0,0.0,True,0.75,False,0.75
2026-08-14T19:15:40.783939+00:00,SMC,SELL,0.75,False,PER_STRATEGY_MAX_OPEN_HIT,0.0,0.0,True,0.75,False,0.75
2026-08-14T19:16:41.196181+00:00,SMC,SELL,0.75,False,PER_STRATEGY_MAX_OPEN_HIT,0.0,0.0,True,0.75,False,0.75
2026-08-14T19:17:41.603065+00:00,SMC,SELL,0.75,False,PER_STRATEGY_MAX_OPEN_HIT,0.0,0.0,True,0.75,False,0.75
2026-08-14T19:18:42.014520+00:00,SMC,SELL,0.75,False,PER_STRATEGY_MAX_OPEN_HIT,0.0,0.0,True,0.75,False,0.75
2026-08-14T19:19:42.432915+00:00,SMC,SELL,0.75,False,PER_STRATEGY_MAX_OPEN_HIT,0.0,0.0,True,0.75,False,0.75
2026-08-14T19:20:42.889242+00:00,SMC,SELL,0.75,False,PER_STRATEGY_MAX_OPEN_HIT,0.0,0.0,True,0.75,False,0.75
2026-08-14T19:21:43.287604+00:00,SMC,SELL,0.75,False,PER_STRATEGY_MAX_OPEN_HIT,0.0,0.0,True,0.75,False,0.75
2026-08-14T19:22:43.716195+00:00,SMC,SELL,0.75,False,PER_STRATEGY_MAX_OPEN_HIT,0.0,0.0,True,0.75,False,0.75
2026-08-14T19:23:44.166571+00:00,SMC,SELL,0.75,False,PER_STRATEGY_MAX_OPEN_HIT,0.0,0.0,True,0.75,False,0.75
2026-08-14T19:24:44.590092+00:00,SMC,SELL,0.75,False,PER_STRATEGY_MAX_OPEN_HIT,0.0,0.0,True,0.75,False,0.75
2026-08-14T19:26:45.071084+00:00,SMC,SELL,0.75,False,PER_STRATEGY_MAX_OPEN_HIT,0.0,0.0,True,0.75,False,0.75
2026-08-14T19:27:45.477431+00:00,SMC,SELL,0.75,False,PER_STRATEGY_MAX_OPEN_HIT,0.0,0.0,True,0.75,False,0.75
2026-08-14T19:28:45.881990+00:00,SMC,SELL,0.75,False,PER_STRATEGY_MAX_OPEN_HIT,0.0,0.0,True,0.75,False,0.75
2026-08-14T19:29:46.301274+00:00,SMC,SELL,0.75,False,PER_STRATEGY_MAX_OPEN_HIT,0.0,0.0,True,0.75,False,0.75
2026-08-14T19:30:46.720976+00:00,SMC,SELL,0.75,False,PER_STRATEGY_MAX_OPEN_HIT,0.0,0.0,True,0.75,False,0.75
2026-08-14T19:31:47.168341+00:00,SMC,SELL,0.75,False,PER_STRATEGY_MAX_OPEN_HIT,0.0,0.0,True,0.75,False,0.75
2026-08-14T19:32:47.579657+00:00,SMC,SELL,0.75,False,PER_STRATEGY_MAX_OPEN_HIT,0.0,0.0,True,0.75,False,0.75
2026-08-14T19:33:47.992937+00:00,SMC,SELL,0.75,False,PER_STRATEGY_MAX_OPEN_HIT,0.0,0.0,True,0.75,False,0.75
2026-08-14T19:34:48.403249+00:00,SMC,SELL,0.75,False,PER_STRATEGY_MAX_OPEN_HIT,0.0,0.0,True,0.75,False,0.75
2026-08-14T19:35:48.816196+00:00,SMC,SELL,0.75,False,PER_STRATEGY_MAX_OPEN_HIT,0.0,0.0,True,0.75,False,0.75
2026-08-14T19:36:49.273591+00:00,SMC,SELL,0.75,False,PER_STRATEGY_MAX_OPEN_HIT,0.0,0.0,True,0.75,False,0.75
2026-08-14T19:37:49.662563+00:00,SMC,SELL,0.75,False,PER_STRATEGY_MAX_OPEN_HIT,0.0,0.0,True,0.75,False,0.75
2026-08-14T19:38:50.097031+00:00,SMC,SELL,0.75,False,PER_STRATEGY_MAX_OPEN_HIT,0.0,0.0,True,0.75,False,0.75
2026-08-14T19:39:50.501567+00:00,SMC,SELL,0.75,False,PER_STRATEGY_MAX_OPEN_HIT,0.0,0.0,True,0.75,False,0.75
2026-08-14T19:40:50.916571+00:00,SMC,SELL,0.75,False,PER_STRATEGY_MAX_OPEN_HIT,0.0,0.0,True,0.75,False,0.75
2026-08-14T19:41:51.383194+00:00,SMC,SELL,0.75,False,PER_STRATEGY_MAX_OPEN_HIT,0.0,0.0,True,0.75,False,0.75
2026-08-14T19:42:51.791766+00:00,SMC,SELL,0.75,False,PER_STRATEGY_MAX_OPEN_HIT,0.0,0.0,True,0.75,False,0.75
2026-08-14T19:43:52.231166+00:00,SMC,SELL,0.75,False,PER_STRATEGY_MAX_OPEN_HIT,0.0,0.0,True,0.75,False,0.75
2026-08-14T19:44:52.832796+00:00,SMC,SELL,0.75,False,PER_STRATEGY_MAX_OPEN_HIT,0.0,0.0,True,0.75,False,0.75
2026-08-14T19:45:53.252106+00:00,SMC,SELL,0.75,False,PER_STRATEGY_MAX_OPEN_HIT,0.0,0.0,True,0.75,False,0.75
2026-08-14T19:46:53.721815+00:00,SMC,SELL,0.75,False,PER_STRATEGY_MAX_OPEN_HIT,0.0,0.0,True,0.75,False,0.75
2026-08-14T19:47:54.121549+00:00,SMC,SELL,0.75,False,PER_STRATEGY_MAX_OPEN_HIT,0.0,0.0,True,0.75,False,0.75
2026-08-14T19:48:54.535749+00:00,SMC,SELL,0.75,False,PER_STRATEGY_MAX_OPEN_HIT,0.0,0.0,True,0.75,False,0.75
2026-08-14T19:49:54.955709+00:00,SMC,SELL,0.75,False,PER_STRATEGY_MAX_OPEN_HIT,0.0,0.0,True,0.75,False,0.75
2026-08-14T19:52:55.438156+00:00,SMC,SELL,0.75,False,PER_STRATEGY_MAX_OPEN_HIT,0.0,0.0,True,0.75,False,0.75
2026-08-14T19:53:55.837366+00:00,SMC,SELL,0.75,False,PER_STRATEGY_MAX_OPEN_HIT,0.0,0.0,True,0.75,False,0.75
2026-08-14T19:54:56.263490+00:00,SMC,SELL,0.75,False,PER_STRATEGY_MAX_OPEN_HIT,0.0,0.0,True,0.75,False,0.75
2026-08-14T19:55:56.671665+00:00,SMC,SELL,0.75,False,PER_STRATEGY_MAX_OPEN_HIT,0.0,0.0,True,0.75,False,0.75
2026-08-14T19:56:57.074617+00:00,SMC,SELL,0.75,False,PER_STRATEGY_MAX_OPEN_HIT,0.0,0.0,True,0.75,False,0.75
2026-08-14T19:57:57.527385+00:00,SMC,SELL,0.75,False,PER_STRATEGY_MAX_OPEN_HIT,0.0,0.0,True,0.75,False,0.75
2026-08-14T19:58:57.922303+00:00,SMC,SELL,0.75,False,PER_STRATEGY_MAX_OPEN_HIT,0.0,0.0,True,0.75,False,0.75
2026-08-14T19:59:58.347558+00:00,SMC,SELL,0.75,False,PER_STRATEGY_MAX_OPEN_HIT,0.0,0.0,True,0.75,False,0.75
2026-08-14T20:00:58.771710+00:00,SMC,SELL,0.75,False,PER_STRATEGY_MAX_OPEN_HIT,0.0,0.0,True,0.75,False,0.75
2026-08-14T20:01:59.200097+00:00,SMC,SELL,0.75,False,PER_STRATEGY_MAX_OPEN_HIT,0.0,0.0,True,0.75,False,0.75
2026-08-14T20:02:59.667426+00:00,SMC,SELL,0.75,False,PER_STRATEGY_MAX_OPEN_HIT,0.0,0.0,True,0.75,False,0.75
2026-08-14T20:04:00.092864+00:00,SMC,SELL,0.75,False,PER_STRATEGY_MAX_OPEN_HIT,0.0,0.0,True,0.75,False,0.75
2026-08-14T20:05:00.533229+00:00,SMC,SELL,0.75,False,PER_STRATEGY_MAX_OPEN_HIT,0.0,0.0,True,0.75,False,0.75
2026-08-14T20:06:00.972268+00:00,SMC,SELL,0.75,False,PER_STRATEGY_MAX_OPEN_HIT,0.0,0.0,True,0.75,False,0.75
2026-08-14T20:07:01.396387+00:00,SMC,SELL,0.75,False,PER_STRATEGY_MAX_OPEN_HIT,0.0,0.0,True,0.75,False,0.75
2026-08-14T20:08:01.863142+00:00,SMC,SELL,0.75,False,PER_STRATEGY_MAX_OPEN_HIT,0.0,0.0,True,0.75,False,0.75
2026-08-14T20:09:02.256586+00:00,SMC,SELL,0.75,False,PER_STRATEGY_MAX_OPEN_HIT,0.0,0.0,True,0.75,False,0.75
2026-08-14T20:10:02.692205+00:00,SMC,SELL,0.75,False,PER_STRATEGY_MAX_OPEN_HIT,0.0,0.0,True,0.75,False,0.75
2026-08-14T20:11:03.106419+00:00,SMC,SELL,0.75,False,PER_STRATEGY_MAX_OPEN_HIT,0.0,0.0,True,0.75,False,0.75
2026-08-14T20:12:03.518241+00:00,SMC,SELL,0.75,False,PER_STRATEGY_MAX_OPEN_HIT,0.0,0.0,True,0.75,False,0.75
2026-08-14T20:13:03.976399+00:00,SMC,SELL,0.75,False,PER_STRATEGY_MAX_OPEN_HIT,0.0,0.0,True,0.75,False,0.75
2026-08-14T20:14:04.382362+00:00,SMC,SELL,0.75,False,PER_STRATEGY_MAX_OPEN_HIT,0.0,0.0,True,0.75,False,0.75
2026-08-14T20:15:04.811210+00:00,SMC,SELL,0.75,False,PER_STRATEGY_MAX_OPEN_HIT,0.0,0.0,True,0.75,False,0.75
2026-08-14T20:16:05.220849+00:00,SMC,SELL,0.75,False,PER_STRATEGY_MAX_OPEN_HIT,0.0,0.0,True,0.75,False,0.75
2026-08-14T20:17:05.704156+00:00,SMC,SELL,0.75,False,PER_STRATEGY_MAX_OPEN_HIT,0.0,0.0,True,0.75,False,0.75
2026-08-14T20:18:06.162773+00:00,SMC,SELL,0.75,False,PER_STRATEGY_MAX_OPEN_HIT,0.0,0.0,True,0.75,False,0.75
2026-08-14T20:19:06.553384+00:00,SMC,SELL,0.75,False,PER_STRATEGY_MAX_OPEN_HIT,0.0,0.0,True,0.75,False,0.75
2026-08-14T20:20:06.997292+00:00,SMC,SELL,0.75,False,PER_STRATEGY_MAX_OPEN_HIT,0.0,0.0,True,0.75,False,0.75
2026-08-14T20:21:07.393203+00:00,SMC,SELL,0.75,False,PER_STRATEGY_MAX_OPEN_HIT,0.0,0.0,True,0.75,False,0.75
2026-08-14T20:22:07.906398+00:00,SMC,SELL,0.75,False,PER_STRATEGY_MAX_OPEN_HIT,0.0,0.0,True,0.75,False,0.75
2026-08-14T20:23:08.363696+00:00,SMC,SELL,0.75,False,PER_STRATEGY_MAX_OPEN_HIT,0.0,0.0,True,0.75,False,0.75
2026-08-14T20:24:08.744676+00:00,SMC,SELL,0.75,False,PER_STRATEGY_MAX_OPEN_HIT,0.0,0.0,True,0.75,False,0.75
2026-08-14T20:35:11.568922+00:00,SMC,SELL,0.75,False,PER_STRATEGY_MAX_OPEN_HIT,0.0,0.0,True,0.75,False,0.75
2026-08-14T20:36:12.161906+00:00,SMC,SELL,0.75,False,PER_STRATEGY_MAX_OPEN_HIT,0.0,0.0,True,0.75,False,0.75
2026-08-14T20:37:12.588787+00:00,SMC,SELL,0.75,False,PER_STRATEGY_MAX_OPEN_HIT,0.0,0.0,True,0.75,False,0.75
2026-08-14T20:38:13.023818+00:00,SMC,SELL,0.75,False,PER_STRATEGY_MAX_OPEN_HIT,0.0,0.0,True,0.75,False,0.75
2026-08-14T20:39:13.425662+00:00,SMC,SELL,0.75,False,PER_STRATEGY_MAX_OPEN_HIT,0.0,0.0,True,0.75,False,0.75
2026-08-14T20:40:13.876572+00:00,SMC,SELL,0.75,False,PER_STRATEGY_MAX_OPEN_HIT,0.0,0.0,True,0.75,False,0.75
2026-08-14T20:41:14.295179+00:00,SMC,SELL,0.75,False,PER_STRATEGY_MAX_OPEN_HIT,0.0,0.0,True,0.75,False,0.75
2026-08-14T20:42:14.711213+00:00,SMC,SELL,0.75,False,PER_STRATEGY_MAX_OPEN_HIT,0.0,0.0,True,0.75,False,0.75
2026-08-14T20:43:15.131445+00:00,SMC,SELL,0.75,False,PER_STRATEGY_MAX_OPEN_HIT,0.0,0.0,True,0.75,False,0.75
2026-08-14T20:44:15.530395+00:00,SMC,SELL,0.75,False,PER_STRATEGY_MAX_OPEN_HIT,0.0,0.0,True,0.75,False,0.75
2026-08-14T20:45:15.985686+00:00,SMC,SELL,0.75,False,PER_STRATEGY_MAX_OPEN_HIT,0.0,0.0,True,0.75,False,0.75
2026-08-14T20:46:16.362100+00:00,SMC,SELL,0.75,False,PER_STRATEGY_MAX_OPEN_HIT,0.0,0.0,True,0.75,False,0.75
2026-08-14T20:47:16.754363+00:00,SMC,SELL,0.75,False,PER_STRATEGY_MAX_OPEN_HIT,0.0,0.0,True,0.75,False,0.75
2026-08-14T20:48:17.381468+00:00,SMC,SELL,0.75,False,PER_STRATEGY_MAX_OPEN_HIT,0.0,0.0,True,0.75,False,0.75
2026-08-14T20:49:18.008879+00:00,SMC,SELL,0.75,False,PER_STRATEGY_MAX_OPEN_HIT,0.0,0.0,True,0.75,False,0.75
2026-08-14T20:50:18.442489+00:00,SMC,SELL,0.75,False,PER_STRATEGY_MAX_OPEN_HIT,0.0,0.0,True,0.75,False,0.75
2026-08-14T20:51:19.047990+00:00,SMC,SELL,0.75,False,PER_STRATEGY_MAX_OPEN_HIT,0.0,0.0,True,0.75,False,0.75
2026-08-14T20:52:19.650424+00:00,SMC,SELL,0.75,False,PER_STRATEGY_MAX_OPEN_HIT,0.0,0.0,True,0.75,False,0.75
2026-08-14T20:53:20.084184+00:00,SMC,SELL,0.75,False,PER_STRATEGY_MAX_OPEN_HIT,0.0,0.0,True,0.75,False,0.75
2026-08-14T20:54:20.528931+00:00,SMC,SELL,0.75,False,PER_STRATEGY_MAX_OPEN_HIT,0.0,0.0,True,0.75,False,0.75
2026-08-14T20:55:21.081746+00:00,SMC,SELL,0.75,False,PER_STRATEGY_MAX_OPEN_HIT,0.0,0.0,True,0.75,False,0.75
2026-08-14T20:56:21.505833+00:00,SMC,SELL,0.75,False,PER_STRATEGY_MAX_OPEN_HIT,0.0,0.0,True,0.75,False,0.75
2026-08-14T20:57:21.923327+00:00,SMC,SELL,0.75,False,PER_STRATEGY_MAX_OPEN_HIT,0.0,0.0,True,0.75,False,0.75
2026-08-14T20:58:22.346439+00:00,SMC,SELL,0.75,False,PER_STRATEGY_MAX_OPEN_HIT,0.0,0.0,True,0.75,False,0.75
2026-08-14T20:59:22.754836+00:00,SMC,SELL,0.75,False,PER_STRATEGY_MAX_OPEN_HIT,0.0,0.0,True,0.75,False,0.75
2026-08-14T21:00:23.228843+00:00,SMC,SELL,0.75,False,PER_STRATEGY_MAX_OPEN_HIT,0.0,0.0,True,0.75,False,0.75
2026-08-14T21:01:23.611299+00:00,SMC,SELL,0.75,False,PER_STRATEGY_MAX_OPEN_HIT,0.0,0.0,True,0.75,False,0.75
2026-08-14T21:02:24.231835+00:00,SMC,SELL,0.75,False,PER_STRATEGY_MAX_OPEN_HIT,0.0,0.0,True,0.75,False,0.75
2026-08-14T21:03:24.630857+00:00,SMC,SELL,0.75,False,PER_STRATEGY_MAX_OPEN_HIT,0.0,0.0,True,0.75,False,0.75
2026-08-14T21:04:25.106659+00:00,SMC,SELL,0.75,False,PER_STRATEGY_MAX_OPEN_HIT,0.0,0.0,True,0.75,False,0.75
2026-08-14T21:05:25.531037+00:00,SMC,SELL,0.75,False,PER_STRATEGY_MAX_OPEN_HIT,0.0,0.0,True,0.75,False,0.75
2026-08-14T21:06:25.937821+00:00,SMC,SELL,0.75,False,PER_STRATEGY_MAX_OPEN_HIT,0.0,0.0,True,0.75,False,0.75
2026-08-14T21:07:26.363970+00:00,SMC,SELL,0.75,False,PER_STRATEGY_MAX_OPEN_HIT,0.0,0.0,True,0.75,False,0.75
2026-08-14T21:08:26.787514+00:00,SMC,SELL,0.75,False,PER_STRATEGY_MAX_OPEN_HIT,0.0,0.0,True,0.75,False,0.75
2026-08-14T21:09:27.228999+00:00,SMC,SELL,0.75,False,PER_STRATEGY_MAX_OPEN_HIT,0.0,0.0,True,0.75,False,0.75
2026-08-14T21:10:27.691251+00:00,SMC,SELL,0.75,False,PER_STRATEGY_MAX_OPEN_HIT,0.0,0.0,True,0.75,False,0.75
2026-08-14T21:11:28.079735+00:00,SMC,SELL,0.75,False,PER_STRATEGY_MAX_OPEN_HIT,0.0,0.0,True,0.75,False,0.75
2026-08-14T21:12:28.483211+00:00,SMC,SELL,0.75,False,PER_STRATEGY_MAX_OPEN_HIT,0.0,0.0,True,0.75,False,0.75
2026-08-14T21:13:28.970607+00:00,SMC,SELL,0.75,False,PER_STRATEGY_MAX_OPEN_HIT,0.0,0.0,True,0.75,False,0.75
2026-08-14T21:14:29.392755+00:00,SMC,SELL,0.75,False,PER_STRATEGY_MAX_OPEN_HIT,0.0,0.0,True,0.75,False,0.75
2026-08-14T21:15:29.839198+00:00,SMC,SELL,0.75,False,PER_STRATEGY_MAX_OPEN_HIT,0.0,0.0,True,0.75,False,0.75
2026-08-14T21:16:30.221484+00:00,SMC,SELL,0.75,False,PER_STRATEGY_MAX_OPEN_HIT,0.0,0.0,True,0.75,False,0.75
2026-08-14T21:17:30.643604+00:00,SMC,SELL,0.75,False,PER_STRATEGY_MAX_OPEN_HIT,0.0,0.0,True,0.75,False,0.75
2026-08-14T21:18:31.061911+00:00,SMC,SELL,0.75,False,PER_STRATEGY_MAX_OPEN_HIT,0.0,0.0,True,0.75,False,0.75
2026-08-14T21:19:31.477994+00:00,SMC,SELL,0.75,False,PER_STRATEGY_MAX_OPEN_HIT,0.0,0.0,True,0.75,False,0.75
2026-08-14T21:20:31.912783+00:00,SMC,SELL,0.75,False,PER_STRATEGY_MAX_OPEN_HIT,0.0,0.0,True,0.75,False,0.75
2026-08-14T21:21:32.318212+00:00,SMC,SELL,0.75,False,PER_STRATEGY_MAX_OPEN_HIT,0.0,0.0,True,0.75,False,0.75
2026-08-14T21:22:32.727996+00:00,SMC,SELL,0.75,False,PER_STRATEGY_MAX_OPEN_HIT,0.0,0.0,True,0.75,False,0.75
2026-08-14T21:23:33.146147+00:00,SMC,SELL,0.75,False,PER_STRATEGY_MAX_OPEN_HIT,0.0,0.0,True,0.75,False,0.75
2026-08-14T21:24:33.559614+00:00,SMC,SELL,0.75,False,PER_STRATEGY_MAX_OPEN_HIT,0.0,0.0,True,0.75,False,0.75
2026-08-14T21:25:33.979354+00:00,SMC,SELL,0.75,False,PER_STRATEGY_MAX_OPEN_HIT,0.0,0.0,True,0.75,False,0.75
2026-08-14T21:26:34.380461+00:00,SMC,SELL,0.75,False,PER_STRATEGY_MAX_OPEN_HIT,0.0,0.0,True,0.75,False,0.75
2026-08-14T21:27:34.790763+00:00,SMC,SELL,0.75,False,PER_STRATEGY_MAX_OPEN_HIT,0.0,0.0,True,0.75,False,0.75
2026-08-14T21:28:35.203681+00:00,SMC,SELL,0.75,False,PER_STRATEGY_MAX_OPEN_HIT,0.0,0.0,True,0.75,False,0.75
2026-08-14T21:29:35.614047+00:00,SMC,SELL,0.75,False,PER_STRATEGY_MAX_OPEN_HIT,0.0,0.0,True,0.75,False,0.75
2026-08-14T21:30:36.068150+00:00,SMC,SELL,0.75,False,PER_STRATEGY_MAX_OPEN_HIT,0.0,0.0,True,0.75,False,0.75
2026-08-14T21:31:36.455328+00:00,SMC,SELL,0.75,False,PER_STRATEGY_MAX_OPEN_HIT,0.0,0.0,True,0.75,False,0.75
2026-08-14T21:32:36.857923+00:00,SMC,SELL,0.75,False,PER_STRATEGY_MAX_OPEN_HIT,0.0,0.0,True,0.75,False,0.75
2026-08-14T21:33:37.286251+00:00,SMC,SELL,0.75,False,PER_STRATEGY_MAX_OPEN_HIT,0.0,0.0,True,0.75,False,0.75
2026-08-14T21:34:37.700415+00:00,SMC,SELL,0.75,False,PER_STRATEGY_MAX_OPEN_HIT,0.0,0.0,True,0.75,False,0.75
2026-08-14T21:35:38.182124+00:00,SMC,SELL,0.75,False,PER_STRATEGY_MAX_OPEN_HIT,0.0,0.0,True,0.75,False,0.75
2026-08-14T21:36:38.572586+00:00,SMC,SELL,0.75,False,PER_STRATEGY_MAX_OPEN_HIT,0.0,0.0,True,0.75,False,0.75
2026-08-14T21:37:38.981047+00:00,SMC,SELL,0.75,False,PER_STRATEGY_MAX_OPEN_HIT,0.0,0.0,True,0.75,False,0.75
2026-08-14T21:38:39.381378+00:00,SMC,SELL,0.75,False,PER_STRATEGY_MAX_OPEN_HIT,0.0,0.0,True,0.75,False,0.75
2026-08-14T21:39:39.797468+00:00,SMC,SELL,0.75,False,PER_STRATEGY_MAX_OPEN_HIT,0.0,0.0,True,0.75,False,0.75
2026-08-14T21:40:40.252806+00:00,SMC,SELL,0.75,False,PER_STRATEGY_MAX_OPEN_HIT,0.0,0.0,True,0.75,False,0.75
2026-08-14T21:41:40.632173+00:00,SMC,SELL,0.75,False,PER_STRATEGY_MAX_OPEN_HIT,0.0,0.0,True,0.75,False,0.75
2026-08-14T21:42:41.041727+00:00,SMC,SELL,0.75,False,PER_STRATEGY_MAX_OPEN_HIT,0.0,0.0,True,0.75,False,0.75
2026-08-14T21:43:41.444486+00:00,SMC,SELL,0.75,False,PER_STRATEGY_MAX_OPEN_HIT,0.0,0.0,True,0.75,False,0.75
2026-08-14T21:44:41.857877+00:00,SMC,SELL,0.75,False,PER_STRATEGY_MAX_OPEN_HIT,0.0,0.0,True,0.75,False,0.75
2026-08-14T21:45:42.300350+00:00,SMC,SELL,0.75,False,PER_STRATEGY_MAX_OPEN_HIT,0.0,0.0,True,0.75,False,0.75
2026-08-14T21:46:42.682033+00:00,SMC,SELL,0.75,False,PER_STRATEGY_MAX_OPEN_HIT,0.0,0.0,True,0.75,False,0.75
2026-08-14T21:47:43.114524+00:00,SMC,SELL,0.75,False,PER_STRATEGY_MAX_OPEN_HIT,0.0,0.0,True,0.75,False,0.75
2026-08-14T21:48:43.534428+00:00,SMC,SELL,0.75,False,PER_STRATEGY_MAX_OPEN_HIT,0.0,0.0,True,0.75,False,0.75
2026-08-14T21:49:43.965598+00:00,SMC,SELL,0.75,False,PER_STRATEGY_MAX_OPEN_HIT,0.0,0.0,True,0.75,False,0.75
2026-08-14T21:50:44.431876+00:00,SMC,SELL,0.75,False,PER_STRATEGY_MAX_OPEN_HIT,0.0,0.0,True,0.75,False,0.75
2026-08-14T21:51:44.800917+00:00,SMC,SELL,0.75,False,PER_STRATEGY_MAX_OPEN_HIT,0.0,0.0,True,0.75,False,0.75
2026-08-14T21:52:45.243298+00:00,SMC,SELL,0.75,False,PER_STRATEGY_MAX_OPEN_HIT,0.0,0.0,True,0.75,False,0.75
2026-08-14T21:53:45.650230+00:00,SMC,SELL,0.75,False,PER_STRATEGY_MAX_OPEN_HIT,0.0,0.0,True,0.75,False,0.75
2026-08-14T21:54:46.050721+00:00,SMC,SELL,0.75,False,PER_STRATEGY_MAX_OPEN_HIT,0.0,0.0,True,0.75,False,0.75
2026-08-14T21:55:46.482329+00:00,SMC,SELL,0.75,False,PER_STRATEGY_MAX_OPEN_HIT,0.0,0.0,True,0.75,False,0.75
2026-08-14T21:56:46.868853+00:00,SMC,SELL,0.75,False,PER_STRATEGY_MAX_OPEN_HIT,0.0,0.0,True,0.75,False,0.75
2026-08-14T21:57:47.292045+00:00,SMC,SELL,0.75,False,PER_STRATEGY_MAX_OPEN_HIT,0.0,0.0,True,0.75,False,0.75
2026-08-14T21:58:47.696344+00:00,SMC,SELL,0.75,False,PER_STRATEGY_MAX_OPEN_HIT,0.0,0.0,True,0.75,False,0.75
2026-08-14T21:59:48.104542+00:00,SMC,SELL,0.75,False,PER_STRATEGY_MAX_OPEN_HIT,0.0,0.0,True,0.75,False,0.75
2026-08-14T22:00:48.608615+00:00,SMC,SELL,0.75,False,PER_STRATEGY_MAX_OPEN_HIT,0.0,0.0,True,0.75,False,0.75
2026-08-14T22:01:48.976279+00:00,SMC,SELL,0.75,False,PER_STRATEGY_MAX_OPEN_HIT,0.0,0.0,True,0.75,False,0.75
2026-08-14T22:02:49.385361+00:00,SMC,SELL,0.75,False,PER_STRATEGY_MAX_OPEN_HIT,0.0,0.0,True,0.75,False,0.75
2026-08-14T22:03:49.795127+00:00,SMC,SELL,0.75,False,PER_STRATEGY_MAX_OPEN_HIT,0.0,0.0,True,0.75,False,0.75
2026-08-14T22:04:50.189726+00:00,SMC,SELL,0.75,False,PER_STRATEGY_MAX_OPEN_HIT,0.0,0.0,True,0.75,False,0.75
2026-08-14T22:05:50.702569+00:00,SMC,SELL,0.75,False,PER_STRATEGY_MAX_OPEN_HIT,0.0,0.0,True,0.75,False,0.75
2026-08-14T22:06:51.093390+00:00,SMC,SELL,0.75,False,PER_STRATEGY_MAX_OPEN_HIT,0.0,0.0,True,0.75,False,0.75
2026-08-14T22:07:51.499803+00:00,SMC,SELL,0.75,False,PER_STRATEGY_MAX_OPEN_HIT,0.0,0.0,True,0.75,False,0.75
2026-08-14T22:08:51.906171+00:00,SMC,SELL,0.75,False,PER_STRATEGY_MAX_OPEN_HIT,0.0,0.0,True,0.75,False,0.75
2026-08-14T22:09:52.323755+00:00,SMC,SELL,0.75,False,PER_STRATEGY_MAX_OPEN_HIT,0.0,0.0,True,0.75,False,0.75
2026-08-14T22:10:52.763960+00:00,SMC,SELL,0.75,False,PER_STRATEGY_MAX_OPEN_HIT,0.0,0.0,True,0.75,False,0.75
2026-08-14T22:11:53.143529+00:00,SMC,SELL,0.75,False,PER_STRATEGY_MAX_OPEN_HIT,0.0,0.0,True,0.75,False,0.75
2026-08-14T22:12:53.542831+00:00,SMC,SELL,0.75,False,PER_STRATEGY_MAX_OPEN_HIT,0.0,0.0,True,0.75,False,0.75
2026-08-14T22:13:53.977744+00:00,SMC,SELL,0.75,False,PER_STRATEGY_MAX_OPEN_HIT,0.0,0.0,True,0.75,False,0.75
2026-08-14T22:14:54.401788+00:00,SMC,SELL,0.75,False,PER_STRATEGY_MAX_OPEN_HIT,0.0,0.0,True,0.75,False,0.75
2026-08-14T22:15:54.838890+00:00,SMC,SELL,0.75,False,PER_STRATEGY_MAX_OPEN_HIT,0.0,0.0,True,0.75,False,0.75
2026-08-14T22:16:55.258377+00:00,SMC,SELL,0.75,False,PER_STRATEGY_MAX_OPEN_HIT,0.0,0.0,True,0.75,False,0.75
2026-08-14T22:17:55.647769+00:00,SMC,SELL,0.75,False,PER_STRATEGY_MAX_OPEN_HIT,0.0,0.0,True,0.75,False,0.75
2026-08-14T22:18:56.046187+00:00,SMC,SELL,0.75,False,PER_STRATEGY_MAX_OPEN_HIT,0.0,0.0,True,0.75,False,0.75
2026-08-14T22:19:56.460884+00:00,SMC,SELL,0.75,False,PER_STRATEGY_MAX_OPEN_HIT,0.0,0.0,True,0.75,False,0.75
2026-08-14T22:20:56.908456+00:00,SMC,SELL,0.75,False,PER_STRATEGY_MAX_OPEN_HIT,0.0,0.0,True,0.75,False,0.75
2026-08-14T22:21:57.294330+00:00,SMC,SELL,0.75,False,PER_STRATEGY_MAX_OPEN_HIT,0.0,0.0,True,0.75,False,0.75
2026-08-14T22:22:57.863042+00:00,SMC,SELL,0.75,False,PER_STRATEGY_MAX_OPEN_HIT,0.0,0.0,True,0.75,False,0.75
2026-08-14T22:23:58.280127+00:00,SMC,SELL,0.75,False,PER_STRATEGY_MAX_OPEN_HIT,0.0,0.0,True,0.75,False,0.75
2026-08-14T22:24:58.687213+00:00,SMC,SELL,0.75,False,PER_STRATEGY_MAX_OPEN_HIT,0.0,0.0,True,0.75,False,0.75
2026-08-14T22:25:59.118778+00:00,SMC,SELL,0.75,False,PER_STRATEGY_MAX_OPEN_HIT,0.0,0.0,True,0.75,False,0.75
2026-08-14T22:26:59.492855+00:00,SMC,SELL,0.75,False,PER_STRATEGY_MAX_OPEN_HIT,0.0,0.0,True,0.75,False,0.75
2026-08-14T22:27:59.919242+00:00,SMC,SELL,0.75,False,PER_STRATEGY_MAX_OPEN_HIT,0.0,0.0,True,0.75,False,0.75
2026-08-14T22:29:00.412970+00:00,SMC,SELL,0.75,False,PER_STRATEGY_MAX_OPEN_HIT,0.0,0.0,True,0.75,False,0.75
2026-08-14T22:30:00.834062+00:00,SMC,SELL,0.75,False,PER_STRATEGY_MAX_OPEN_HIT,0.0,0.0,True,0.75,False,0.75
2026-08-14T22:31:01.297178+00:00,SMC,SELL,0.75,False,PER_STRATEGY_MAX_OPEN_HIT,0.0,0.0,True,0.75,False,0.75
2026-08-14T22:32:01.678615+00:00,SMC,SELL,0.75,False,PER_STRATEGY_MAX_OPEN_HIT,0.0,0.0,True,0.75,False,0.75
2026-08-14T22:33:02.119586+00:00,SMC,SELL,0.75,False,PER_STRATEGY_MAX_OPEN_HIT,0.0,0.0,True,0.75,False,0.75
2026-08-14T22:34:02.521166+00:00,SMC,SELL,0.75,False,PER_STRATEGY_MAX_OPEN_HIT,0.0,0.0,True,0.75,False,0.75
2026-08-14T22:35:02.913304+00:00,SMC,SELL,0.75,False,PER_STRATEGY_MAX_OPEN_HIT,0.0,0.0,True,0.75,False,0.75
2026-08-14T22:36:03.368053+00:00,SMC,SELL,0.75,False,PER_STRATEGY_MAX_OPEN_HIT,0.0,0.0,True,0.75,False,0.75
2026-08-14T22:37:03.760615+00:00,SMC,SELL,0.75,False,PER_STRATEGY_MAX_OPEN_HIT,0.0,0.0,True,0.75,False,0.75
2026-08-14T22:38:04.164640+00:00,SMC,SELL,0.75,False,PER_STRATEGY_MAX_OPEN_HIT,0.0,0.0,True,0.75,False,0.75
2026-08-14T22:39:04.585013+00:00,SMC,SELL,0.75,False,PER_STRATEGY_MAX_OPEN_HIT,0.0,0.0,True,0.75,False,0.75
2026-08-14T22:40:05.000580+00:00,SMC,SELL,0.75,False,PER_STRATEGY_MAX_OPEN_HIT,0.0,0.0,True,0.75,False,0.75
2026-08-14T22:41:05.465536+00:00,SMC,SELL,0.75,False,PER_STRATEGY_MAX_OPEN_HIT,0.0,0.0,True,0.75,False,0.75
2026-08-14T22:42:05.878781+00:00,SMC,SELL,0.75,False,PER_STRATEGY_MAX_OPEN_HIT,0.0,0.0,True,0.75,False,0.75
2026-08-14T22:43:06.315988+00:00,SMC,SELL,0.75,False,PER_STRATEGY_MAX_OPEN_HIT,0.0,0.0,True,0.75,False,0.75
2026-08-14T22:44:06.748901+00:00,SMC,SELL,0.75,False,PER_STRATEGY_MAX_OPEN_HIT,0.0,0.0,True,0.75,False,0.75
2026-08-14T22:45:07.204156+00:00,SMC,SELL,0.75,False,PER_STRATEGY_MAX_OPEN_HIT,0.0,0.0,True,0.75,False,0.75
2026-08-14T22:46:07.658714+00:00,SMC,SELL,0.75,False,PER_STRATEGY_MAX_OPEN_HIT,0.0,0.0,True,0.75,False,0.75
2026-08-14T22:47:08.058641+00:00,SMC,SELL,0.75,False,PER_STRATEGY_MAX_OPEN_HIT,0.0,0.0,True,0.75,False,0.75
2026-08-14T22:48:08.504997+00:00,SMC,SELL,0.75,False,PER_STRATEGY_MAX_OPEN_HIT,0.0,0.0,True,0.75,False,0.75
2026-08-14T22:49:08.926525+00:00,SMC,SELL,0.75,False,PER_STRATEGY_MAX_OPEN_HIT,0.0,0.0,True,0.75,False,0.75
2026-08-14T22:50:09.355771+00:00,SMC,SELL,0.75,False,PER_STRATEGY_MAX_OPEN_HIT,0.0,0.0,True,0.75,False,0.75
2026-08-14T22:51:09.892210+00:00,SMC,SELL,0.75,False,PER_STRATEGY_MAX_OPEN_HIT,0.0,0.0,True,0.75,False,0.75
2026-08-14T22:52:10.300270+00:00,SMC,SELL,0.75,False,PER_STRATEGY_MAX_OPEN_HIT,0.0,0.0,True,0.75,False,0.75
2026-08-14T22:53:10.721368+00:00,SMC,SELL,0.75,False,PER_STRATEGY_MAX_OPEN_HIT,0.0,0.0,True,0.75,False,0.75
2026-08-14T22:54:11.149922+00:00,SMC,SELL,0.75,False,PER_STRATEGY_MAX_OPEN_HIT,0.0,0.0,True,0.75,False,0.75
2026-08-14T22:55:11.562881+00:00,SMC,SELL,0.75,False,PER_STRATEGY_MAX_OPEN_HIT,0.0,0.0,True,0.75,False,0.75
2026-08-14T22:56:12.004299+00:00,SMC,SELL,0.75,False,PER_STRATEGY_MAX_OPEN_HIT,0.0,0.0,True,0.75,False,0.75
2026-08-14T22:57:12.400889+00:00,SMC,SELL,0.75,False,PER_STRATEGY_MAX_OPEN_HIT,0.0,0.0,True,0.75,False,0.75
2026-08-14T22:58:12.808809+00:00,SMC,SELL,0.75,False,PER_STRATEGY_MAX_OPEN_HIT,0.0,0.0,True,0.75,False,0.75
2026-08-14T22:59:13.447168+00:00,SMC,SELL,0.75,False,PER_STRATEGY_MAX_OPEN_HIT,0.0,0.0,True,0.75,False,0.75
2026-08-14T23:00:13.909447+00:00,SMC,SELL,0.75,False,PER_STRATEGY_MAX_OPEN_HIT,0.0,0.0,True,0.75,False,0.75
2026-08-14T23:01:14.369279+00:00,SMC,SELL,0.75,False,PER_STRATEGY_MAX_OPEN_HIT,0.0,0.0,True,0.75,False,0.75
2026-08-14T23:02:14.740979+00:00,SMC,SELL,0.75,False,PER_STRATEGY_MAX_OPEN_HIT,0.0,0.0,True,0.75,False,0.75
2026-08-14T23:03:15.161625+00:00,SMC,SELL,0.75,False,PER_STRATEGY_MAX_OPEN_HIT,0.0,0.0,True,0.75,False,0.75
2026-08-14T23:04:15.601225+00:00,SMC,SELL,0.75,False,PER_STRATEGY_MAX_OPEN_HIT,0.0,0.0,True,0.75,False,0.75
2026-08-14T23:05:16.182035+00:00,SMC,SELL,0.75,False,PER_STRATEGY_MAX_OPEN_HIT,0.0,0.0,True,0.75,False,0.75
2026-08-14T23:06:16.635562+00:00,SMC,SELL,0.75,False,PER_STRATEGY_MAX_OPEN_HIT,0.0,0.0,True,0.75,False,0.75
2026-08-14T23:07:17.033179+00:00,SMC,SELL,0.75,False,PER_STRATEGY_MAX_OPEN_HIT,0.0,0.0,True,0.75,False,0.75
2026-08-14T23:08:17.446539+00:00,SMC,SELL,0.75,False,PER_STRATEGY_MAX_OPEN_HIT,0.0,0.0,True,0.75,False,0.75
2026-08-14T23:09:17.866618+00:00,SMC,SELL,0.75,False,PER_STRATEGY_MAX_OPEN_HIT,0.0,0.0,True,0.75,False,0.75
2026-08-14T23:10:18.274056+00:00,SMC,SELL,0.75,False,PER_STRATEGY_MAX_OPEN_HIT,0.0,0.0,True,0.75,False,0.75
2026-08-14T23:11:18.704805+00:00,SMC,SELL,0.75,False,PER_STRATEGY_MAX_OPEN_HIT,0.0,0.0,True,0.75,False,0.75
2026-08-14T23:12:19.090119+00:00,SMC,SELL,0.75,False,PER_STRATEGY_MAX_OPEN_HIT,0.0,0.0,True,0.75,False,0.75
2026-08-14T23:13:19.490301+00:00,SMC,SELL,0.75,False,PER_STRATEGY_MAX_OPEN_HIT,0.0,0.0,True,0.75,False,0.75
2026-08-14T23:14:19.896424+00:00,SMC,SELL,0.75,False,PER_STRATEGY_MAX_OPEN_HIT,0.0,0.0,True,0.75,False,0.75
2026-08-14T23:15:20.507854+00:00,SMC,SELL,0.75,False,PER_STRATEGY_MAX_OPEN_HIT,0.0,0.0,True,0.75,False,0.75
2026-08-14T23:16:20.943437+00:00,SMC,SELL,0.75,False,PER_STRATEGY_MAX_OPEN_HIT,0.0,0.0,True,0.75,False,0.75
2026-08-14T23:17:21.360336+00:00,SMC,SELL,0.75,False,PER_STRATEGY_MAX_OPEN_HIT,0.0,0.0,True,0.75,False,0.75
2026-08-14T23:18:21.790999+00:00,SMC,SELL,0.75,False,PER_STRATEGY_MAX_OPEN_HIT,0.0,0.0,True,0.75,False,0.75
2026-08-14T23:19:22.217939+00:00,SMC,SELL,0.75,False,PER_STRATEGY_MAX_OPEN_HIT,0.0,0.0,True,0.75,False,0.75
2026-08-14T23:20:22.653782+00:00,SMC,SELL,0.75,False,PER_STRATEGY_MAX_OPEN_HIT,0.0,0.0,True,0.75,False,0.75
2026-08-14T23:21:23.092268+00:00,SMC,SELL,0.75,False,PER_STRATEGY_MAX_OPEN_HIT,0.0,0.0,True,0.75,False,0.75
2026-08-14T23:22:23.482299+00:00,SMC,SELL,0.75,False,PER_STRATEGY_MAX_OPEN_HIT,0.0,0.0,True,0.75,False,0.75
2026-08-14T23:23:23.908830+00:00,SMC,SELL,0.75,False,PER_STRATEGY_MAX_OPEN_HIT,0.0,0.0,True,0.75,False,0.75
2026-08-14T23:24:24.334387+00:00,SMC,SELL,0.75,False,PER_STRATEGY_MAX_OPEN_HIT,0.0,0.0,True,0.75,False,0.75
2026-08-14T23:25:24.764116+00:00,SMC,SELL,0.75,False,PER_STRATEGY_MAX_OPEN_HIT,0.0,0.0,True,0.75,False,0.75
2026-08-14T23:26:25.221681+00:00,SMC,SELL,0.75,False,PER_STRATEGY_MAX_OPEN_HIT,0.0,0.0,True,0.75,False,0.75
2026-08-14T23:27:25.810988+00:00,SMC,SELL,0.75,False,PER_STRATEGY_MAX_OPEN_HIT,0.0,0.0,True,0.75,False,0.75
2026-08-14T23:28:26.293336+00:00,SMC,SELL,0.75,False,PER_STRATEGY_MAX_OPEN_HIT,0.0,0.0,True,0.75,False,0.75
2026-08-14T23:29:26.717685+00:00,SMC,SELL,0.75,False,PER_STRATEGY_MAX_OPEN_HIT,0.0,0.0,True,0.75,False,0.75
2026-08-14T23:30:27.102444+00:00,SMC,SELL,0.75,False,PER_STRATEGY_MAX_OPEN_HIT,0.0,0.0,True,0.75,False,0.75
2026-08-14T23:31:27.543583+00:00,SMC,SELL,0.75,False,PER_STRATEGY_MAX_OPEN_HIT,0.0,0.0,True,0.75,False,0.75
2026-08-14T23:32:27.947948+00:00,SMC,SELL,0.75,False,PER_STRATEGY_MAX_OPEN_HIT,0.0,0.0,True,0.75,False,0.75
2026-08-14T23:33:28.361181+00:00,SMC,SELL,0.75,False,PER_STRATEGY_MAX_OPEN_HIT,0.0,0.0,True,0.75,False,0.75
2026-08-14T23:34:28.770847+00:00,SMC,SELL,0.75,False,PER_STRATEGY_MAX_OPEN_HIT,0.0,0.0,True,0.75,False,0.75
2026-08-14T23:35:29.184053+00:00,SMC,SELL,0.75,False,PER_STRATEGY_MAX_OPEN_HIT,0.0,0.0,True,0.75,False,0.75
2026-08-14T23:36:29.642388+00:00,SMC,SELL,0.75,False,PER_STRATEGY_MAX_OPEN_HIT,0.0,0.0,True,0.75,False,0.75
2026-08-14T23:37:30.014335+00:00,SMC,SELL,0.75,False,PER_STRATEGY_MAX_OPEN_HIT,0.0,0.0,True,0.75,False,0.75
2026-08-14T23:38:30.425789+00:00,SMC,SELL,0.75,False,PER_STRATEGY_MAX_OPEN_HIT,0.0,0.0,True,0.75,False,0.75
2026-08-14T23:39:30.871840+00:00,SMC,SELL,0.75,False,PER_STRATEGY_MAX_OPEN_HIT,0.0,0.0,True,0.75,False,0.75
2026-08-14T23:40:31.280446+00:00,SMC,SELL,0.75,False,PER_STRATEGY_MAX_OPEN_HIT,0.0,0.0,True,0.75,False,0.75
2026-08-14T23:41:31.722981+00:00,SMC,SELL,0.75,False,PER_STRATEGY_MAX_OPEN_HIT,0.0,0.0,True,0.75,False,0.75
2026-08-14T23:42:32.116032+00:00,SMC,SELL,0.75,False,PER_STRATEGY_MAX_OPEN_HIT,0.0,0.0,True,0.75,False,0.75
2026-08-14T23:43:32.536101+00:00,SMC,SELL,0.75,False,PER_STRATEGY_MAX_OPEN_HIT,0.0,0.0,True,0.75,False,0.75
2026-08-14T23:44:32.947777+00:00,SMC,SELL,0.75,False,PER_STRATEGY_MAX_OPEN_HIT,0.0,0.0,True,0.75,False,0.75
2026-08-14T23:45:33.374233+00:00,SMC,SELL,0.75,False,PER_STRATEGY_MAX_OPEN_HIT,0.0,0.0,True,0.75,False,0.75
2026-08-14T23:46:33.843308+00:00,SMC,SELL,0.75,False,PER_STRATEGY_MAX_OPEN_HIT,0.0,0.0,True,0.75,False,0.75
2026-08-14T23:47:34.226345+00:00,SMC,SELL,0.75,False,PER_STRATEGY_MAX_OPEN_HIT,0.0,0.0,True,0.75,False,0.75
2026-08-14T23:48:34.641197+00:00,SMC,SELL,0.75,False,PER_STRATEGY_MAX_OPEN_HIT,0.0,0.0,True,0.75,False,0.75
2026-08-14T23:49:35.059605+00:00,SMC,SELL,0.75,False,PER_STRATEGY_MAX_OPEN_HIT,0.0,0.0,True,0.75,False,0.75
2026-08-14T23:50:35.474110+00:00,SMC,SELL,0.75,False,PER_STRATEGY_MAX_OPEN_HIT,0.0,0.0,True,0.75,False,0.75
2026-08-14T23:51:35.932980+00:00,SMC,SELL,0.75,False,PER_STRATEGY_MAX_OPEN_HIT,0.0,0.0,True,0.75,False,0.75
2026-08-14T23:52:36.317062+00:00,SMC,SELL,0.75,False,PER_STRATEGY_MAX_OPEN_HIT,0.0,0.0,True,0.75,False,0.75
2026-08-14T23:53:36.753013+00:00,SMC,SELL,0.75,False,PER_STRATEGY_MAX_OPEN_HIT,0.0,0.0,True,0.75,False,0.75
2026-08-14T23:54:37.155849+00:00,SMC,SELL,0.75,False,PER_STRATEGY_MAX_OPEN_HIT,0.0,0.0,True,0.75,False,0.75
2026-08-14T23:55:37.560115+00:00,SMC,SELL,0.75,False,PER_STRATEGY_MAX_OPEN_HIT,0.0,0.0,True,0.75,False,0.75
2026-08-14T23:56:38.031210+00:00,SMC,SELL,0.75,False,PER_STRATEGY_MAX_OPEN_HIT,0.0,0.0,True,0.75,False,0.75
2026-08-14T23:57:38.415023+00:00,SMC,SELL,0.75,False,PER_STRATEGY_MAX_OPEN_HIT,0.0,0.0,True,0.75,False,0.75
2026-08-14T23:58:38.826277+00:00,SMC,SELL,0.75,False,PER_STRATEGY_MAX_OPEN_HIT,0.0,0.0,True,0.75,False,0.75
2026-08-14T23:59:39.234226+00:00,SMC,SELL,0.75,False,PER_STRATEGY_MAX_OPEN_HIT,0.0,0.0,True,0.75,False,0.75
2026-08-15T00:00:39.659184+00:00,SMC,SELL,0.75,False,PER_STRATEGY_MAX_OPEN_HIT,0.0,0.0,True,0.75,False,0.75
2026-08-15T00:01:40.116015+00:00,SMC,SELL,0.75,False,PER_STRATEGY_MAX_OPEN_HIT,0.0,0.0,True,0.75,False,0.75
2026-08-15T00:02:40.486451+00:00,SMC,SELL,0.75,False,PER_STRATEGY_MAX_OPEN_HIT,0.0,0.0,True,0.75,False,0.75
2026-08-15T00:03:40.892257+00:00,SMC,SELL,0.75,False,PER_STRATEGY_MAX_OPEN_HIT,0.0,0.0,True,0.75,False,0.75
2026-08-15T00:04:41.307941+00:00,SMC,SELL,0.75,False,PER_STRATEGY_MAX_OPEN_HIT,0.0,0.0,True,0.75,False,0.75
2026-08-15T00:05:41.743425+00:00,SMC,SELL,0.75,False,PER_STRATEGY_MAX_OPEN_HIT,0.0,0.0,True,0.75,False,0.75
2026-08-15T00:06:42.177138+00:00,SMC,SELL,0.75,False,PER_STRATEGY_MAX_OPEN_HIT,0.0,0.0,True,0.75,False,0.75
2026-08-15T00:07:42.577113+00:00,SMC,SELL,0.75,False,PER_STRATEGY_MAX_OPEN_HIT,0.0,0.0,True,0.75,False,0.75
2026-08-15T00:08:43.009932+00:00,SMC,SELL,0.75,False,PER_STRATEGY_MAX_OPEN_HIT,0.0,0.0,True,0.75,False,0.75
2026-08-15T00:09:43.425048+00:00,SMC,SELL,0.75,False,PER_STRATEGY_MAX_OPEN_HIT,0.0,0.0,True,0.75,False,0.75
2026-08-15T00:10:43.881911+00:00,SMC,SELL,0.75,False,PER_STRATEGY_MAX_OPEN_HIT,0.0,0.0,True,0.75,False,0.75
2026-08-15T00:11:44.348119+00:00,SMC,SELL,0.75,False,PER_STRATEGY_MAX_OPEN_HIT,0.0,0.0,True,0.75,False,0.75
2026-08-15T00:12:44.745589+00:00,SMC,SELL,0.75,False,PER_STRATEGY_MAX_OPEN_HIT,0.0,0.0,True,0.75,False,0.75
2026-08-15T00:13:45.165566+00:00,SMC,SELL,0.75,False,PER_STRATEGY_MAX_OPEN_HIT,0.0,0.0,True,0.75,False,0.75
2026-08-15T00:14:45.573287+00:00,SMC,SELL,0.75,False,PER_STRATEGY_MAX_OPEN_HIT,0.0,0.0,True,0.75,False,0.75
2026-08-15T00:15:46.004312+00:00,SMC,SELL,0.75,False,PER_STRATEGY_MAX_OPEN_HIT,0.0,0.0,True,0.75,False,0.75
2026-08-15T00:16:46.437343+00:00,SMC,SELL,0.75,False,PER_STRATEGY_MAX_OPEN_HIT,0.0,0.0,True,0.75,False,0.75
2026-08-15T00:17:46.823166+00:00,SMC,SELL,0.75,False,PER_STRATEGY_MAX_OPEN_HIT,0.0,0.0,True,0.75,False,0.75
2026-08-15T00:18:47.237930+00:00,SMC,SELL,0.75,False,PER_STRATEGY_MAX_OPEN_HIT,0.0,0.0,True,0.75,False,0.75
2026-08-15T00:19:47.646306+00:00,SMC,SELL,0.75,False,PER_STRATEGY_MAX_OPEN_HIT,0.0,0.0,True,0.75,False,0.75
2026-08-15T00:20:48.061480+00:00,SMC,SELL,0.75,False,PER_STRATEGY_MAX_OPEN_HIT,0.0,0.0,True,0.75,False,0.75
2026-08-15T00:21:48.506705+00:00,SMC,SELL,0.75,False,PER_STRATEGY_MAX_OPEN_HIT,0.0,0.0,True,0.75,False,0.75
2026-08-15T00:22:48.907453+00:00,SMC,SELL,0.75,False,PER_STRATEGY_MAX_OPEN_HIT,0.0,0.0,True,0.75,False,0.75
2026-08-15T00:23:49.374889+00:00,SMC,SELL,0.75,False,PER_STRATEGY_MAX_OPEN_HIT,0.0,0.0,True,0.75,False,0.75
2026-08-15T00:24:49.789546+00:00,SMC,SELL,0.75,False,PER_STRATEGY_MAX_OPEN_HIT,0.0,0.0,True,0.75,False,0.75
2026-08-15T00:25:50.220147+00:00,SMC,SELL,0.75,False,PER_STRATEGY_MAX_OPEN_HIT,0.0,0.0,True,0.75,False,0.75
2026-08-15T00:26:50.662904+00:00,SMC,SELL,0.75,False,PER_STRATEGY_MAX_OPEN_HIT,0.0,0.0,True,0.75,False,0.75
2026-08-15T00:27:51.048086+00:00,SMC,SELL,0.75,False,PER_STRATEGY_MAX_OPEN_HIT,0.0,0.0,True,0.75,False,0.75
2026-08-15T00:28:51.491519+00:00,SMC,SELL,0.75,False,PER_STRATEGY_MAX_OPEN_HIT,0.0,0.0,True,0.75,False,0.75
2026-08-15T00:29:51.914010+00:00,SMC,SELL,0.75,False,PER_STRATEGY_MAX_OPEN_HIT,0.0,0.0,True,0.75,False,0.75
2026-08-15T00:30:52.345267+00:00,SMC,SELL,0.75,False,PER_STRATEGY_MAX_OPEN_HIT,0.0,0.0,True,0.75,False,0.75
2026-08-15T00:31:52.784844+00:00,SMC,SELL,0.75,False,PER_STRATEGY_MAX_OPEN_HIT,0.0,0.0,True,0.75,False,0.75
2026-08-15T00:32:53.159021+00:00,SMC,SELL,0.75,False,PER_STRATEGY_MAX_OPEN_HIT,0.0,0.0,True,0.75,False,0.75
2026-08-15T00:33:53.558383+00:00,SMC,SELL,0.75,False,PER_STRATEGY_MAX_OPEN_HIT,0.0,0.0,True,0.75,False,0.75
2026-08-15T00:34:53.977226+00:00,SMC,SELL,0.75,False,PER_STRATEGY_MAX_OPEN_HIT,0.0,0.0,True,0.75,False,0.75
2026-08-15T00:35:54.412627+00:00,SMC,SELL,0.75,False,PER_STRATEGY_MAX_OPEN_HIT,0.0,0.0,True,0.75,False,0.75
2026-08-15T00:36:54.876773+00:00,SMC,SELL,0.75,False,PER_STRATEGY_MAX_OPEN_HIT,0.0,0.0,True,0.75,False,0.75
2026-08-15T00:37:55.275060+00:00,SMC,SELL,0.75,False,PER_STRATEGY_MAX_OPEN_HIT,0.0,0.0,True,0.75,False,0.75
2026-08-15T00:38:55.848126+00:00,SMC,SELL,0.75,False,PER_STRATEGY_MAX_OPEN_HIT,0.0,0.0,True,0.75,False,0.75
2026-08-15T00:39:56.278103+00:00,SMC,SELL,0.75,False,PER_STRATEGY_MAX_OPEN_HIT,0.0,0.0,True,0.75,False,0.75
2026-08-15T00:40:56.707747+00:00,SMC,SELL,0.75,False,PER_STRATEGY_MAX_OPEN_HIT,0.0,0.0,True,0.75,False,0.75
2026-08-15T00:41:57.161030+00:00,SMC,SELL,0.75,False,PER_STRATEGY_MAX_OPEN_HIT,0.0,0.0,True,0.75,False,0.75
2026-08-15T00:42:57.562427+00:00,SMC,SELL,0.75,False,PER_STRATEGY_MAX_OPEN_HIT,0.0,0.0,True,0.75,False,0.75
2026-08-15T00:43:57.991989+00:00,SMC,SELL,0.75,False,PER_STRATEGY_MAX_OPEN_HIT,0.0,0.0,True,0.75,False,0.75
2026-08-15T00:44:58.387200+00:00,SMC,SELL,0.75,False,PER_STRATEGY_MAX_OPEN_HIT,0.0,0.0,True,0.75,False,0.75
2026-08-15T00:45:58.807245+00:00,SMC,SELL,0.75,False,PER_STRATEGY_MAX_OPEN_HIT,0.0,0.0,True,0.75,False,0.75
2026-08-15T00:46:59.260143+00:00,SMC,SELL,0.75,False,PER_STRATEGY_MAX_OPEN_HIT,0.0,0.0,True,0.75,False,0.75
2026-08-15T00:47:59.651702+00:00,SMC,SELL,0.75,False,PER_STRATEGY_MAX_OPEN_HIT,0.0,0.0,True,0.75,False,0.75
2026-08-15T00:49:00.094013+00:00,SMC,SELL,0.75,False,PER_STRATEGY_MAX_OPEN_HIT,0.0,0.0,True,0.75,False,0.75
2026-08-15T00:50:00.492090+00:00,SMC,SELL,0.75,False,PER_STRATEGY_MAX_OPEN_HIT,0.0,0.0,True,0.75,False,0.75
2026-08-15T00:51:00.915404+00:00,SMC,SELL,0.75,False,PER_STRATEGY_MAX_OPEN_HIT,0.0,0.0,True,0.75,False,0.75
2026-08-15T00:52:01.364081+00:00,SMC,SELL,0.75,False,PER_STRATEGY_MAX_OPEN_HIT,0.0,0.0,True,0.75,False,0.75
2026-08-15T00:53:01.779274+00:00,SMC,SELL,0.75,False,PER_STRATEGY_MAX_OPEN_HIT,0.0,0.0,True,0.75,False,0.75
2026-08-15T00:54:06.609372+00:00,SMC,SELL,0.75,False,PER_STRATEGY_MAX_OPEN_HIT,0.0,0.0,True,0.75,False,0.75
2026-08-15T00:55:07.022354+00:00,SMC,SELL,0.75,False,PER_STRATEGY_MAX_OPEN_HIT,0.0,0.0,True,0.75,False,0.75
2026-08-15T00:56:07.436832+00:00,SMC,SELL,0.75,False,PER_STRATEGY_MAX_OPEN_HIT,0.0,0.0,True,0.75,False,0.75
2026-08-15T00:57:07.864733+00:00,SMC,SELL,0.75,False,PER_STRATEGY_MAX_OPEN_HIT,0.0,0.0,True,0.75,False,0.75
2026-08-15T00:58:08.261086+00:00,SMC,SELL,0.75,False,PER_STRATEGY_MAX_OPEN_HIT,0.0,0.0,True,0.75,False,0.75
2026-08-15T00:59:08.686779+00:00,SMC,SELL,0.75,False,PER_STRATEGY_MAX_OPEN_HIT,0.0,0.0,True,0.75,False,0.75
2026-08-15T01:00:09.080977+00:00,SMC,SELL,0.75,False,PER_STRATEGY_MAX_OPEN_HIT,0.0,0.0,True,0.75,False,0.75
2026-08-15T01:01:09.506651+00:00,SMC,SELL,0.75,False,PER_STRATEGY_MAX_OPEN_HIT,0.0,0.0,True,0.75,False,0.75
2026-08-15T01:02:09.974027+00:00,SMC,SELL,0.75,False,PER_STRATEGY_MAX_OPEN_HIT,0.0,0.0,True,0.75,False,0.75
2026-08-15T01:03:10.362293+00:00,SMC,SELL,0.75,False,PER_STRATEGY_MAX_OPEN_HIT,0.0,0.0,True,0.75,False,0.75
2026-08-15T01:04:10.798521+00:00,SMC,SELL,0.75,False,PER_STRATEGY_MAX_OPEN_HIT,0.0,0.0,True,0.75,False,0.75
2026-08-15T01:05:11.201859+00:00,SMC,SELL,0.75,False,PER_STRATEGY_MAX_OPEN_HIT,0.0,0.0,True,0.75,False,0.75
2026-08-15T01:06:11.625590+00:00,SMC,SELL,0.75,False,PER_STRATEGY_MAX_OPEN_HIT,0.0,0.0,True,0.75,False,0.75
2026-08-15T01:07:12.097032+00:00,SMC,SELL,0.75,False,PER_STRATEGY_MAX_OPEN_HIT,0.0,0.0,True,0.75,False,0.75
2026-08-15T01:08:12.483575+00:00,SMC,SELL,0.75,False,PER_STRATEGY_MAX_OPEN_HIT,0.0,0.0,True,0.75,False,0.75
2026-08-15T01:09:12.918935+00:00,SMC,SELL,0.75,False,PER_STRATEGY_MAX_OPEN_HIT,0.0,0.0,True,0.75,False,0.75
2026-08-15T01:10:13.339588+00:00,SMC,SELL,0.75,False,PER_STRATEGY_MAX_OPEN_HIT,0.0,0.0,True,0.75,False,0.75
2026-08-15T01:11:13.765319+00:00,SMC,SELL,0.75,False,PER_STRATEGY_MAX_OPEN_HIT,0.0,0.0,True,0.75,False,0.75
2026-08-15T01:12:14.222670+00:00,SMC,SELL,0.75,False,PER_STRATEGY_MAX_OPEN_HIT,0.0,0.0,True,0.75,False,0.75
2026-08-15T01:13:14.623422+00:00,SMC,SELL,0.75,False,PER_STRATEGY_MAX_OPEN_HIT,0.0,0.0,True,0.75,False,0.75
2026-08-15T01:14:15.049458+00:00,SMC,SELL,0.75,False,PER_STRATEGY_MAX_OPEN_HIT,0.0,0.0,True,0.75,False,0.75
2026-08-15T01:15:15.469851+00:00,SMC,SELL,0.75,False,PER_STRATEGY_MAX_OPEN_HIT,0.0,0.0,True,0.75,False,0.75
2026-08-15T01:16:15.913907+00:00,SMC,SELL,0.75,False,PER_STRATEGY_MAX_OPEN_HIT,0.0,0.0,True,0.75,False,0.75
2026-08-15T01:17:16.372089+00:00,SMC,SELL,0.75,False,PER_STRATEGY_MAX_OPEN_HIT,0.0,0.0,True,0.75,False,0.75
2026-08-15T01:18:16.755163+00:00,SMC,SELL,0.75,False,PER_STRATEGY_MAX_OPEN_HIT,0.0,0.0,True,0.75,False,0.75
2026-08-15T01:19:17.186287+00:00,SMC,SELL,0.75,False,PER_STRATEGY_MAX_OPEN_HIT,0.0,0.0,True,0.75,False,0.75
2026-08-15T01:20:17.792573+00:00,SMC,SELL,0.75,False,PER_STRATEGY_MAX_OPEN_HIT,0.0,0.0,True,0.75,False,0.75
2026-08-15T01:21:18.239703+00:00,SMC,SELL,0.75,False,PER_STRATEGY_MAX_OPEN_HIT,0.0,0.0,True,0.75,False,0.75
2026-08-15T01:22:18.692650+00:00,SMC,SELL,0.75,False,PER_STRATEGY_MAX_OPEN_HIT,0.0,0.0,True,0.75,False,0.75
2026-08-15T01:23:19.071296+00:00,SMC,SELL,0.75,False,PER_STRATEGY_MAX_OPEN_HIT,0.0,0.0,True,0.75,False,0.75
2026-08-15T01:24:19.483787+00:00,SMC,SELL,0.75,False,PER_STRATEGY_MAX_OPEN_HIT,0.0,0.0,True,0.75,False,0.75
2026-08-15T01:25:19.907205+00:00,SMC,SELL,0.75,False,PER_STRATEGY_MAX_OPEN_HIT,0.0,0.0,True,0.75,False,0.75
2026-08-15T01:26:20.316532+00:00,SMC,SELL,0.75,False,PER_STRATEGY_MAX_OPEN_HIT,0.0,0.0,True,0.75,False,0.75
2026-08-15T01:27:20.954843+00:00,SMC,SELL,0.75,False,PER_STRATEGY_MAX_OPEN_HIT,0.0,0.0,True,0.75,False,0.75
2026-08-15T05:06:35.410880+00:00,SMC,SELL,0.75,False,PER_STRATEGY_MAX_OPEN_HIT,0.0,0.0,True,0.75,False,0.75
2026-08-15T05:07:36.699019+00:00,SMC,SELL,0.75,False,PER_STRATEGY_MAX_OPEN_HIT,0.0,0.0,True,0.75,False,0.75
2026-08-15T05:08:38.268639+00:00,SMC,SELL,0.75,False,PER_STRATEGY_MAX_OPEN_HIT,0.0,0.0,True,0.75,False,0.75
2026-08-15T05:09:39.672480+00:00,SMC,SELL,0.75,False,PER_STRATEGY_MAX_OPEN_HIT,0.0,0.0,True,0.75,False,0.75
2026-08-15T05:10:41.274694+00:00,SMC,SELL,0.75,False,PER_STRATEGY_MAX_OPEN_HIT,0.0,0.0,True,0.75,False,0.75
2026-08-15T05:11:43.211650+00:00,SMC,SELL,0.75,False,PER_STRATEGY_MAX_OPEN_HIT,0.0,0.0,True,0.75,False,0.75
2026-08-15T05:12:44.661236+00:00,SMC,SELL,0.75,False,PER_STRATEGY_MAX_OPEN_HIT,0.0,0.0,True,0.75,False,0.75
2026-08-15T05:13:46.045300+00:00,SMC,SELL,0.75,False,PER_STRATEGY_MAX_OPEN_HIT,0.0,0.0,True,0.75,False,0.75
2026-08-15T05:14:47.340348+00:00,SMC,SELL,0.75,False,PER_STRATEGY_MAX_OPEN_HIT,0.0,0.0,True,0.75,False,0.75
2026-08-15T05:15:48.570680+00:00,SMC,SELL,0.75,False,PER_STRATEGY_MAX_OPEN_HIT,0.0,0.0,True,0.75,False,0.75
2026-08-15T05:29:12.460638+00:00,SMC,SELL,0.75,False,PER_STRATEGY_MAX_OPEN_HIT,0.0,0.0,True,0.75,False,0.75
2026-08-15T18:25:30.433401+00:00,SMC,SELL,0.75,False,PER_STRATEGY_MAX_OPEN_HIT,0.0,0.0,True,0.75,False,0.75
2026-08-15T18:26:35.183125+00:00,SMC,SELL,0.75,False,PER_STRATEGY_MAX_OPEN_HIT,0.0,0.0,True,0.75,False,0.75
2026-08-15T18:27:37.994833+00:00,SMC,SELL,0.75,False,PER_STRATEGY_MAX_OPEN_HIT,0.0,0.0,True,0.75,False,0.75
2026-08-15T18:28:40.027637+00:00,SMC,SELL,0.75,False,PER_STRATEGY_MAX_OPEN_HIT,0.0,0.0,True,0.75,False,0.75
2026-08-15T18:29:41.682074+00:00,SMC,SELL,0.75,False,PER_STRATEGY_MAX_OPEN_HIT,0.0,0.0,True,0.75,False,0.75
2026-08-15T18:30:43.939037+00:00,SMC,SELL,0.75,False,PER_STRATEGY_MAX_OPEN_HIT,0.0,0.0,True,0.75,False,0.75
2026-08-15T18:31:45.091787+00:00,SMC,SELL,0.75,False,PER_STRATEGY_MAX_OPEN_HIT,0.0,0.0,True,0.75,False,0.75
2026-08-15T18:32:46.624180+00:00,SMC,SELL,0.75,False,PER_STRATEGY_MAX_OPEN_HIT,0.0,0.0,True,0.75,False,0.75
2026-08-15T18:33:48.326124+00:00,SMC,SELL,0.75,False,PER_STRATEGY_MAX_OPEN_HIT,0.0,0.0,True,0.75,False,0.75
2026-08-15T18:34:49.579302+00:00,SMC,SELL,0.75,False,PER_STRATEGY_MAX_OPEN_HIT,0.0,0.0,True,0.75,False,0.75
2026-08-16T00:00:48.977446+00:00,SMC,SELL,0.75,False,PER_STRATEGY_MAX_OPEN_HIT,0.0,0.0,True,0.75,False,0.75
2026-08-16T01:28:18.074969+00:00,SMC,SELL,0.75,False,PER_STRATEGY_MAX_OPEN_HIT,0.0,0.0,True,0.75,False,0.75
2026-08-16T01:29:20.178164+00:00,SMC,SELL,0.75,False,PER_STRATEGY_MAX_OPEN_HIT,0.0,0.0,True,0.75,False,0.75
2026-08-16T01:30:21.575769+00:00,SMC,SELL,0.75,False,PER_STRATEGY_MAX_OPEN_HIT,0.0,0.0,True,0.75,False,0.75
2026-08-16T01:31:22.899575+00:00,SMC,SELL,0.75,False,PER_STRATEGY_MAX_OPEN_HIT,0.0,0.0,True,0.75,False,0.75
2026-08-16T01:32:24.173107+00:00,SMC,SELL,0.75,False,PER_STRATEGY_MAX_OPEN_HIT,0.0,0.0,True,0.75,False,0.75
2026-08-16T01:33:25.509487+00:00,SMC,SELL,0.75,False,PER_STRATEGY_MAX_OPEN_HIT,0.0,0.0,True,0.75,False,0.75
2026-08-16T01:34:26.663662+00:00,SMC,SELL,0.75,False,PER_STRATEGY_MAX_OPEN_HIT,0.0,0.0,True,0.75,False,0.75
2026-08-16T01:35:28.082877+00:00,SMC,SELL,0.75,False,PER_STRATEGY_MAX_OPEN_HIT,0.0,0.0,True,0.75,False,0.75
2026-08-16T01:36:29.330763+00:00,SMC,SELL,0.75,False,PER_STRATEGY_MAX_OPEN_HIT,0.0,0.0,True,0.75,False,0.75
2026-08-16T01:37:30.666304+00:00,SMC,SELL,0.75,False,PER_STRATEGY_MAX_OPEN_HIT,0.0,0.0,True,0.75,False,0.75
2026-08-16T01:38:32.020563+00:00,SMC,SELL,0.75,False,PER_STRATEGY_MAX_OPEN_HIT,0.0,0.0,True,0.75,False,0.75
2026-08-16T21:47:48.643761+00:00,SMC,SELL,0.75,False,PER_STRATEGY_MAX_OPEN_HIT,0.0,0.0,True,0.75,False,0.75
2026-08-16T21:48:49.284419+00:00,SMC,SELL,0.75,False,PER_STRATEGY_MAX_OPEN_HIT,0.0,0.0,True,0.75,False,0.75
2026-08-16T21:49:50.147925+00:00,SMC,SELL,0.75,False,PER_STRATEGY_MAX_OPEN_HIT,0.0,0.0,True,0.75,False,0.75
2026-08-16T21:50:50.685281+00:00,SMC,SELL,0.75,False,PER_STRATEGY_MAX_OPEN_HIT,0.0,0.0,True,0.75,False,0.75
2026-08-16T21:51:51.167518+00:00,SMC,SELL,0.75,False,PER_STRATEGY_MAX_OPEN_HIT,0.0,0.0,True,0.75,False,0.75
2026-08-16T21:52:51.816988+00:00,SMC,SELL,0.75,False,PER_STRATEGY_MAX_OPEN_HIT,0.0,0.0,True,0.75,False,0.75
2026-08-16T21:53:52.390639+00:00,SMC,SELL,0.75,False,PER_STRATEGY_MAX_OPEN_HIT,0.0,0.0,True,0.75,False,0.75
2026-08-16T21:54:52.980497+00:00,SMC,SELL,0.75,False,PER_STRATEGY_MAX_OPEN_HIT,0.0,0.0,True,0.75,False,0.75
2026-08-16T21:55:53.585648+00:00,SMC,SELL,0.75,False,PER_STRATEGY_MAX_OPEN_HIT,0.0,0.0,True,0.75,False,0.75
2026-08-16T21:56:54.195898+00:00,SMC,SELL,0.75,False,PER_STRATEGY_MAX_OPEN_HIT,0.0,0.0,True,0.75,False,0.75
2026-08-16T21:57:54.697249+00:00,SMC,SELL,0.75,False,PER_STRATEGY_MAX_OPEN_HIT,0.0,0.0,True,0.75,False,0.75
2026-08-16T21:58:55.193835+00:00,SMC,SELL,0.75,False,PER_STRATEGY_MAX_OPEN_HIT,0.0,0.0,True,0.75,False,0.75
2026-08-16T21:59:55.638004+00:00,SMC,SELL,0.75,False,PER_STRATEGY_MAX_OPEN_HIT,0.0,0.0,True,0.75,False,0.75
2026-08-16T22:00:56.261479+00:00,SMC,SELL,0.75,False,PER_STRATEGY_MAX_OPEN_HIT,0.0,0.0,True,0.75,False,0.75
2026-08-16T22:01:56.854581+00:00,SMC,SELL,0.75,True,,0.5,0.05,True,0.75,True,0.25
2026-08-16T22:02:57.924588+00:00,SMC,SELL,0.75,False,PER_STRATEGY_MAX_OPEN_HIT,0.0,0.0,True,0.75,False,0.75
2026-08-16T22:03:58.545571+00:00,SMC,SELL,0.75,False,PER_STRATEGY_MAX_OPEN_HIT,0.0,0.0,True,0.75,False,0.75
2026-08-16T22:04:59.011913+00:00,SMC,SELL,0.75,False,PER_STRATEGY_MAX_OPEN_HIT,0.0,0.0,True,0.75,False,0.75
2026-08-16T22:05:59.483918+00:00,SMC,SELL,0.75,False,PER_STRATEGY_MAX_OPEN_HIT,0.0,0.0,True,0.75,False,0.75
2026-08-16T22:07:00.165798+00:00,SMC,SELL,0.75,False,PER_STRATEGY_MAX_OPEN_HIT,0.0,0.0,True,0.75,False,0.75
2026-08-16T22:08:00.678179+00:00,SMC,SELL,0.75,False,PER_STRATEGY_MAX_OPEN_HIT,0.0,0.0,True,0.75,False,0.75
2026-08-16T22:09:01.114726+00:00,SMC,SELL,0.75,False,PER_STRATEGY_MAX_OPEN_HIT,0.0,0.0,True,0.75,False,0.75
2026-08-16T22:12:02.792796+00:00,SMC,SELL,0.75,False,PER_STRATEGY_MAX_OPEN_HIT,0.0,0.0,True,0.75,False,0.75
2026-08-16T22:13:03.312020+00:00,SMC,SELL,0.75,False,PER_STRATEGY_MAX_OPEN_HIT,0.0,0.0,True,0.75,False,0.75
2026-08-16T22:14:03.729558+00:00,SMC,SELL,0.825,False,PER_STRATEGY_MAX_OPEN_HIT,0.0,0.0,True,0.825,False,0.825
2026-08-16T22:15:04.189435+00:00,SMC,SELL,0.75,False,PER_STRATEGY_MAX_OPEN_HIT,0.0,0.0,True,0.75,False,0.75
2026-08-16T22:16:04.681986+00:00,SMC,SELL,0.75,False,PER_STRATEGY_MAX_OPEN_HIT,0.0,0.0,True,0.75,False,0.75
2026-08-16T22:17:05.168570+00:00,SMC,SELL,0.825,False,PER_STRATEGY_MAX_OPEN_HIT,0.0,0.0,True,0.825,False,0.825
2026-08-16T22:18:05.874750+00:00,SMC,SELL,0.75,False,PER_STRATEGY_MAX_OPEN_HIT,0.0,0.0,True,0.75,False,0.75
2026-08-16T22:19:06.331300+00:00,SMC,SELL,0.75,False,PER_STRATEGY_MAX_OPEN_HIT,0.0,0.0,True,0.75,False,0.75
2026-08-16T22:20:06.790736+00:00,SMC,SELL,0.825,False,PER_STRATEGY_MAX_OPEN_HIT,0.0,0.0,True,0.825,False,0.825
2026-08-16T22:21:07.289861+00:00,SMC,SELL,0.75,False,PER_STRATEGY_MAX_OPEN_HIT,0.0,0.0,True,0.75,False,0.75
2026-08-16T22:22:07.759045+00:00,SMC,SELL,0.75,False,PER_STRATEGY_MAX_OPEN_HIT,0.0,0.0,True,0.75,False,0.75
2026-08-16T22:23:08.329880+00:00,SMC,SELL,0.75,False,PER_STRATEGY_MAX_OPEN_HIT,0.0,0.0,True,0.75,False,0.75
2026-08-17T23:33:22.320502+00:00,SMC,BUY,0.75,True,,0.5,0.05,True,0.75,True,0.25
2026-08-18T00:02:39.375170+00:00,SMC,SELL,0.75,False,PER_STRATEGY_MAX_OPEN_HIT,0.0,0.0,True,0.75,False,0.75
2026-08-18T00:03:39.825394+00:00,SMC,SELL,0.75,False,PER_STRATEGY_MAX_OPEN_HIT,0.0,0.0,True,0.75,False,0.75
2026-08-18T00:10:42.785850+00:00,SMC,SELL,0.75,False,PER_STRATEGY_MAX_OPEN_HIT,0.0,0.0,True,0.75,False,0.75
2026-08-18T00:11:43.215658+00:00,SMC,SELL,0.75,False,PER_STRATEGY_MAX_OPEN_HIT,0.0,0.0,True,0.75,False,0.75
2026-08-18T00:13:43.805295+00:00,SMC,SELL,0.75,False,PER_STRATEGY_MAX_OPEN_HIT,0.0,0.0,True,0.75,False,0.75
2026-08-18T00:15:44.397657+00:00,SMC,SELL,0.75,False,PER_STRATEGY_MAX_OPEN_HIT,0.0,0.0,True,0.75,False,0.75
2026-08-18T00:16:45.076851+00:00,SMC,SELL,0.75,False,PER_STRATEGY_MAX_OPEN_HIT,0.0,0.0,True,0.75,False,0.75
2026-08-18T00:20:47.195067+00:00,SMC,SELL,0.75,False,PER_STRATEGY_MAX_OPEN_HIT,0.0,0.0,True,0.75,False,0.75
2026-08-18T00:25:49.934193+00:00,SMC,BUY,0.75,False,PER_STRATEGY_MAX_OPEN_HIT,0.0,0.0,True,0.75,False,0.75
2026-08-18T00:26:50.433880+00:00,SMC,BUY,0.75,False,PER_STRATEGY_MAX_OPEN_HIT,0.0,0.0,True,0.75,False,0.75
2026-08-18T00:27:50.913239+00:00,SMC,BUY,0.75,False,PER_STRATEGY_MAX_OPEN_HIT,0.0,0.0,True,0.75,False,0.75
2026-08-18T00:28:51.400583+00:00,SMC,BUY,0.75,False,PER_STRATEGY_MAX_OPEN_HIT,0.0,0.0,True,0.75,False,0.75
2026-08-18T00:29:51.837933+00:00,SMC,BUY,0.75,False,PER_STRATEGY_MAX_OPEN_HIT,0.0,0.0,True,0.75,False,0.75
2026-08-18T00:33:52.525249+00:00,SMC,BUY,0.75,False,PER_STRATEGY_MAX_OPEN_HIT,0.0,0.0,True,0.75,False,0.75
2026-08-18T00:34:52.928986+00:00,SMC,BUY,0.75,False,PER_STRATEGY_MAX_OPEN_HIT,0.0,0.0,True,0.75,False,0.75
2026-08-18T00:35:53.334646+00:00,SMC,BUY,0.75,False,PER_STRATEGY_MAX_OPEN_HIT,0.0,0.0,True,0.75,False,0.75
2026-08-18T00:36:53.899112+00:00,SMC,BUY,0.75,False,PER_STRATEGY_MAX_OPEN_HIT,0.0,0.0,True,0.75,False,0.75
2026-08-18T00:37:54.375243+00:00,SMC,BUY,0.75,False,PER_STRATEGY_MAX_OPEN_HIT,0.0,0.0,True,0.75,False,0.75
2026-08-18T00:38:54.892082+00:00,SMC,BUY,0.75,False,PER_STRATEGY_MAX_OPEN_HIT,0.0,0.0,True,0.75,False,0.75
2026-08-18T00:39:55.312066+00:00,SMC,BUY,0.75,False,PER_STRATEGY_MAX_OPEN_HIT,0.0,0.0,True,0.75,False,0.75
2026-08-18T00:40:55.790532+00:00,SMC,BUY,0.75,False,PER_STRATEGY_MAX_OPEN_HIT,0.0,0.0,True,0.75,False,0.75
2026-08-18T00:43:56.432207+00:00,SMC,BUY,0.75,False,PER_STRATEGY_MAX_OPEN_HIT,0.0,0.0,True,0.75,False,0.75
2026-08-18T00:59:57.305208+00:00,SMC,BUY,0.75,False,PER_STRATEGY_MAX_OPEN_HIT,0.0,0.0,True,0.75,False,0.75
2026-08-18T01:02:57.800467+00:00,SMC,BUY,0.75,False,PER_STRATEGY_MAX_OPEN_HIT,0.0,0.0,True,0.75,False,0.75
2026-08-18T01:03:58.315862+00:00,SMC,BUY,0.75,False,PER_STRATEGY_MAX_OPEN_HIT,0.0,0.0,True,0.75,False,0.75
2026-08-18T01:05:58.934486+00:00,SMC,BUY,0.75,False,PER_STRATEGY_MAX_OPEN_HIT,0.0,0.0,True,0.75,False,0.75
2026-08-18T01:17:59.829564+00:00,SMC,SELL,0.75,False,PER_STRATEGY_MAX_OPEN_HIT,0.0,0.0,True,0.75,False,0.75
2026-08-18T01:19:00.398176+00:00,SMC,SELL,0.75,False,PER_STRATEGY_MAX_OPEN_HIT,0.0,0.0,True,0.75,False,0.75
2026-08-18T01:20:00.926813+00:00,SMC,SELL,0.75,False,PER_STRATEGY_MAX_OPEN_HIT,0.0,0.0,True,0.75,False,0.75
2026-08-18T01:21:01.382075+00:00,SMC,SELL,0.75,False,PER_STRATEGY_MAX_OPEN_HIT,0.0,0.0,True,0.75,False,0.75
2026-08-18T01:28:02.002166+00:00,SMC,SELL,0.75,False,PER_STRATEGY_MAX_OPEN_HIT,0.0,0.0,True,0.75,False,0.75
2026-08-18T01:29:02.447297+00:00,SMC,SELL,0.75,False,PER_STRATEGY_MAX_OPEN_HIT,0.0,0.0,True,0.75,False,0.75
2026-08-18T01:30:02.931507+00:00,SMC,SELL,0.75,False,PER_STRATEGY_MAX_OPEN_HIT,0.0,0.0,True,0.75,False,0.75
2026-08-18T01:31:03.451420+00:00,SMC,SELL,0.75,False,PER_STRATEGY_MAX_OPEN_HIT,0.0,0.0,True,0.75,False,0.75
2026-08-18T01:32:03.900500+00:00,SMC,SELL,0.75,False,PER_STRATEGY_MAX_OPEN_HIT,0.0,0.0,True,0.75,False,0.75
2026-08-18T01:39:04.565161+00:00,SMC,SELL,0.75,False,PER_STRATEGY_MAX_OPEN_HIT,0.0,0.0,True,0.75,False,0.75
2026-08-18T01:40:04.991856+00:00,SMC,SELL,0.75,False,PER_STRATEGY_MAX_OPEN_HIT,0.0,0.0,True,0.75,False,0.75
2026-08-18T01:41:05.419922+00:00,SMC,SELL,0.75,False,PER_STRATEGY_MAX_OPEN_HIT,0.0,0.0,True,0.75,False,0.75
2026-08-18T01:42:05.916437+00:00,SMC,SELL,0.75,False,PER_STRATEGY_MAX_OPEN_HIT,0.0,0.0,True,0.75,False,0.75
2026-08-18T01:43:06.384548+00:00,SMC,SELL,0.75,False,PER_STRATEGY_MAX_OPEN_HIT,0.0,0.0,True,0.75,False,0.75
2026-08-18T01:44:06.856220+00:00,SMC,SELL,0.75,False,PER_STRATEGY_MAX_OPEN_HIT,0.0,0.0,True,0.75,False,0.75
2026-08-18T01:45:07.310971+00:00,SMC,SELL,0.75,False,PER_STRATEGY_MAX_OPEN_HIT,0.0,0.0,True,0.75,False,0.75
2026-08-18T01:46:07.775035+00:00,SMC,SELL,0.75,False,PER_STRATEGY_MAX_OPEN_HIT,0.0,0.0,True,0.75,False,0.75
2026-08-18T01:47:08.229747+00:00,SMC,SELL,0.75,False,PER_STRATEGY_MAX_OPEN_HIT,0.0,0.0,True,0.75,False,0.75
2026-08-18T01:48:08.660709+00:00,SMC,SELL,0.75,False,PER_STRATEGY_MAX_OPEN_HIT,0.0,0.0,True,0.75,False,0.75
2026-08-18T01:49:09.197433+00:00,SMC,SELL,0.75,False,PER_STRATEGY_MAX_OPEN_HIT,0.0,0.0,True,0.75,False,0.75
2026-08-18T01:50:09.699948+00:00,SMC,SELL,0.75,False,PER_STRATEGY_MAX_OPEN_HIT,0.0,0.0,True,0.75,False,0.75
2026-08-18T01:51:10.193773+00:00,SMC,SELL,0.75,False,PER_STRATEGY_MAX_OPEN_HIT,0.0,0.0,True,0.75,False,0.75
2026-08-18T01:52:10.661347+00:00,SMC,SELL,0.75,False,PER_STRATEGY_MAX_OPEN_HIT,0.0,0.0,True,0.75,False,0.75
2026-08-18T01:53:11.154873+00:00,SMC,SELL,0.75,False,PER_STRATEGY_MAX_OPEN_HIT,0.0,0.0,True,0.75,False,0.75
2026-08-18T01:54:11.732770+00:00,SMC,SELL,0.75,False,PER_STRATEGY_MAX_OPEN_HIT,0.0,0.0,True,0.75,False,0.75
2026-08-18T01:55:12.160555+00:00,SMC,SELL,0.75,False,PER_STRATEGY_MAX_OPEN_HIT,0.0,0.0,True,0.75,False,0.75
2026-08-18T01:56:12.664851+00:00,SMC,SELL,0.75,False,PER_STRATEGY_MAX_OPEN_HIT,0.0,0.0,True,0.75,False,0.75
2026-08-18T01:57:13.114608+00:00,SMC,SELL,0.75,False,PER_STRATEGY_MAX_OPEN_HIT,0.0,0.0,True,0.75,False,0.75
2026-08-18T01:58:13.545519+00:00,SMC,SELL,0.75,False,PER_STRATEGY_MAX_OPEN_HIT,0.0,0.0,True,0.75,False,0.75
2026-08-18T01:59:14.030935+00:00,SMC,SELL,0.75,False,PER_STRATEGY_MAX_OPEN_HIT,0.0,0.0,True,0.75,False,0.75
2026-08-18T02:00:14.632272+00:00,SMC,SELL,0.75,False,PER_STRATEGY_MAX_OPEN_HIT,0.0,0.0,True,0.75,False,0.75
2026-08-18T02:01:15.272073+00:00,SMC,SELL,0.75,False,PER_STRATEGY_MAX_OPEN_HIT,0.0,0.0,True,0.75,False,0.75
2026-08-18T02:02:15.781166+00:00,SMC,SELL,0.75,False,PER_STRATEGY_MAX_OPEN_HIT,0.0,0.0,True,0.75,False,0.75
2026-08-18T02:03:16.962794+00:00,SMC,SELL,0.75,False,PER_STRATEGY_MAX_OPEN_HIT,0.0,0.0,True,0.75,False,0.75
2026-08-18T02:04:17.476829+00:00,SMC,SELL,0.75,False,PER_STRATEGY_MAX_OPEN_HIT,0.0,0.0,True,0.75,False,0.75
2026-08-18T02:05:17.895797+00:00,SMC,SELL,0.75,False,PER_STRATEGY_MAX_OPEN_HIT,0.0,0.0,True,0.75,False,0.75
2026-08-18T02:06:18.361854+00:00,SMC,SELL,0.75,False,PER_STRATEGY_MAX_OPEN_HIT,0.0,0.0,True,0.75,False,0.75
2026-08-18T02:07:19.010231+00:00,SMC,SELL,0.75,False,PER_STRATEGY_MAX_OPEN_HIT,0.0,0.0,True,0.75,False,0.75
2026-08-18T02:08:19.488800+00:00,SMC,SELL,0.75,False,PER_STRATEGY_MAX_OPEN_HIT,0.0,0.0,True,0.75,False,0.75
2026-08-18T02:09:20.036998+00:00,SMC,SELL,0.75,False,PER_STRATEGY_MAX_OPEN_HIT,0.0,0.0,True,0.75,False,0.75
2026-08-18T02:10:20.480502+00:00,SMC,SELL,0.75,False,PER_STRATEGY_MAX_OPEN_HIT,0.0,0.0,True,0.75,False,0.75
2026-08-18T02:11:20.938623+00:00,SMC,SELL,0.75,False,PER_STRATEGY_MAX_OPEN_HIT,0.0,0.0,True,0.75,False,0.75
2026-08-18T02:12:21.440081+00:00,SMC,SELL,0.75,False,PER_STRATEGY_MAX_OPEN_HIT,0.0,0.0,True,0.75,False,0.75
2026-08-18T02:13:21.910805+00:00,SMC,SELL,0.75,False,PER_STRATEGY_MAX_OPEN_HIT,0.0,0.0,True,0.75,False,0.75
2026-08-18T02:14:22.379266+00:00,SMC,SELL,0.75,False,PER_STRATEGY_MAX_OPEN_HIT,0.0,0.0,True,0.75,False,0.75
2026-08-18T02:15:22.794950+00:00,SMC,SELL,0.75,False,PER_STRATEGY_MAX_OPEN_HIT,0.0,0.0,True,0.75,False,0.75
2026-08-18T02:16:23.459256+00:00,SMC,SELL,0.75,False,PER_STRATEGY_MAX_OPEN_HIT,0.0,0.0,True,0.75,False,0.75
2026-08-18T02:17:23.879007+00:00,SMC,SELL,0.75,False,PER_STRATEGY_MAX_OPEN_HIT,0.0,0.0,True,0.75,False,0.75
2026-08-18T02:18:24.312588+00:00,SMC,SELL,0.75,False,PER_STRATEGY_MAX_OPEN_HIT,0.0,0.0,True,0.75,False,0.75
2026-08-18T02:21:24.918565+00:00,SMC,SELL,0.75,False,PER_STRATEGY_MAX_OPEN_HIT,0.0,0.0,True,0.75,False,0.75
2026-08-18T02:22:25.318526+00:00,SMC,SELL,0.75,False,PER_STRATEGY_MAX_OPEN_HIT,0.0,0.0,True,0.75,False,0.75
2026-08-18T02:23:25.747698+00:00,SMC,SELL,0.75,False,PER_STRATEGY_MAX_OPEN_HIT,0.0,0.0,True,0.75,False,0.75
2026-08-18T02:24:26.316242+00:00,SMC,SELL,0.75,False,PER_STRATEGY_MAX_OPEN_HIT,0.0,0.0,True,0.75,False,0.75
2026-08-18T02:25:26.755951+00:00,SMC,SELL,0.75,False,PER_STRATEGY_MAX_OPEN_HIT,0.0,0.0,True,0.75,False,0.75
2026-08-18T02:26:27.217943+00:00,SMC,SELL,0.75,False,PER_STRATEGY_MAX_OPEN_HIT,0.0,0.0,True,0.75,False,0.75
2026-08-18T02:27:27.639210+00:00,SMC,SELL,0.75,False,PER_STRATEGY_MAX_OPEN_HIT,0.0,0.0,True,0.75,False,0.75
2026-08-18T02:28:28.057448+00:00,SMC,SELL,0.75,False,PER_STRATEGY_MAX_OPEN_HIT,0.0,0.0,True,0.75,False,0.75
2026-08-18T02:29:28.494761+00:00,SMC,SELL,0.75,False,PER_STRATEGY_MAX_OPEN_HIT,0.0,0.0,True,0.75,False,0.75
2026-08-18T02:30:28.974657+00:00,SMC,SELL,0.75,False,PER_STRATEGY_MAX_OPEN_HIT,0.0,0.0,True,0.75,False,0.75
2026-08-18T02:31:29.498884+00:00,SMC,SELL,0.75,False,PER_STRATEGY_MAX_OPEN_HIT,0.0,0.0,True,0.75,False,0.75
2026-08-18T02:32:29.955433+00:00,SMC,SELL,0.75,False,PER_STRATEGY_MAX_OPEN_HIT,0.0,0.0,True,0.75,False,0.75
2026-08-18T02:33:30.476013+00:00,SMC,SELL,0.75,False,PER_STRATEGY_MAX_OPEN_HIT,0.0,0.0,True,0.75,False,0.75
2026-08-18T02:34:30.951256+00:00,SMC,SELL,0.75,True,,0.5,0.05,True,0.75,True,0.25
2026-08-18T02:35:31.707143+00:00,SMC,SELL,0.75,False,PER_STRATEGY_MAX_OPEN_HIT,0.0,0.0,True,0.75,False,0.75
2026-08-18T02:36:32.419482+00:00,SMC,SELL,0.75,False,PER_STRATEGY_MAX_OPEN_HIT,0.0,0.0,True,0.75,False,0.75
2026-08-18T02:37:32.798687+00:00,SMC,SELL,0.75,False,PER_STRATEGY_MAX_OPEN_HIT,0.0,0.0,True,0.75,False,0.75
2026-08-18T02:38:33.200084+00:00,SMC,SELL,0.75,False,PER_STRATEGY_MAX_OPEN_HIT,0.0,0.0,True,0.75,False,0.75
2026-08-18T02:39:33.657131+00:00,SMC,SELL,0.75,False,PER_STRATEGY_MAX_OPEN_HIT,0.0,0.0,True,0.75,False,0.75
2026-08-18T02:40:34.178094+00:00,SMC,SELL,0.75,False,PER_STRATEGY_MAX_OPEN_HIT,0.0,0.0,True,0.75,False,0.75
2026-08-18T02:41:34.618786+00:00,SMC,SELL,0.75,False,PER_STRATEGY_MAX_OPEN_HIT,0.0,0.0,True,0.75,False,0.75
2026-08-18T02:42:35.022985+00:00,SMC,SELL,0.825,False,PER_STRATEGY_MAX_OPEN_HIT,0.0,0.0,True,0.825,False,0.825
2026-08-18T02:43:35.457831+00:00,SMC,SELL,0.75,False,PER_STRATEGY_MAX_OPEN_HIT,0.0,0.0,True,0.75,False,0.75
2026-08-18T02:44:35.896980+00:00,SMC,SELL,0.75,False,PER_STRATEGY_MAX_OPEN_HIT,0.0,0.0,True,0.75,False,0.75
2026-08-18T02:45:36.309758+00:00,SMC,SELL,0.75,False,PER_STRATEGY_MAX_OPEN_HIT,0.0,0.0,True,0.75,False,0.75
2026-08-18T02:46:36.759582+00:00,SMC,SELL,0.75,False,PER_STRATEGY_MAX_OPEN_HIT,0.0,0.0,True,0.75,False,0.75
2026-08-18T02:47:37.146025+00:00,SMC,SELL,0.75,False,PER_STRATEGY_MAX_OPEN_HIT,0.0,0.0,True,0.75,False,0.75
2026-08-18T02:48:37.565194+00:00,SMC,SELL,0.75,False,PER_STRATEGY_MAX_OPEN_HIT,0.0,0.0,True,0.75,False,0.75
2026-08-18T02:49:37.997865+00:00,SMC,SELL,0.75,False,PER_STRATEGY_MAX_OPEN_HIT,0.0,0.0,True,0.75,False,0.75
2026-08-18T02:50:38.431104+00:00,SMC,SELL,0.75,False,PER_STRATEGY_MAX_OPEN_HIT,0.0,0.0,True,0.75,False,0.75
2026-08-18T02:51:38.874448+00:00,SMC,SELL,0.75,False,PER_STRATEGY_MAX_OPEN_HIT,0.0,0.0,True,0.75,False,0.75
2026-08-18T02:52:39.256081+00:00,SMC,SELL,0.75,False,PER_STRATEGY_MAX_OPEN_HIT,0.0,0.0,True,0.75,False,0.75
2026-08-18T02:53:39.702358+00:00,SMC,SELL,0.75,False,PER_STRATEGY_MAX_OPEN_HIT,0.0,0.0,True,0.75,False,0.75
2026-08-18T02:54:40.118732+00:00,SMC,SELL,0.75,False,PER_STRATEGY_MAX_OPEN_HIT,0.0,0.0,True,0.75,False,0.75
2026-08-18T02:55:40.699625+00:00,SMC,SELL,0.75,False,PER_STRATEGY_MAX_OPEN_HIT,0.0,0.0,True,0.75,False,0.75
2026-08-18T02:56:41.194462+00:00,SMC,SELL,0.75,False,PER_STRATEGY_MAX_OPEN_HIT,0.0,0.0,True,0.75,False,0.75
2026-08-18T02:57:41.622384+00:00,SMC,SELL,0.75,False,PER_STRATEGY_MAX_OPEN_HIT,0.0,0.0,True,0.75,False,0.75
2026-08-18T02:58:42.229914+00:00,SMC,SELL,0.75,False,PER_STRATEGY_MAX_OPEN_HIT,0.0,0.0,True,0.75,False,0.75
2026-08-18T02:59:42.682263+00:00,SMC,SELL,0.75,False,PER_STRATEGY_MAX_OPEN_HIT,0.0,0.0,True,0.75,False,0.75
2026-08-18T03:00:43.124752+00:00,SMC,SELL,0.75,False,PER_STRATEGY_MAX_OPEN_HIT,0.0,0.0,True,0.75,False,0.75
2026-08-18T03:01:43.744437+00:00,SMC,SELL,0.75,False,PER_STRATEGY_MAX_OPEN_HIT,0.0,0.0,True,0.75,False,0.75
2026-08-18T03:02:44.170071+00:00,SMC,SELL,0.75,False,PER_STRATEGY_MAX_OPEN_HIT,0.0,0.0,True,0.75,False,0.75
2026-08-18T03:03:44.738701+00:00,SMC,SELL,0.75,False,PER_STRATEGY_MAX_OPEN_HIT,0.0,0.0,True,0.75,False,0.75
2026-08-18T03:04:45.181738+00:00,SMC,SELL,0.75,False,PER_STRATEGY_MAX_OPEN_HIT,0.0,0.0,True,0.75,False,0.75
2026-08-18T03:05:45.664398+00:00,SMC,SELL,0.75,False,PER_STRATEGY_MAX_OPEN_HIT,0.0,0.0,True,0.75,False,0.75
2026-08-18T03:06:46.271593+00:00,SMC,SELL,0.75,False,PER_STRATEGY_MAX_OPEN_HIT,0.0,0.0,True,0.75,False,0.75
2026-08-18T03:07:46.711229+00:00,SMC,SELL,0.75,False,PER_STRATEGY_MAX_OPEN_HIT,0.0,0.0,True,0.75,False,0.75
2026-08-18T03:08:47.293686+00:00,SMC,SELL,0.75,False,PER_STRATEGY_MAX_OPEN_HIT,0.0,0.0,True,0.75,False,0.75
2026-08-18T03:09:47.738221+00:00,SMC,SELL,0.75,False,PER_STRATEGY_MAX_OPEN_HIT,0.0,0.0,True,0.75,False,0.75
2026-08-18T03:10:48.194688+00:00,SMC,SELL,0.75,False,PER_STRATEGY_MAX_OPEN_HIT,0.0,0.0,True,0.75,False,0.75
2026-08-18T03:11:48.748496+00:00,SMC,SELL,0.75,False,PER_STRATEGY_MAX_OPEN_HIT,0.0,0.0,True,0.75,False,0.75
2026-08-18T03:12:49.165983+00:00,SMC,SELL,0.75,False,PER_STRATEGY_MAX_OPEN_HIT,0.0,0.0,True,0.75,False,0.75
2026-08-18T03:13:49.640192+00:00,SMC,SELL,0.75,False,PER_STRATEGY_MAX_OPEN_HIT,0.0,0.0,True,0.75,False,0.75
2026-08-18T03:14:50.202309+00:00,SMC,SELL,0.75,False,PER_STRATEGY_MAX_OPEN_HIT,0.0,0.0,True,0.75,False,0.75
2026-08-18T03:15:50.632444+00:00,SMC,SELL,0.75,False,PER_STRATEGY_MAX_OPEN_HIT,0.0,0.0,True,0.75,False,0.75
2026-08-18T03:16:51.234752+00:00,SMC,SELL,0.75,False,PER_STRATEGY_MAX_OPEN_HIT,0.0,0.0,True,0.75,False,0.75
2026-08-18T03:17:51.664696+00:00,SMC,SELL,0.75,False,PER_STRATEGY_MAX_OPEN_HIT,0.0,0.0,True,0.75,False,0.75
2026-08-18T03:18:52.224328+00:00,SMC,SELL,0.75,False,PER_STRATEGY_MAX_OPEN_HIT,0.0,0.0,True,0.75,False,0.75
2026-08-18T03:19:52.667984+00:00,SMC,SELL,0.75,False,PER_STRATEGY_MAX_OPEN_HIT,0.0,0.0,True,0.75,False,0.75
2026-08-18T03:20:53.242555+00:00,SMC,SELL,0.75,False,PER_STRATEGY_MAX_OPEN_HIT,0.0,0.0,True,0.75,False,0.75
2026-08-18T03:21:53.739603+00:00,SMC,SELL,0.75,False,PER_STRATEGY_MAX_OPEN_HIT,0.0,0.0,True,0.75,False,0.75
2026-08-18T03:22:54.273862+00:00,SMC,SELL,0.75,False,PER_STRATEGY_MAX_OPEN_HIT,0.0,0.0,True,0.75,False,0.75
2026-08-18T03:23:54.746289+00:00,SMC,SELL,0.75,False,PER_STRATEGY_MAX_OPEN_HIT,0.0,0.0,True,0.75,False,0.75
2026-08-18T03:24:55.305928+00:00,SMC,SELL,0.75,False,PER_STRATEGY_MAX_OPEN_HIT,0.0,0.0,True,0.75,False,0.75
2026-08-18T03:25:55.758447+00:00,SMC,SELL,0.75,False,PER_STRATEGY_MAX_OPEN_HIT,0.0,0.0,True,0.75,False,0.75
2026-08-18T03:26:56.392759+00:00,SMC,SELL,0.75,False,PER_STRATEGY_MAX_OPEN_HIT,0.0,0.0,True,0.75,False,0.75
2026-08-18T03:27:56.807811+00:00,SMC,SELL,0.75,False,PER_STRATEGY_MAX_OPEN_HIT,0.0,0.0,True,0.75,False,0.75
2026-08-18T03:28:57.376336+00:00,SMC,SELL,0.75,False,PER_STRATEGY_MAX_OPEN_HIT,0.0,0.0,True,0.75,False,0.75
2026-08-18T03:29:57.818122+00:00,SMC,SELL,0.75,False,PER_STRATEGY_MAX_OPEN_HIT,0.0,0.0,True,0.75,False,0.75
2026-08-18T03:30:58.270088+00:00,SMC,SELL,0.75,False,PER_STRATEGY_MAX_OPEN_HIT,0.0,0.0,True,0.75,False,0.75
2026-08-18T03:31:58.873064+00:00,SMC,SELL,0.75,False,PER_STRATEGY_MAX_OPEN_HIT,0.0,0.0,True,0.75,False,0.75
2026-08-18T03:32:59.293133+00:00,SMC,SELL,0.75,False,PER_STRATEGY_MAX_OPEN_HIT,0.0,0.0,True,0.75,False,0.75
2026-08-18T03:33:59.853528+00:00,SMC,SELL,0.75,False,PER_STRATEGY_MAX_OPEN_HIT,0.0,0.0,True,0.75,False,0.75
2026-08-18T03:35:00.370927+00:00,SMC,SELL,0.75,False,PER_STRATEGY_MAX_OPEN_HIT,0.0,0.0,True,0.75,False,0.75
2026-08-18T03:36:00.937655+00:00,SMC,BUY,0.75,False,PER_STRATEGY_MAX_OPEN_HIT,0.0,0.0,True,0.75,False,0.75
2026-08-18T03:37:01.429208+00:00,SMC,BUY,0.75,False,PER_STRATEGY_MAX_OPEN_HIT,0.0,0.0,True,0.75,False,0.75
2026-08-18T03:38:01.969362+00:00,SMC,SELL,0.75,False,PER_STRATEGY_MAX_OPEN_HIT,0.0,0.0,True,0.75,False,0.75
2026-08-18T03:39:02.444728+00:00,SMC,SELL,0.75,False,PER_STRATEGY_MAX_OPEN_HIT,0.0,0.0,True,0.75,False,0.75
2026-08-18T03:40:03.029661+00:00,SMC,SELL,0.75,False,PER_STRATEGY_MAX_OPEN_HIT,0.0,0.0,True,0.75,False,0.75
2026-08-18T03:41:03.468227+00:00,SMC,SELL,0.75,False,PER_STRATEGY_MAX_OPEN_HIT,0.0,0.0,True,0.75,False,0.75
2026-08-18T03:42:03.941869+00:00,SMC,SELL,0.75,False,PER_STRATEGY_MAX_OPEN_HIT,0.0,0.0,True,0.75,False,0.75
2026-08-18T03:43:04.480687+00:00,SMC,SELL,0.75,False,PER_STRATEGY_MAX_OPEN_HIT,0.0,0.0,True,0.75,False,0.75
2026-08-18T03:44:04.921777+00:00,SMC,SELL,0.75,False,PER_STRATEGY_MAX_OPEN_HIT,0.0,0.0,True,0.75,False,0.75
2026-08-18T03:45:05.489351+00:00,SMC,SELL,0.75,False,PER_STRATEGY_MAX_OPEN_HIT,0.0,0.0,True,0.75,False,0.75
2026-08-18T03:46:05.934086+00:00,SMC,SELL,0.75,False,PER_STRATEGY_MAX_OPEN_HIT,0.0,0.0,True,0.75,False,0.75
2026-08-18T03:47:06.422643+00:00,SMC,SELL,0.75,False,PER_STRATEGY_MAX_OPEN_HIT,0.0,0.0,True,0.75,False,0.75
2026-08-18T03:48:06.971811+00:00,SMC,SELL,0.75,False,PER_STRATEGY_MAX_OPEN_HIT,0.0,0.0,True,0.75,False,0.75
2026-08-18T03:49:07.399686+00:00,SMC,SELL,0.75,False,PER_STRATEGY_MAX_OPEN_HIT,0.0,0.0,True,0.75,False,0.75
2026-08-18T03:50:07.947298+00:00,SMC,SELL,0.75,False,PER_STRATEGY_MAX_OPEN_HIT,0.0,0.0,True,0.75,False,0.75
2026-08-18T03:51:08.406529+00:00,SMC,SELL,0.75,False,PER_STRATEGY_MAX_OPEN_HIT,0.0,0.0,True,0.75,False,0.75
2026-08-18T03:52:08.904469+00:00,SMC,SELL,0.75,False,PER_STRATEGY_MAX_OPEN_HIT,0.0,0.0,True,0.75,False,0.75
2026-08-18T03:53:09.405669+00:00,SMC,SELL,0.75,False,PER_STRATEGY_MAX_OPEN_HIT,0.0,0.0,True,0.75,False,0.75
2026-08-18T03:54:09.853234+00:00,SMC,SELL,0.75,False,PER_STRATEGY_MAX_OPEN_HIT,0.0,0.0,True,0.75,False,0.75
2026-08-18T03:55:10.471029+00:00,SMC,SELL,0.75,False,PER_STRATEGY_MAX_OPEN_HIT,0.0,0.0,True,0.75,False,0.75
2026-08-18T03:56:10.897274+00:00,SMC,SELL,0.75,False,PER_STRATEGY_MAX_OPEN_HIT,0.0,0.0,True,0.75,False,0.75
2026-08-18T03:57:11.511918+00:00,SMC,SELL,0.75,False,PER_STRATEGY_MAX_OPEN_HIT,0.0,0.0,True,0.75,False,0.75
2026-08-18T03:58:11.922647+00:00,SMC,SELL,0.75,False,PER_STRATEGY_MAX_OPEN_HIT,0.0,0.0,True,0.75,False,0.75
2026-08-18T03:59:12.367513+00:00,SMC,SELL,0.75,False,PER_STRATEGY_MAX_OPEN_HIT,0.0,0.0,True,0.75,False,0.75
2026-08-18T04:00:13.167824+00:00,SMC,SELL,0.75,False,PER_STRATEGY_MAX_OPEN_HIT,0.0,0.0,True,0.75,False,0.75
2026-08-18T04:01:13.721040+00:00,SMC,SELL,0.75,False,PER_STRATEGY_MAX_OPEN_HIT,0.0,0.0,True,0.75,False,0.75
2026-08-18T04:02:14.198011+00:00,SMC,SELL,0.75,False,PER_STRATEGY_MAX_OPEN_HIT,0.0,0.0,True,0.75,False,0.75
2026-08-18T04:03:14.617062+00:00,SMC,SELL,0.75,False,PER_STRATEGY_MAX_OPEN_HIT,0.0,0.0,True,0.75,False,0.75
2026-08-18T04:04:15.160333+00:00,SMC,SELL,0.75,False,PER_STRATEGY_MAX_OPEN_HIT,0.0,0.0,True,0.75,False,0.75
2026-08-18T04:05:15.598802+00:00,SMC,SELL,0.75,False,PER_STRATEGY_MAX_OPEN_HIT,0.0,0.0,True,0.75,False,0.75
2026-08-18T04:06:16.040046+00:00,SMC,SELL,0.75,False,PER_STRATEGY_MAX_OPEN_HIT,0.0,0.0,True,0.75,False,0.75
2026-08-18T04:07:16.632197+00:00,SMC,SELL,0.75,False,PER_STRATEGY_MAX_OPEN_HIT,0.0,0.0,True,0.75,False,0.75
2026-08-18T04:08:17.056384+00:00,SMC,SELL,0.75,False,PER_STRATEGY_MAX_OPEN_HIT,0.0,0.0,True,0.75,False,0.75
2026-08-18T04:09:17.635875+00:00,SMC,SELL,0.75,False,PER_STRATEGY_MAX_OPEN_HIT,0.0,0.0,True,0.75,False,0.75
2026-08-18T04:10:18.160178+00:00,SMC,SELL,0.75,False,PER_STRATEGY_MAX_OPEN_HIT,0.0,0.0,True,0.75,False,0.75
2026-08-18T04:11:18.614380+00:00,SMC,SELL,0.75,False,PER_STRATEGY_MAX_OPEN_HIT,0.0,0.0,True,0.75,False,0.75
2026-08-18T04:12:19.228463+00:00,SMC,SELL,0.75,False,PER_STRATEGY_MAX_OPEN_HIT,0.0,0.0,True,0.75,False,0.75
2026-08-18T04:13:19.669023+00:00,SMC,SELL,0.75,False,PER_STRATEGY_MAX_OPEN_HIT,0.0,0.0,True,0.75,False,0.75
2026-08-18T04:14:20.242765+00:00,SMC,SELL,0.75,False,PER_STRATEGY_MAX_OPEN_HIT,0.0,0.0,True,0.75,False,0.75
2026-08-18T04:15:20.683574+00:00,SMC,SELL,0.75,False,PER_STRATEGY_MAX_OPEN_HIT,0.0,0.0,True,0.75,False,0.75
2026-08-18T04:16:21.126319+00:00,SMC,SELL,0.75,False,PER_STRATEGY_MAX_OPEN_HIT,0.0,0.0,True,0.75,False,0.75
2026-08-18T04:17:21.723014+00:00,SMC,SELL,0.75,False,PER_STRATEGY_MAX_OPEN_HIT,0.0,0.0,True,0.75,False,0.75
2026-08-18T04:18:22.256159+00:00,SMC,SELL,0.75,False,PER_STRATEGY_MAX_OPEN_HIT,0.0,0.0,True,0.75,False,0.75
2026-08-18T04:19:22.705683+00:00,SMC,SELL,0.75,False,PER_STRATEGY_MAX_OPEN_HIT,0.0,0.0,True,0.75,False,0.75
2026-08-18T04:20:23.275891+00:00,SMC,SELL,0.75,False,PER_STRATEGY_MAX_OPEN_HIT,0.0,0.0,True,0.75,False,0.75
2026-08-18T04:21:23.730768+00:00,SMC,SELL,0.75,False,PER_STRATEGY_MAX_OPEN_HIT,0.0,0.0,True,0.75,False,0.75
2026-08-18T04:22:24.359100+00:00,SMC,SELL,0.75,False,PER_STRATEGY_MAX_OPEN_HIT,0.0,0.0,True,0.75,False,0.75
2026-08-18T04:23:24.791725+00:00,SMC,SELL,0.75,False,PER_STRATEGY_MAX_OPEN_HIT,0.0,0.0,True,0.75,False,0.75
2026-08-18T04:24:25.321851+00:00,SMC,SELL,0.75,False,PER_STRATEGY_MAX_OPEN_HIT,0.0,0.0,True,0.75,False,0.75
2026-08-18T04:25:25.750985+00:00,SMC,SELL,0.75,False,PER_STRATEGY_MAX_OPEN_HIT,0.0,0.0,True,0.75,False,0.75
2026-08-18T04:26:26.186489+00:00,SMC,SELL,0.75,False,PER_STRATEGY_MAX_OPEN_HIT,0.0,0.0,True,0.75,False,0.75
2026-08-18T04:27:26.848377+00:00,SMC,SELL,0.75,False,PER_STRATEGY_MAX_OPEN_HIT,0.0,0.0,True,0.75,False,0.75
2026-08-18T04:28:27.314999+00:00,SMC,SELL,0.75,False,PER_STRATEGY_MAX_OPEN_HIT,0.0,0.0,True,0.75,False,0.75
2026-08-18T04:29:27.814510+00:00,SMC,SELL,0.75,False,PER_STRATEGY_MAX_OPEN_HIT,0.0,0.0,True,0.75,False,0.75
2026-08-18T04:30:28.257160+00:00,SMC,SELL,0.75,False,PER_STRATEGY_MAX_OPEN_HIT,0.0,0.0,True,0.75,False,0.75
2026-08-18T04:31:28.697919+00:00,SMC,SELL,0.75,False,PER_STRATEGY_MAX_OPEN_HIT,0.0,0.0,True,0.75,False,0.75
2026-08-18T04:32:29.260029+00:00,SMC,SELL,0.75,False,PER_STRATEGY_MAX_OPEN_HIT,0.0,0.0,True,0.75,False,0.75
2026-08-18T04:33:29.702416+00:00,SMC,SELL,0.75,False,PER_STRATEGY_MAX_OPEN_HIT,0.0,0.0,True,0.75,False,0.75
2026-08-18T04:34:30.253624+00:00,SMC,SELL,0.75,False,PER_STRATEGY_MAX_OPEN_HIT,0.0,0.0,True,0.75,False,0.75
2026-08-18T04:35:30.707340+00:00,SMC,SELL,0.75,False,PER_STRATEGY_MAX_OPEN_HIT,0.0,0.0,True,0.75,False,0.75
2026-08-18T04:36:31.212718+00:00,SMC,SELL,0.75,False,PER_STRATEGY_MAX_OPEN_HIT,0.0,0.0,True,0.75,False,0.75
2026-08-18T04:37:31.801431+00:00,SMC,SELL,0.75,False,PER_STRATEGY_MAX_OPEN_HIT,0.0,0.0,True,0.75,False,0.75
2026-08-18T04:38:32.219887+00:00,SMC,SELL,0.75,False,PER_STRATEGY_MAX_OPEN_HIT,0.0,0.0,True,0.75,False,0.75
2026-08-18T04:39:32.787197+00:00,SMC,SELL,0.75,False,PER_STRATEGY_MAX_OPEN_HIT,0.0,0.0,True,0.75,False,0.75
2026-08-18T04:40:33.252168+00:00,SMC,SELL,0.75,False,PER_STRATEGY_MAX_OPEN_HIT,0.0,0.0,True,0.75,False,0.75
2026-08-18T04:41:33.702134+00:00,SMC,SELL,0.75,False,PER_STRATEGY_MAX_OPEN_HIT,0.0,0.0,True,0.75,False,0.75
2026-08-18T04:42:34.302966+00:00,SMC,SELL,0.75,False,PER_STRATEGY_MAX_OPEN_HIT,0.0,0.0,True,0.75,False,0.75
2026-08-18T04:43:34.721693+00:00,SMC,SELL,0.75,False,PER_STRATEGY_MAX_OPEN_HIT,0.0,0.0,True,0.75,False,0.75
2026-08-18T04:44:35.269456+00:00,SMC,SELL,0.75,False,PER_STRATEGY_MAX_OPEN_HIT,0.0,0.0,True,0.75,False,0.75
2026-08-18T04:45:35.723931+00:00,SMC,SELL,0.75,False,PER_STRATEGY_MAX_OPEN_HIT,0.0,0.0,True,0.75,False,0.75
2026-08-18T04:46:36.322668+00:00,SMC,SELL,0.75,False,PER_STRATEGY_MAX_OPEN_HIT,0.0,0.0,True,0.75,False,0.75
2026-08-18T04:47:36.798441+00:00,SMC,SELL,0.75,False,PER_STRATEGY_MAX_OPEN_HIT,0.0,0.0,True,0.75,False,0.75
2026-08-18T04:48:37.310893+00:00,SMC,SELL,0.75,False,PER_STRATEGY_MAX_OPEN_HIT,0.0,0.0,True,0.75,False,0.75
2026-08-18T04:49:37.771858+00:00,SMC,SELL,0.75,False,PER_STRATEGY_MAX_OPEN_HIT,0.0,0.0,True,0.75,False,0.75
2026-08-18T04:50:38.319698+00:00,SMC,SELL,0.75,False,PER_STRATEGY_MAX_OPEN_HIT,0.0,0.0,True,0.75,False,0.75
2026-08-18T04:51:38.772808+00:00,SMC,SELL,0.75,False,PER_STRATEGY_MAX_OPEN_HIT,0.0,0.0,True,0.75,False,0.75
2026-08-18T04:52:39.261116+00:00,SMC,SELL,0.75,False,PER_STRATEGY_MAX_OPEN_HIT,0.0,0.0,True,0.75,False,0.75
2026-08-18T04:53:39.760309+00:00,SMC,SELL,0.75,False,PER_STRATEGY_MAX_OPEN_HIT,0.0,0.0,True,0.75,False,0.75
2026-08-18T04:54:40.215622+00:00,SMC,SELL,0.75,False,PER_STRATEGY_MAX_OPEN_HIT,0.0,0.0,True,0.75,False,0.75
2026-08-18T04:55:40.805395+00:00,SMC,SELL,0.75,False,PER_STRATEGY_MAX_OPEN_HIT,0.0,0.0,True,0.75,False,0.75
2026-08-18T04:56:41.252002+00:00,SMC,SELL,0.75,False,PER_STRATEGY_MAX_OPEN_HIT,0.0,0.0,True,0.75,False,0.75
2026-08-18T04:57:41.716442+00:00,SMC,SELL,0.75,False,PER_STRATEGY_MAX_OPEN_HIT,0.0,0.0,True,0.75,False,0.75
2026-08-18T04:58:42.240811+00:00,SMC,SELL,0.75,False,PER_STRATEGY_MAX_OPEN_HIT,0.0,0.0,True,0.75,False,0.75
2026-08-18T04:59:42.699094+00:00,SMC,SELL,0.75,False,PER_STRATEGY_MAX_OPEN_HIT,0.0,0.0,True,0.75,False,0.75
2026-08-18T05:00:43.245866+00:00,SMC,SELL,0.75,False,PER_STRATEGY_MAX_OPEN_HIT,0.0,0.0,True,0.75,False,0.75
2026-08-18T05:01:43.680265+00:00,SMC,SELL,0.75,False,PER_STRATEGY_MAX_OPEN_HIT,0.0,0.0,True,0.75,False,0.75
2026-08-18T05:02:44.159492+00:00,SMC,SELL,0.75,False,PER_STRATEGY_MAX_OPEN_HIT,0.0,0.0,True,0.75,False,0.75
2026-08-18T05:03:44.660320+00:00,SMC,SELL,0.75,False,PER_STRATEGY_MAX_OPEN_HIT,0.0,0.0,True,0.75,False,0.75
2026-08-18T05:04:45.095833+00:00,SMC,SELL,0.75,False,PER_STRATEGY_MAX_OPEN_HIT,0.0,0.0,True,0.75,False,0.75
2026-08-18T05:05:45.648883+00:00,SMC,SELL,0.75,False,PER_STRATEGY_MAX_OPEN_HIT,0.0,0.0,True,0.75,False,0.75
2026-08-18T05:06:46.105953+00:00,SMC,SELL,0.75,False,PER_STRATEGY_MAX_OPEN_HIT,0.0,0.0,True,0.75,False,0.75
2026-08-18T05:07:46.721940+00:00,SMC,SELL,0.75,False,PER_STRATEGY_MAX_OPEN_HIT,0.0,0.0,True,0.75,False,0.75
2026-08-18T05:08:47.147555+00:00,SMC,SELL,0.75,False,PER_STRATEGY_MAX_OPEN_HIT,0.0,0.0,True,0.75,False,0.75
2026-08-18T05:09:47.735392+00:00,SMC,SELL,0.75,False,PER_STRATEGY_MAX_OPEN_HIT,0.0,0.0,True,0.75,False,0.75
2026-08-18T05:10:48.182973+00:00,SMC,SELL,0.75,False,PER_STRATEGY_MAX_OPEN_HIT,0.0,0.0,True,0.75,False,0.75
2026-08-18T05:11:48.623354+00:00,SMC,SELL,0.75,False,PER_STRATEGY_MAX_OPEN_HIT,0.0,0.0,True,0.75,False,0.75
2026-08-18T05:12:49.224616+00:00,SMC,SELL,0.75,False,PER_STRATEGY_MAX_OPEN_HIT,0.0,0.0,True,0.75,False,0.75
2026-08-18T05:13:49.625167+00:00,SMC,SELL,0.75,False,PER_STRATEGY_MAX_OPEN_HIT,0.0,0.0,True,0.75,False,0.75
2026-08-18T05:14:50.078705+00:00,SMC,SELL,0.75,False,PER_STRATEGY_MAX_OPEN_HIT,0.0,0.0,True,0.75,False,0.75
2026-08-18T05:15:50.657511+00:00,SMC,SELL,0.75,False,PER_STRATEGY_MAX_OPEN_HIT,0.0,0.0,True,0.75,False,0.75
2026-08-18T05:16:51.095561+00:00,SMC,SELL,0.75,False,PER_STRATEGY_MAX_OPEN_HIT,0.0,0.0,True,0.75,False,0.75
2026-08-18T05:17:51.696347+00:00,SMC,SELL,0.75,False,PER_STRATEGY_MAX_OPEN_HIT,0.0,0.0,True,0.75,False,0.75
2026-08-18T05:18:52.113046+00:00,SMC,SELL,0.75,False,PER_STRATEGY_MAX_OPEN_HIT,0.0,0.0,True,0.75,False,0.75
2026-08-18T05:20:53.829385+00:00,SMC,SELL,0.75,False,PER_STRATEGY_MAX_OPEN_HIT,0.0,0.0,True,0.75,False,0.75
2026-08-18T05:21:54.288057+00:00,SMC,BUY,0.75,False,PER_STRATEGY_MAX_OPEN_HIT,0.0,0.0,True,0.75,False,0.75
2026-08-18T05:22:54.873280+00:00,SMC,SELL,0.75,False,PER_STRATEGY_MAX_OPEN_HIT,0.0,0.0,True,0.75,False,0.75
2026-08-18T05:23:55.286576+00:00,SMC,BUY,0.75,False,PER_STRATEGY_MAX_OPEN_HIT,0.0,0.0,True,0.75,False,0.75
2026-08-18T05:24:55.774097+00:00,SMC,BUY,0.75,False,PER_STRATEGY_MAX_OPEN_HIT,0.0,0.0,True,0.75,False,0.75
2026-08-18T05:25:56.217254+00:00,SMC,BUY,0.75,False,PER_STRATEGY_MAX_OPEN_HIT,0.0,0.0,True,0.75,False,0.75
2026-08-18T05:30:58.971600+00:00,SMC,SELL,0.75,False,PER_STRATEGY_MAX_OPEN_HIT,0.0,0.0,True,0.75,False,0.75
2026-08-18T05:31:59.456802+00:00,SMC,SELL,0.75,False,PER_STRATEGY_MAX_OPEN_HIT,0.0,0.0,True,0.75,False,0.75
2026-08-18T05:33:00.127745+00:00,SMC,SELL,0.75,False,PER_STRATEGY_MAX_OPEN_HIT,0.0,0.0,True,0.75,False,0.75
2026-08-18T05:35:01.158740+00:00,SMC,SELL,0.75,False,PER_STRATEGY_MAX_OPEN_HIT,0.0,0.0,True,0.75,False,0.75
2026-08-18T05:36:01.716990+00:00,SMC,SELL,0.75,False,PER_STRATEGY_MAX_OPEN_HIT,0.0,0.0,True,0.75,False,0.75
2026-08-18T05:37:02.280765+00:00,SMC,SELL,0.75,False,PER_STRATEGY_MAX_OPEN_HIT,0.0,0.0,True,0.75,False,0.75
2026-08-18T05:38:02.787906+00:00,SMC,SELL,0.75,False,PER_STRATEGY_MAX_OPEN_HIT,0.0,0.0,True,0.75,False,0.75
2026-08-18T05:39:03.346967+00:00,SMC,SELL,0.75,False,PER_STRATEGY_MAX_OPEN_HIT,0.0,0.0,True,0.75,False,0.75
2026-08-18T05:40:03.780962+00:00,SMC,BUY,0.75,False,PER_STRATEGY_MAX_OPEN_HIT,0.0,0.0,True,0.75,False,0.75
2026-08-18T05:41:04.391088+00:00,SMC,SELL,0.75,False,PER_STRATEGY_MAX_OPEN_HIT,0.0,0.0,True,0.75,False,0.75
2026-08-18T05:50:07.680438+00:00,SMC,BUY,0.75,False,PER_STRATEGY_MAX_OPEN_HIT,0.0,0.0,True,0.75,False,0.75
2026-08-18T07:05:44.036833+00:00,SMC,BUY,0.75,False,PER_STRATEGY_MAX_OPEN_HIT,0.0,0.0,True,0.75,False,0.75
2026-08-18T07:07:45.168053+00:00,SMC,SELL,0.75,False,PER_STRATEGY_MAX_OPEN_HIT,0.0,0.0,True,0.75,False,0.75
2026-08-18T07:08:45.747071+00:00,SMC,SELL,0.75,False,PER_STRATEGY_MAX_OPEN_HIT,0.0,0.0,True,0.75,False,0.75
2026-08-18T07:09:46.179256+00:00,SMC,SELL,0.75,False,PER_STRATEGY_MAX_OPEN_HIT,0.0,0.0,True,0.75,False,0.75
2026-08-18T07:40:01.756894+00:00,SMC,BUY,0.75,False,PER_STRATEGY_MAX_OPEN_HIT,0.0,0.0,True,0.75,False,0.75
2026-08-18T07:41:02.326356+00:00,SMC,BUY,0.75,False,PER_STRATEGY_MAX_OPEN_HIT,0.0,0.0,True,0.75,False,0.75
2026-08-18T07:42:02.834275+00:00,SMC,BUY,0.75,False,PER_STRATEGY_MAX_OPEN_HIT,0.0,0.0,True,0.75,False,0.75
2026-08-18T07:43:03.386501+00:00,SMC,BUY,0.75,False,PER_STRATEGY_MAX_OPEN_HIT,0.0,0.0,True,0.75,False,0.75
2026-08-18T07:44:03.835364+00:00,SMC,BUY,0.75,False,PER_STRATEGY_MAX_OPEN_HIT,0.0,0.0,True,0.75,False,0.75
2026-08-18T07:45:04.402556+00:00,SMC,BUY,0.75,False,PER_STRATEGY_MAX_OPEN_HIT,0.0,0.0,True,0.75,False,0.75
2026-08-18T07:46:04.834421+00:00,SMC,BUY,0.75,False,PER_STRATEGY_MAX_OPEN_HIT,0.0,0.0,True,0.75,False,0.75
2026-08-18T07:47:05.429440+00:00,SMC,BUY,0.75,False,PER_STRATEGY_MAX_OPEN_HIT,0.0,0.0,True,0.75,False,0.75
2026-08-18T07:49:06.433163+00:00,SMC,SELL,0.75,False,PER_STRATEGY_MAX_OPEN_HIT,0.0,0.0,True,0.75,False,0.75
2026-08-18T07:50:06.979951+00:00,SMC,SELL,0.75,False,PER_STRATEGY_MAX_OPEN_HIT,0.0,0.0,True,0.75,False,0.75
2026-08-18T07:51:07.414024+00:00,SMC,SELL,0.75,False,PER_STRATEGY_MAX_OPEN_HIT,0.0,0.0,True,0.75,False,0.75
2026-08-18T07:52:07.882423+00:00,SMC,SELL,0.75,False,PER_STRATEGY_MAX_OPEN_HIT,0.0,0.0,True,0.75,False,0.75
2026-08-18T07:53:08.320576+00:00,SMC,SELL,0.75,False,PER_STRATEGY_MAX_OPEN_HIT,0.0,0.0,True,0.75,False,0.75
2026-08-18T07:54:08.869067+00:00,SMC,SELL,0.75,False,PER_STRATEGY_MAX_OPEN_HIT,0.0,0.0,True,0.75,False,0.75
2026-08-18T07:55:09.313830+00:00,SMC,SELL,0.75,False,PER_STRATEGY_MAX_OPEN_HIT,0.0,0.0,True,0.75,False,0.75
2026-08-18T07:56:09.867117+00:00,SMC,SELL,0.75,False,PER_STRATEGY_MAX_OPEN_HIT,0.0,0.0,True,0.75,False,0.75
2026-08-18T07:58:10.503467+00:00,SMC,SELL,0.75,False,PER_STRATEGY_MAX_OPEN_HIT,0.0,0.0,True,0.75,False,0.75
2026-08-18T14:36:35.425505+00:00,SMC,SELL,0.75,False,PER_STRATEGY_MAX_OPEN_HIT,0.0,0.0,True,0.75,False,0.75
2026-08-18T14:37:36.359193+00:00,SMC,SELL,0.75,False,PER_STRATEGY_MAX_OPEN_HIT,0.0,0.0,True,0.75,False,0.75
2026-08-18T14:38:36.866130+00:00,SMC,SELL,0.75,False,PER_STRATEGY_MAX_OPEN_HIT,0.0,0.0,True,0.75,False,0.75
2026-08-18T14:39:37.312062+00:00,SMC,SELL,0.75,False,PER_STRATEGY_MAX_OPEN_HIT,0.0,0.0,True,0.75,False,0.75
2026-08-18T14:40:37.835109+00:00,SMC,SELL,0.75,False,PER_STRATEGY_MAX_OPEN_HIT,0.0,0.0,True,0.75,False,0.75
2026-08-18T14:41:38.494544+00:00,SMC,SELL,0.75,False,PER_STRATEGY_MAX_OPEN_HIT,0.0,0.0,True,0.75,False,0.75
2026-08-18T14:42:39.017427+00:00,SMC,SELL,0.75,False,PER_STRATEGY_MAX_OPEN_HIT,0.0,0.0,True,0.75,False,0.75
2026-08-18T14:43:39.524509+00:00,SMC,SELL,0.75,False,PER_STRATEGY_MAX_OPEN_HIT,0.0,0.0,True,0.75,False,0.75
2026-08-18T14:44:40.296729+00:00,SMC,SELL,0.75,False,PER_STRATEGY_MAX_OPEN_HIT,0.0,0.0,True,0.75,False,0.75
2026-08-18T14:45:40.947796+00:00,SMC,SELL,0.75,False,PER_STRATEGY_MAX_OPEN_HIT,0.0,0.0,True,0.75,False,0.75
2026-08-18T14:46:41.540346+00:00,SMC,SELL,0.75,False,PER_STRATEGY_MAX_OPEN_HIT,0.0,0.0,True,0.75,False,0.75
2026-08-18T14:47:41.983255+00:00,SMC,SELL,0.75,False,PER_STRATEGY_MAX_OPEN_HIT,0.0,0.0,True,0.75,False,0.75
2026-08-18T14:48:42.549544+00:00,SMC,SELL,0.75,False,PER_STRATEGY_MAX_OPEN_HIT,0.0,0.0,True,0.75,False,0.75
2026-08-18T14:49:43.013445+00:00,SMC,SELL,0.75,False,PER_STRATEGY_MAX_OPEN_HIT,0.0,0.0,True,0.75,False,0.75
2026-08-18T14:50:43.552569+00:00,SMC,SELL,0.75,False,PER_STRATEGY_MAX_OPEN_HIT,0.0,0.0,True,0.75,False,0.75
2026-08-18T14:51:44.159039+00:00,SMC,SELL,0.75,False,PER_STRATEGY_MAX_OPEN_HIT,0.0,0.0,True,0.75,False,0.75
2026-08-18T14:52:44.588913+00:00,SMC,SELL,0.75,False,PER_STRATEGY_MAX_OPEN_HIT,0.0,0.0,True,0.75,False,0.75
2026-08-18T14:53:45.105340+00:00,SMC,SELL,0.75,False,PER_STRATEGY_MAX_OPEN_HIT,0.0,0.0,True,0.75,False,0.75
2026-08-18T14:54:45.632005+00:00,SMC,SELL,0.75,False,PER_STRATEGY_MAX_OPEN_HIT,0.0,0.0,True,0.75,False,0.75
2026-08-18T15:05:48.726317+00:00,SMC,SELL,0.75,False,PER_STRATEGY_MAX_OPEN_HIT,0.0,0.0,True,0.75,False,0.75
2026-08-18T15:06:49.163386+00:00,SMC,SELL,0.75,False,PER_STRATEGY_MAX_OPEN_HIT,0.0,0.0,True,0.75,False,0.75
2026-08-18T15:07:49.664649+00:00,SMC,SELL,0.75,False,PER_STRATEGY_MAX_OPEN_HIT,0.0,0.0,True,0.75,False,0.75
2026-08-18T15:08:50.142663+00:00,SMC,SELL,0.75,False,PER_STRATEGY_MAX_OPEN_HIT,0.0,0.0,True,0.75,False,0.75
2026-08-18T15:09:50.833281+00:00,SMC,SELL,0.75,False,PER_STRATEGY_MAX_OPEN_HIT,0.0,0.0,True,0.75,False,0.75
2026-08-18T15:10:51.454285+00:00,SMC,SELL,0.75,False,PER_STRATEGY_MAX_OPEN_HIT,0.0,0.0,True,0.75,False,0.75
2026-08-18T15:11:52.049784+00:00,SMC,SELL,0.75,False,PER_STRATEGY_MAX_OPEN_HIT,0.0,0.0,True,0.75,False,0.75
2026-08-18T15:12:52.578129+00:00,SMC,SELL,0.75,False,PER_STRATEGY_MAX_OPEN_HIT,0.0,0.0,True,0.75,False,0.75
2026-08-18T15:13:53.179884+00:00,SMC,SELL,0.75,False,PER_STRATEGY_MAX_OPEN_HIT,0.0,0.0,True,0.75,False,0.75
2026-08-18T15:14:53.874425+00:00,SMC,SELL,0.75,False,PER_STRATEGY_MAX_OPEN_HIT,0.0,0.0,True,0.75,False,0.75
2026-08-18T15:15:54.401986+00:00,SMC,SELL,0.75,False,PER_STRATEGY_MAX_OPEN_HIT,0.0,0.0,True,0.75,False,0.75
2026-08-18T15:16:54.853038+00:00,SMC,SELL,0.75,False,PER_STRATEGY_MAX_OPEN_HIT,0.0,0.0,True,0.75,False,0.75
2026-08-18T15:17:55.380319+00:00,SMC,SELL,0.75,False,PER_STRATEGY_MAX_OPEN_HIT,0.0,0.0,True,0.75,False,0.75
2026-08-18T15:18:56.025012+00:00,SMC,SELL,0.75,False,PER_STRATEGY_MAX_OPEN_HIT,0.0,0.0,True,0.75,False,0.75
2026-08-18T17:32:05.843936+00:00,SMC,SELL,0.75,True,,0.5,0.05,True,0.75,True,0.25
2026-08-18T18:35:36.469926+00:00,SMC,BUY,0.75,False,PER_STRATEGY_MAX_OPEN_HIT,0.0,0.0,True,0.75,False,0.75
2026-08-18T19:06:49.665703+00:00,SMC,SELL,0.75,False,PER_STRATEGY_MAX_OPEN_HIT,0.0,0.0,True,0.75,False,0.75
2026-08-18T19:08:50.601987+00:00,SMC,SELL,0.75,False,PER_STRATEGY_MAX_OPEN_HIT,0.0,0.0,True,0.75,False,0.75
2026-08-18T19:11:51.998046+00:00,SMC,SELL,0.75,False,PER_STRATEGY_MAX_OPEN_HIT,0.0,0.0,True,0.75,False,0.75
2026-08-18T19:13:52.915448+00:00,SMC,SELL,0.75,False,PER_STRATEGY_MAX_OPEN_HIT,0.0,0.0,True,0.75,False,0.75
2026-08-18T19:14:53.320989+00:00,SMC,SELL,0.75,False,PER_STRATEGY_MAX_OPEN_HIT,0.0,0.0,True,0.75,False,0.75
2026-08-18T19:15:53.871026+00:00,SMC,SELL,0.75,False,PER_STRATEGY_MAX_OPEN_HIT,0.0,0.0,True,0.75,False,0.75
2026-08-18T19:16:54.269503+00:00,SMC,SELL,0.75,False,PER_STRATEGY_MAX_OPEN_HIT,0.0,0.0,True,0.75,False,0.75
2026-08-18T19:17:54.874365+00:00,SMC,SELL,0.75,False,PER_STRATEGY_MAX_OPEN_HIT,0.0,0.0,True,0.75,False,0.75
2026-08-18T19:42:07.372615+00:00,SMC,SELL,0.75,False,PER_STRATEGY_MAX_OPEN_HIT,0.0,0.0,True,0.75,False,0.75
2026-08-18T19:43:07.779721+00:00,SMC,SELL,0.75,False,PER_STRATEGY_MAX_OPEN_HIT,0.0,0.0,True,0.75,False,0.75
2026-08-18T19:45:08.732933+00:00,SMC,SELL,0.75,False,PER_STRATEGY_MAX_OPEN_HIT,0.0,0.0,True,0.75,False,0.75
2026-08-18T19:48:10.127759+00:00,SMC,SELL,0.75,False,PER_STRATEGY_MAX_OPEN_HIT,0.0,0.0,True,0.75,False,0.75
2026-08-18T19:49:10.540791+00:00,SMC,SELL,0.75,False,PER_STRATEGY_MAX_OPEN_HIT,0.0,0.0,True,0.75,False,0.75
2026-08-18T19:50:10.955938+00:00,SMC,SELL,0.75,False,PER_STRATEGY_MAX_OPEN_HIT,0.0,0.0,True,0.75,False,0.75
2026-08-18T19:51:11.443311+00:00,SMC,SELL,0.75,False,PER_STRATEGY_MAX_OPEN_HIT,0.0,0.0,True,0.75,False,0.75
2026-08-18T19:52:11.826445+00:00,SMC,SELL,0.75,False,PER_STRATEGY_MAX_OPEN_HIT,0.0,0.0,True,0.75,False,0.75
2026-08-18T19:53:12.237522+00:00,SMC,SELL,0.75,False,PER_STRATEGY_MAX_OPEN_HIT,0.0,0.0,True,0.75,False,0.75
2026-08-18T19:54:12.651250+00:00,SMC,SELL,0.825,False,PER_STRATEGY_MAX_OPEN_HIT,0.0,0.0,True,0.825,False,0.825
2026-08-18T19:55:13.054555+00:00,SMC,SELL,0.75,False,PER_STRATEGY_MAX_OPEN_HIT,0.0,0.0,True,0.75,False,0.75
2026-08-18T19:56:13.518391+00:00,SMC,SELL,0.75,False,PER_STRATEGY_MAX_OPEN_HIT,0.0,0.0,True,0.75,False,0.75
2026-08-18T19:57:13.892228+00:00,SMC,SELL,0.75,False,PER_STRATEGY_MAX_OPEN_HIT,0.0,0.0,True,0.75,False,0.75
2026-08-18T19:58:14.323620+00:00,SMC,SELL,0.75,False,PER_STRATEGY_MAX_OPEN_HIT,0.0,0.0,True,0.75,False,0.75
2026-08-18T19:59:14.743637+00:00,SMC,SELL,0.75,False,PER_STRATEGY_MAX_OPEN_HIT,0.0,0.0,True,0.75,False,0.75
2026-08-18T20:00:15.172052+00:00,SMC,SELL,0.75,False,PER_STRATEGY_MAX_OPEN_HIT,0.0,0.0,True,0.75,False,0.75
2026-08-18T20:01:15.607765+00:00,SMC,SELL,0.75,False,PER_STRATEGY_MAX_OPEN_HIT,0.0,0.0,True,0.75,False,0.75
2026-08-18T20:02:16.006822+00:00,SMC,SELL,0.75,False,PER_STRATEGY_MAX_OPEN_HIT,0.0,0.0,True,0.75,False,0.75
2026-08-18T20:03:16.398505+00:00,SMC,SELL,0.75,False,PER_STRATEGY_MAX_OPEN_HIT,0.0,0.0,True,0.75,False,0.75
2026-08-18T20:04:16.853938+00:00,SMC,SELL,0.75,False,PER_STRATEGY_MAX_OPEN_HIT,0.0,0.0,True,0.75,False,0.75
2026-08-18T20:05:17.300658+00:00,SMC,SELL,0.75,False,PER_STRATEGY_MAX_OPEN_HIT,0.0,0.0,True,0.75,False,0.75
2026-08-18T20:06:17.732858+00:00,SMC,SELL,0.75,False,PER_STRATEGY_MAX_OPEN_HIT,0.0,0.0,True,0.75,False,0.75
2026-08-18T20:07:18.136561+00:00,SMC,SELL,0.75,False,PER_STRATEGY_MAX_OPEN_HIT,0.0,0.0,True,0.75,False,0.75
2026-08-18T20:08:18.540593+00:00,SMC,SELL,0.75,False,PER_STRATEGY_MAX_OPEN_HIT,0.0,0.0,True,0.75,False,0.75
2026-08-18T20:09:18.949529+00:00,SMC,SELL,0.75,False,PER_STRATEGY_MAX_OPEN_HIT,0.0,0.0,True,0.75,False,0.75
2026-08-18T20:10:19.374457+00:00,SMC,SELL,0.75,False,PER_STRATEGY_MAX_OPEN_HIT,0.0,0.0,True,0.75,False,0.75
2026-08-18T20:11:19.837037+00:00,SMC,SELL,0.75,False,PER_STRATEGY_MAX_OPEN_HIT,0.0,0.0,True,0.75,False,0.75
2026-08-18T20:12:20.415573+00:00,SMC,SELL,0.75,False,PER_STRATEGY_MAX_OPEN_HIT,0.0,0.0,True,0.75,False,0.75
2026-08-18T20:13:20.836372+00:00,SMC,SELL,0.75,False,PER_STRATEGY_MAX_OPEN_HIT,0.0,0.0,True,0.75,False,0.75
2026-08-18T20:14:21.249674+00:00,SMC,SELL,0.75,False,PER_STRATEGY_MAX_OPEN_HIT,0.0,0.0,True,0.75,False,0.75
2026-08-18T20:15:21.846637+00:00,SMC,SELL,0.75,False,PER_STRATEGY_MAX_OPEN_HIT,0.0,0.0,True,0.75,False,0.75
2026-08-18T20:16:22.469331+00:00,SMC,SELL,0.75,False,PER_STRATEGY_MAX_OPEN_HIT,0.0,0.0,True,0.75,False,0.75
2026-08-18T20:17:22.867469+00:00,SMC,SELL,0.75,False,PER_STRATEGY_MAX_OPEN_HIT,0.0,0.0,True,0.75,False,0.75
2026-08-18T20:18:23.325200+00:00,SMC,SELL,0.75,False,PER_STRATEGY_MAX_OPEN_HIT,0.0,0.0,True,0.75,False,0.75
2026-08-18T20:19:23.747759+00:00,SMC,SELL,0.75,False,PER_STRATEGY_MAX_OPEN_HIT,0.0,0.0,True,0.75,False,0.75
2026-08-18T20:20:24.355289+00:00,SMC,SELL,0.75,False,PER_STRATEGY_MAX_OPEN_HIT,0.0,0.0,True,0.75,False,0.75
2026-08-18T20:21:24.788395+00:00,SMC,SELL,0.75,False,PER_STRATEGY_MAX_OPEN_HIT,0.0,0.0,True,0.75,False,0.75
2026-08-18T20:22:25.239399+00:00,SMC,SELL,0.75,False,PER_STRATEGY_MAX_OPEN_HIT,0.0,0.0,True,0.75,False,0.75
2026-08-18T20:23:25.923151+00:00,SMC,SELL,0.75,False,PER_STRATEGY_MAX_OPEN_HIT,0.0,0.0,True,0.75,False,0.75
2026-08-18T20:24:26.564985+00:00,SMC,SELL,0.75,False,PER_STRATEGY_MAX_OPEN_HIT,0.0,0.0,True,0.75,False,0.75
2026-08-18T20:35:29.285377+00:00,SMC,SELL,0.75,False,PER_STRATEGY_MAX_OPEN_HIT,0.0,0.0,True,0.75,False,0.75
2026-08-18T20:36:29.652463+00:00,SMC,SELL,0.75,False,PER_STRATEGY_MAX_OPEN_HIT,0.0,0.0,True,0.75,False,0.75
2026-08-18T20:37:30.071810+00:00,SMC,SELL,0.75,False,PER_STRATEGY_MAX_OPEN_HIT,0.0,0.0,True,0.75,False,0.75
2026-08-18T20:38:30.493762+00:00,SMC,SELL,0.75,False,PER_STRATEGY_MAX_OPEN_HIT,0.0,0.0,True,0.75,False,0.75
2026-08-18T20:39:30.933986+00:00,SMC,SELL,0.75,False,PER_STRATEGY_MAX_OPEN_HIT,0.0,0.0,True,0.75,False,0.75
2026-08-18T20:40:31.375433+00:00,SMC,SELL,0.75,False,PER_STRATEGY_MAX_OPEN_HIT,0.0,0.0,True,0.75,False,0.75
2026-08-18T20:41:31.783155+00:00,SMC,SELL,0.75,False,PER_STRATEGY_MAX_OPEN_HIT,0.0,0.0,True,0.75,False,0.75
2026-08-18T20:42:32.197681+00:00,SMC,SELL,0.75,False,PER_STRATEGY_MAX_OPEN_HIT,0.0,0.0,True,0.75,False,0.75
2026-08-18T20:43:32.625291+00:00,SMC,SELL,0.75,False,PER_STRATEGY_MAX_OPEN_HIT,0.0,0.0,True,0.75,False,0.75
2026-08-18T20:44:33.045352+00:00,SMC,SELL,0.75,False,PER_STRATEGY_MAX_OPEN_HIT,0.0,0.0,True,0.75,False,0.75
2026-08-18T20:45:33.494029+00:00,SMC,SELL,0.75,False,PER_STRATEGY_MAX_OPEN_HIT,0.0,0.0,True,0.75,False,0.75
2026-08-18T20:46:33.968953+00:00,SMC,SELL,0.75,False,PER_STRATEGY_MAX_OPEN_HIT,0.0,0.0,True,0.75,False,0.75
2026-08-18T20:47:34.394376+00:00,SMC,SELL,0.75,False,PER_STRATEGY_MAX_OPEN_HIT,0.0,0.0,True,0.75,False,0.75
2026-08-18T20:48:34.812877+00:00,SMC,SELL,0.75,False,PER_STRATEGY_MAX_OPEN_HIT,0.0,0.0,True,0.75,False,0.75
2026-08-18T20:49:35.227678+00:00,SMC,SELL,0.75,False,PER_STRATEGY_MAX_OPEN_HIT,0.0,0.0,True,0.75,False,0.75
2026-08-18T20:50:35.675208+00:00,SMC,SELL,0.75,False,PER_STRATEGY_MAX_OPEN_HIT,0.0,0.0,True,0.75,False,0.75
2026-08-18T20:51:36.070809+00:00,SMC,SELL,0.75,False,PER_STRATEGY_MAX_OPEN_HIT,0.0,0.0,True,0.75,False,0.75
2026-08-18T20:52:36.473050+00:00,SMC,SELL,0.75,False,PER_STRATEGY_MAX_OPEN_HIT,0.0,0.0,True,0.75,False,0.75
2026-08-18T20:53:36.886025+00:00,SMC,SELL,0.75,False,PER_STRATEGY_MAX_OPEN_HIT,0.0,0.0,True,0.75,False,0.75
2026-08-18T20:54:37.320673+00:00,SMC,SELL,0.75,False,PER_STRATEGY_MAX_OPEN_HIT,0.0,0.0,True,0.75,False,0.75
2026-08-18T20:55:37.776673+00:00,SMC,SELL,0.75,False,PER_STRATEGY_MAX_OPEN_HIT,0.0,0.0,True,0.75,False,0.75
2026-08-18T20:56:38.144777+00:00,SMC,SELL,0.75,False,PER_STRATEGY_MAX_OPEN_HIT,0.0,0.0,True,0.75,False,0.75
2026-08-18T20:57:38.567920+00:00,SMC,SELL,0.75,False,PER_STRATEGY_MAX_OPEN_HIT,0.0,0.0,True,0.75,False,0.75
2026-08-18T20:58:38.995781+00:00,SMC,SELL,0.75,False,PER_STRATEGY_MAX_OPEN_HIT,0.0,0.0,True,0.75,False,0.75
2026-08-18T20:59:39.407299+00:00,SMC,SELL,0.75,False,PER_STRATEGY_MAX_OPEN_HIT,0.0,0.0,True,0.75,False,0.75
2026-08-18T21:00:39.859899+00:00,SMC,SELL,0.75,False,PER_STRATEGY_MAX_OPEN_HIT,0.0,0.0,True,0.75,False,0.75
2026-08-18T21:01:40.250891+00:00,SMC,SELL,0.75,False,PER_STRATEGY_MAX_OPEN_HIT,0.0,0.0,True,0.75,False,0.75
2026-08-18T21:02:40.698893+00:00,SMC,SELL,0.75,False,PER_STRATEGY_MAX_OPEN_HIT,0.0,0.0,True,0.75,False,0.75
2026-08-18T21:03:41.109931+00:00,SMC,SELL,0.75,False,PER_STRATEGY_MAX_OPEN_HIT,0.0,0.0,True,0.75,False,0.75
2026-08-18T21:04:41.502540+00:00,SMC,SELL,0.75,False,PER_STRATEGY_MAX_OPEN_HIT,0.0,0.0,True,0.75,False,0.75
2026-08-18T21:05:41.970175+00:00,SMC,SELL,0.75,False,PER_STRATEGY_MAX_OPEN_HIT,0.0,0.0,True,0.75,False,0.75
2026-08-18T21:06:42.360651+00:00,SMC,SELL,0.75,False,PER_STRATEGY_MAX_OPEN_HIT,0.0,0.0,True,0.75,False,0.75
2026-08-18T21:07:42.768660+00:00,SMC,SELL,0.75,False,PER_STRATEGY_MAX_OPEN_HIT,0.0,0.0,True,0.75,False,0.75
2026-08-18T21:08:43.193286+00:00,SMC,SELL,0.75,False,PER_STRATEGY_MAX_OPEN_HIT,0.0,0.0,True,0.75,False,0.75
2026-08-18T21:09:43.592333+00:00,SMC,SELL,0.75,False,PER_STRATEGY_MAX_OPEN_HIT,0.0,0.0,True,0.75,False,0.75
2026-08-18T21:10:44.036939+00:00,SMC,SELL,0.75,False,PER_STRATEGY_MAX_OPEN_HIT,0.0,0.0,True,0.75,False,0.75
2026-08-18T21:11:44.431653+00:00,SMC,SELL,0.75,False,PER_STRATEGY_MAX_OPEN_HIT,0.0,0.0,True,0.75,False,0.75
2026-08-18T21:12:44.846819+00:00,SMC,SELL,0.75,False,PER_STRATEGY_MAX_OPEN_HIT,0.0,0.0,True,0.75,False,0.75
2026-08-18T21:13:45.247140+00:00,SMC,SELL,0.75,False,PER_STRATEGY_MAX_OPEN_HIT,0.0,0.0,True,0.75,False,0.75
2026-08-18T21:14:45.663083+00:00,SMC,SELL,0.75,False,PER_STRATEGY_MAX_OPEN_HIT,0.0,0.0,True,0.75,False,0.75
2026-08-18T21:15:46.133176+00:00,SMC,SELL,0.75,False,PER_STRATEGY_MAX_OPEN_HIT,0.0,0.0,True,0.75,False,0.75
2026-08-18T21:16:46.519654+00:00,SMC,SELL,0.75,False,PER_STRATEGY_MAX_OPEN_HIT,0.0,0.0,True,0.75,False,0.75
2026-08-18T21:17:47.146860+00:00,SMC,SELL,0.75,False,PER_STRATEGY_MAX_OPEN_HIT,0.0,0.0,True,0.75,False,0.75
2026-08-18T21:18:47.561204+00:00,SMC,SELL,0.75,False,PER_STRATEGY_MAX_OPEN_HIT,0.0,0.0,True,0.75,False,0.75
2026-08-18T21:19:47.976176+00:00,SMC,SELL,0.75,False,PER_STRATEGY_MAX_OPEN_HIT,0.0,0.0,True,0.75,False,0.75
2026-08-18T21:20:48.420688+00:00,SMC,SELL,0.75,False,PER_STRATEGY_MAX_OPEN_HIT,0.0,0.0,True,0.75,False,0.75
2026-08-18T21:21:48.818902+00:00,SMC,SELL,0.75,False,PER_STRATEGY_MAX_OPEN_HIT,0.0,0.0,True,0.75,False,0.75
2026-08-18T21:22:49.244618+00:00,SMC,SELL,0.75,False,PER_STRATEGY_MAX_OPEN_HIT,0.0,0.0,True,0.75,False,0.75
2026-08-18T21:23:49.647236+00:00,SMC,SELL,0.75,False,PER_STRATEGY_MAX_OPEN_HIT,0.0,0.0,True,0.75,False,0.75
2026-08-18T21:24:50.061963+00:00,SMC,SELL,0.75,False,PER_STRATEGY_MAX_OPEN_HIT,0.0,0.0,True,0.75,False,0.75
2026-08-18T21:25:50.507653+00:00,SMC,SELL,0.75,False,PER_STRATEGY_MAX_OPEN_HIT,0.0,0.0,True,0.75,False,0.75
2026-08-18T21:26:50.901613+00:00,SMC,SELL,0.75,False,PER_STRATEGY_MAX_OPEN_HIT,0.0,0.0,True,0.75,False,0.75
2026-08-18T21:27:51.322626+00:00,SMC,SELL,0.75,False,PER_STRATEGY_MAX_OPEN_HIT,0.0,0.0,True,0.75,False,0.75
2026-08-18T21:28:51.739042+00:00,SMC,SELL,0.75,False,PER_STRATEGY_MAX_OPEN_HIT,0.0,0.0,True,0.75,False,0.75
2026-08-18T21:29:52.361259+00:00,SMC,SELL,0.75,False,PER_STRATEGY_MAX_OPEN_HIT,0.0,0.0,True,0.75,False,0.75
2026-08-18T21:30:52.797633+00:00,SMC,SELL,0.75,False,PER_STRATEGY_MAX_OPEN_HIT,0.0,0.0,True,0.75,False,0.75
2026-08-18T21:31:53.179616+00:00,SMC,SELL,0.75,False,PER_STRATEGY_MAX_OPEN_HIT,0.0,0.0,True,0.75,False,0.75
2026-08-18T21:32:53.595329+00:00,SMC,SELL,0.75,False,PER_STRATEGY_MAX_OPEN_HIT,0.0,0.0,True,0.75,False,0.75
2026-08-18T21:33:54.026186+00:00,SMC,SELL,0.75,False,PER_STRATEGY_MAX_OPEN_HIT,0.0,0.0,True,0.75,False,0.75
2026-08-18T21:34:54.425623+00:00,SMC,SELL,0.75,False,PER_STRATEGY_MAX_OPEN_HIT,0.0,0.0,True,0.75,False,0.75
2026-08-18T21:35:54.880493+00:00,SMC,SELL,0.75,False,PER_STRATEGY_MAX_OPEN_HIT,0.0,0.0,True,0.75,False,0.75
2026-08-18T21:36:55.271193+00:00,SMC,SELL,0.75,False,PER_STRATEGY_MAX_OPEN_HIT,0.0,0.0,True,0.75,False,0.75
2026-08-18T21:37:55.875241+00:00,SMC,SELL,0.75,False,PER_STRATEGY_MAX_OPEN_HIT,0.0,0.0,True,0.75,False,0.75
2026-08-18T21:38:56.295950+00:00,SMC,SELL,0.75,False,PER_STRATEGY_MAX_OPEN_HIT,0.0,0.0,True,0.75,False,0.75
2026-08-18T21:39:56.725859+00:00,SMC,SELL,0.75,False,PER_STRATEGY_MAX_OPEN_HIT,0.0,0.0,True,0.75,False,0.75
2026-08-18T21:40:57.178233+00:00,SMC,SELL,0.75,False,PER_STRATEGY_MAX_OPEN_HIT,0.0,0.0,True,0.75,False,0.75
2026-08-18T21:41:58.021985+00:00,SMC,SELL,0.75,False,PER_STRATEGY_MAX_OPEN_HIT,0.0,0.0,True,0.75,False,0.75
2026-08-18T21:42:58.431933+00:00,SMC,SELL,0.75,False,PER_STRATEGY_MAX_OPEN_HIT,0.0,0.0,True,0.75,False,0.75
2026-08-18T21:43:58.840134+00:00,SMC,SELL,0.75,False,PER_STRATEGY_MAX_OPEN_HIT,0.0,0.0,True,0.75,False,0.75
2026-08-18T21:44:59.254806+00:00,SMC,SELL,0.75,False,PER_STRATEGY_MAX_OPEN_HIT,0.0,0.0,True,0.75,False,0.75
2026-08-18T21:45:59.701857+00:00,SMC,SELL,0.75,False,PER_STRATEGY_MAX_OPEN_HIT,0.0,0.0,True,0.75,False,0.75
2026-08-18T21:47:00.151460+00:00,SMC,SELL,0.75,False,PER_STRATEGY_MAX_OPEN_HIT,0.0,0.0,True,0.75,False,0.75
2026-08-18T21:48:00.562443+00:00,SMC,SELL,0.75,False,PER_STRATEGY_MAX_OPEN_HIT,0.0,0.0,True,0.75,False,0.75
2026-08-18T21:49:00.972943+00:00,SMC,SELL,0.75,False,PER_STRATEGY_MAX_OPEN_HIT,0.0,0.0,True,0.75,False,0.75
2026-08-18T21:50:01.435532+00:00,SMC,SELL,0.75,False,PER_STRATEGY_MAX_OPEN_HIT,0.0,0.0,True,0.75,False,0.75
2026-08-18T21:51:01.892175+00:00,SMC,SELL,0.75,False,PER_STRATEGY_MAX_OPEN_HIT,0.0,0.0,True,0.75,False,0.75
2026-08-18T21:52:02.293245+00:00,SMC,SELL,0.75,False,PER_STRATEGY_MAX_OPEN_HIT,0.0,0.0,True,0.75,False,0.75
2026-08-18T21:53:02.705725+00:00,SMC,SELL,0.75,False,PER_STRATEGY_MAX_OPEN_HIT,0.0,0.0,True,0.75,False,0.75
2026-08-18T21:54:03.131322+00:00,SMC,SELL,0.75,False,PER_STRATEGY_MAX_OPEN_HIT,0.0,0.0,True,0.75,False,0.75
2026-08-18T21:55:03.550619+00:00,SMC,SELL,0.75,False,PER_STRATEGY_MAX_OPEN_HIT,0.0,0.0,True,0.75,False,0.75
2026-08-18T21:56:03.998750+00:00,SMC,SELL,0.75,False,PER_STRATEGY_MAX_OPEN_HIT,0.0,0.0,True,0.75,False,0.75
2026-08-18T21:57:04.391434+00:00,SMC,SELL,0.75,False,PER_STRATEGY_MAX_OPEN_HIT,0.0,0.0,True,0.75,False,0.75
2026-08-18T21:58:04.806923+00:00,SMC,SELL,0.75,False,PER_STRATEGY_MAX_OPEN_HIT,0.0,0.0,True,0.75,False,0.75
2026-08-18T21:59:05.219554+00:00,SMC,SELL,0.75,False,PER_STRATEGY_MAX_OPEN_HIT,0.0,0.0,True,0.75,False,0.75
2026-08-18T22:00:05.849692+00:00,SMC,SELL,0.75,False,PER_STRATEGY_MAX_OPEN_HIT,0.0,0.0,True,0.75,False,0.75
2026-08-18T22:01:06.319155+00:00,SMC,SELL,0.75,False,PER_STRATEGY_MAX_OPEN_HIT,0.0,0.0,True,0.75,False,0.75
2026-08-18T22:02:06.718792+00:00,SMC,SELL,0.75,False,PER_STRATEGY_MAX_OPEN_HIT,0.0,0.0,True,0.75,False,0.75
2026-08-18T22:03:07.132949+00:00,SMC,SELL,0.75,False,PER_STRATEGY_MAX_OPEN_HIT,0.0,0.0,True,0.75,False,0.75
2026-08-18T22:04:07.537067+00:00,SMC,SELL,0.75,False,PER_STRATEGY_MAX_OPEN_HIT,0.0,0.0,True,0.75,False,0.75
2026-08-18T22:06:08.536114+00:00,SMC,SELL,0.75,False,PER_STRATEGY_MAX_OPEN_HIT,0.0,0.0,True,0.75,False,0.75
2026-08-18T22:07:08.926346+00:00,SMC,SELL,0.75,False,PER_STRATEGY_MAX_OPEN_HIT,0.0,0.0,True,0.75,False,0.75
2026-08-18T22:08:09.339282+00:00,SMC,SELL,0.75,False,PER_STRATEGY_MAX_OPEN_HIT,0.0,0.0,True,0.75,False,0.75
2026-08-18T22:09:09.758479+00:00,SMC,SELL,0.75,False,PER_STRATEGY_MAX_OPEN_HIT,0.0,0.0,True,0.75,False,0.75
2026-08-18T22:10:10.155756+00:00,SMC,SELL,0.75,False,PER_STRATEGY_MAX_OPEN_HIT,0.0,0.0,True,0.75,False,0.75
2026-08-18T22:11:10.642481+00:00,SMC,SELL,0.75,False,PER_STRATEGY_MAX_OPEN_HIT,0.0,0.0,True,0.75,False,0.75
2026-08-18T22:12:11.028321+00:00,SMC,SELL,0.75,False,PER_STRATEGY_MAX_OPEN_HIT,0.0,0.0,True,0.75,False,0.75
2026-08-18T22:13:11.463707+00:00,SMC,SELL,0.75,False,PER_STRATEGY_MAX_OPEN_HIT,0.0,0.0,True,0.75,False,0.75
2026-08-18T22:14:11.873073+00:00,SMC,SELL,0.75,False,PER_STRATEGY_MAX_OPEN_HIT,0.0,0.0,True,0.75,False,0.75
2026-08-18T22:15:12.329305+00:00,SMC,SELL,0.75,False,PER_STRATEGY_MAX_OPEN_HIT,0.0,0.0,True,0.75,False,0.75
2026-08-18T22:16:12.775606+00:00,SMC,SELL,0.75,False,PER_STRATEGY_MAX_OPEN_HIT,0.0,0.0,True,0.75,False,0.75
2026-08-18T22:17:13.178005+00:00,SMC,SELL,0.75,False,PER_STRATEGY_MAX_OPEN_HIT,0.0,0.0,True,0.75,False,0.75
2026-08-18T22:19:14.133110+00:00,SMC,SELL,0.75,False,PER_STRATEGY_MAX_OPEN_HIT,0.0,0.0,True,0.75,False,0.75
2026-08-18T22:20:14.536751+00:00,SMC,SELL,0.75,False,PER_STRATEGY_MAX_OPEN_HIT,0.0,0.0,True,0.75,False,0.75
2026-08-18T22:21:14.975354+00:00,SMC,SELL,0.75,False,PER_STRATEGY_MAX_OPEN_HIT,0.0,0.0,True,0.75,False,0.75
2026-08-18T22:22:15.370328+00:00,SMC,SELL,0.75,False,PER_STRATEGY_MAX_OPEN_HIT,0.0,0.0,True,0.75,False,0.75
2026-08-18T22:23:15.790875+00:00,SMC,SELL,0.75,False,PER_STRATEGY_MAX_OPEN_HIT,0.0,0.0,True,0.75,False,0.75
2026-08-18T22:24:16.207863+00:00,SMC,SELL,0.75,False,PER_STRATEGY_MAX_OPEN_HIT,0.0,0.0,True,0.75,False,0.75
2026-08-18T22:25:16.629629+00:00,SMC,SELL,0.75,False,PER_STRATEGY_MAX_OPEN_HIT,0.0,0.0,True,0.75,False,0.75
2026-08-18T22:26:17.089819+00:00,SMC,SELL,0.75,False,PER_STRATEGY_MAX_OPEN_HIT,0.0,0.0,True,0.75,False,0.75
2026-08-18T22:28:17.961101+00:00,SMC,SELL,0.75,False,PER_STRATEGY_MAX_OPEN_HIT,0.0,0.0,True,0.75,False,0.75
2026-08-18T22:29:18.361525+00:00,SMC,SELL,0.75,False,PER_STRATEGY_MAX_OPEN_HIT,0.0,0.0,True,0.75,False,0.75
2026-08-18T23:45:27.259412+00:00,SMC,SELL,0.75,False,PER_STRATEGY_MAX_OPEN_HIT,0.0,0.0,True,0.75,False,0.75
2026-08-18T23:47:28.289915+00:00,SMC,SELL,0.75,False,PER_STRATEGY_MAX_OPEN_HIT,0.0,0.0,True,0.75,False,0.75
2026-08-18T23:48:28.721699+00:00,SMC,SELL,0.75,False,PER_STRATEGY_MAX_OPEN_HIT,0.0,0.0,True,0.75,False,0.75
2026-08-18T23:50:29.731035+00:00,SMC,SELL,0.75,False,PER_STRATEGY_MAX_OPEN_HIT,0.0,0.0,True,0.75,False,0.75
2026-08-18T23:51:30.134442+00:00,SMC,SELL,0.75,False,PER_STRATEGY_MAX_OPEN_HIT,0.0,0.0,True,0.75,False,0.75
2026-08-19T00:21:51.320580+00:00,SMC,BUY,0.75,True,,0.5,0.05,True,0.75,True,0.25
2026-08-19T00:25:53.744348+00:00,SMC,BUY,0.75,False,PER_STRATEGY_MAX_OPEN_HIT,0.0,0.0,True,0.75,False,0.75
2026-08-19T00:26:54.253383+00:00,SMC,BUY,0.75,False,PER_STRATEGY_MAX_OPEN_HIT,0.0,0.0,True,0.75,False,0.75
2026-08-19T00:29:55.736877+00:00,SMC,BUY,0.75,False,PER_STRATEGY_MAX_OPEN_HIT,0.0,0.0,True,0.75,False,0.75
2026-08-19T00:33:57.916434+00:00,SMC,SELL,0.75,False,PER_STRATEGY_MAX_OPEN_HIT,0.0,0.0,True,0.75,False,0.75
2026-08-19T00:34:58.401596+00:00,SMC,SELL,0.75,False,PER_STRATEGY_MAX_OPEN_HIT,0.0,0.0,True,0.75,False,0.75
2026-08-19T00:35:58.995658+00:00,SMC,BUY,0.75,False,PER_STRATEGY_MAX_OPEN_HIT,0.0,0.0,True,0.75,False,0.75
2026-08-19T00:36:59.444917+00:00,SMC,BUY,0.75,False,PER_STRATEGY_MAX_OPEN_HIT,0.0,0.0,True,0.75,False,0.75
2026-08-19T00:40:01.128751+00:00,SMC,SELL,0.75,False,PER_STRATEGY_MAX_OPEN_HIT,0.0,0.0,True,0.75,False,0.75
2026-08-19T00:44:03.359669+00:00,SMC,SELL,0.75,False,PER_STRATEGY_MAX_OPEN_HIT,0.0,0.0,True,0.75,False,0.75
2026-08-19T00:45:04.040584+00:00,SMC,SELL,0.75,False,PER_STRATEGY_MAX_OPEN_HIT,0.0,0.0,True,0.75,False,0.75
2026-08-19T00:46:04.640307+00:00,SMC,SELL,0.75,False,PER_STRATEGY_MAX_OPEN_HIT,0.0,0.0,True,0.75,False,0.75
2026-08-19T00:47:05.132129+00:00,SMC,SELL,0.75,False,PER_STRATEGY_MAX_OPEN_HIT,0.0,0.0,True,0.75,False,0.75
2026-08-19T00:48:05.554270+00:00,SMC,SELL,0.75,False,PER_STRATEGY_MAX_OPEN_HIT,0.0,0.0,True,0.75,False,0.75
2026-08-19T00:49:05.991434+00:00,SMC,SELL,0.75,False,PER_STRATEGY_MAX_OPEN_HIT,0.0,0.0,True,0.75,False,0.75
2026-08-19T00:50:06.580019+00:00,SMC,SELL,0.75,False,PER_STRATEGY_MAX_OPEN_HIT,0.0,0.0,True,0.75,False,0.75
2026-08-19T00:51:07.054796+00:00,SMC,SELL,0.75,False,PER_STRATEGY_MAX_OPEN_HIT,0.0,0.0,True,0.75,False,0.75
2026-08-19T00:52:07.564727+00:00,SMC,SELL,0.75,False,PER_STRATEGY_MAX_OPEN_HIT,0.0,0.0,True,0.75,False,0.75
2026-08-19T00:53:07.970180+00:00,SMC,SELL,0.75,False,PER_STRATEGY_MAX_OPEN_HIT,0.0,0.0,True,0.75,False,0.75
2026-08-19T00:54:08.564428+00:00,SMC,SELL,0.75,False,PER_STRATEGY_MAX_OPEN_HIT,0.0,0.0,True,0.75,False,0.75
2026-08-19T00:55:09.022525+00:00,SMC,SELL,0.75,False,PER_STRATEGY_MAX_OPEN_HIT,0.0,0.0,True,0.75,False,0.75
2026-08-19T00:56:09.486944+00:00,SMC,SELL,0.75,False,PER_STRATEGY_MAX_OPEN_HIT,0.0,0.0,True,0.75,False,0.75
2026-08-19T00:57:09.958029+00:00,SMC,SELL,0.75,True,,0.5,0.05,True,0.75,True,0.25
2026-08-19T00:58:10.711487+00:00,SMC,SELL,0.75,False,PER_STRATEGY_MAX_OPEN_HIT,0.0,0.0,True,0.75,False,0.75
2026-08-19T00:59:11.184181+00:00,SMC,SELL,0.75,False,PER_STRATEGY_MAX_OPEN_HIT,0.0,0.0,True,0.75,False,0.75
2026-08-19T01:00:11.664760+00:00,SMC,SELL,0.75,False,PER_STRATEGY_MAX_OPEN_HIT,0.0,0.0,True,0.75,False,0.75
2026-08-19T01:03:12.254687+00:00,SMC,SELL,0.75,False,PER_STRATEGY_MAX_OPEN_HIT,0.0,0.0,True,0.75,False,0.75
2026-08-19T01:05:12.792520+00:00,SMC,SELL,0.75,True,,0.5,0.05,True,0.75,True,0.25
2026-08-19T01:06:13.490284+00:00,SMC,SELL,0.75,False,PER_STRATEGY_MAX_OPEN_HIT,0.0,0.0,True,0.75,False,0.75
2026-08-19T01:07:13.915649+00:00,SMC,SELL,0.75,False,PER_STRATEGY_MAX_OPEN_HIT,0.0,0.0,True,0.75,False,0.75
2026-08-19T01:08:14.554464+00:00,SMC,SELL,0.75,False,PER_STRATEGY_MAX_OPEN_HIT,0.0,0.0,True,0.75,False,0.75
2026-08-19T01:09:14.955690+00:00,SMC,SELL,0.75,False,PER_STRATEGY_MAX_OPEN_HIT,0.0,0.0,True,0.75,False,0.75
2026-08-19T01:10:15.444007+00:00,SMC,SELL,0.75,False,PER_STRATEGY_MAX_OPEN_HIT,0.0,0.0,True,0.75,False,0.75
2026-08-19T01:11:16.011625+00:00,SMC,SELL,0.75,False,PER_STRATEGY_MAX_OPEN_HIT,0.0,0.0,True,0.75,False,0.75
2026-08-19T01:12:16.520584+00:00,SMC,SELL,0.75,False,PER_STRATEGY_MAX_OPEN_HIT,0.0,0.0,True,0.75,False,0.75
2026-08-19T01:13:17.044328+00:00,SMC,SELL,0.75,False,PER_STRATEGY_MAX_OPEN_HIT,0.0,0.0,True,0.75,False,0.75
2026-08-19T01:14:17.454284+00:00,SMC,SELL,0.75,False,PER_STRATEGY_MAX_OPEN_HIT,0.0,0.0,True,0.75,False,0.75
2026-08-19T01:15:17.945888+00:00,SMC,SELL,0.75,False,PER_STRATEGY_MAX_OPEN_HIT,0.0,0.0,True,0.75,False,0.75
2026-08-19T01:16:18.364072+00:00,SMC,SELL,0.75,False,PER_STRATEGY_MAX_OPEN_HIT,0.0,0.0,True,0.75,False,0.75
2026-08-19T01:17:19.001060+00:00,SMC,SELL,0.75,False,PER_STRATEGY_MAX_OPEN_HIT,0.0,0.0,True,0.75,False,0.75
2026-08-19T01:18:19.498852+00:00,SMC,SELL,0.75,False,PER_STRATEGY_MAX_OPEN_HIT,0.0,0.0,True,0.75,False,0.75
2026-08-19T01:19:19.938043+00:00,SMC,SELL,0.75,False,PER_STRATEGY_MAX_OPEN_HIT,0.0,0.0,True,0.75,False,0.75
2026-08-19T01:20:20.548971+00:00,SMC,SELL,0.75,False,PER_STRATEGY_MAX_OPEN_HIT,0.0,0.0,True,0.75,False,0.75
2026-08-19T01:22:21.647141+00:00,SMC,SELL,0.75,False,PER_STRATEGY_MAX_OPEN_HIT,0.0,0.0,True,0.75,False,0.75
2026-08-19T01:24:22.317503+00:00,SMC,SELL,0.75,False,PER_STRATEGY_MAX_OPEN_HIT,0.0,0.0,True,0.75,False,0.75
2026-08-19T01:25:22.754738+00:00,SMC,SELL,0.75,False,PER_STRATEGY_MAX_OPEN_HIT,0.0,0.0,True,0.75,False,0.75
2026-08-19T01:27:23.439818+00:00,SMC,SELL,0.75,False,PER_STRATEGY_MAX_OPEN_HIT,0.0,0.0,True,0.75,False,0.75
2026-08-19T01:28:23.892555+00:00,SMC,SELL,0.75,False,PER_STRATEGY_MAX_OPEN_HIT,0.0,0.0,True,0.75,False,0.75
2026-08-19T01:29:24.388146+00:00,SMC,SELL,0.75,False,PER_STRATEGY_MAX_OPEN_HIT,0.0,0.0,True,0.75,False,0.75
2026-08-19T01:30:24.826201+00:00,SMC,SELL,0.75,False,PER_STRATEGY_MAX_OPEN_HIT,0.0,0.0,True,0.75,False,0.75
2026-08-19T01:31:25.246053+00:00,SMC,SELL,0.75,False,PER_STRATEGY_MAX_OPEN_HIT,0.0,0.0,True,0.75,False,0.75
2026-08-19T02:05:46.312272+00:00,SMC,SELL,0.75,False,PER_STRATEGY_MAX_OPEN_HIT,0.0,0.0,True,0.75,False,0.75
2026-08-19T02:06:46.796074+00:00,SMC,SELL,0.75,False,PER_STRATEGY_MAX_OPEN_HIT,0.0,0.0,True,0.75,False,0.75
2026-08-19T02:07:47.222535+00:00,SMC,SELL,0.75,False,PER_STRATEGY_MAX_OPEN_HIT,0.0,0.0,True,0.75,False,0.75
2026-08-19T02:08:47.657664+00:00,SMC,SELL,0.75,False,PER_STRATEGY_MAX_OPEN_HIT,0.0,0.0,True,0.75,False,0.75
2026-08-19T02:09:48.199875+00:00,SMC,SELL,0.75,False,PER_STRATEGY_MAX_OPEN_HIT,0.0,0.0,True,0.75,False,0.75
2026-08-19T02:14:51.093557+00:00,SMC,SELL,0.75,False,PER_STRATEGY_MAX_OPEN_HIT,0.0,0.0,True,0.75,False,0.75
2026-08-19T02:15:51.549820+00:00,SMC,SELL,0.75,False,PER_STRATEGY_MAX_OPEN_HIT,0.0,0.0,True,0.75,False,0.75
2026-08-19T02:32:00.983000+00:00,SMC,SELL,0.75,False,PER_STRATEGY_MAX_OPEN_HIT,0.0,0.0,True,0.75,False,0.75
2026-08-19T02:33:01.475431+00:00,SMC,SELL,0.75,False,PER_STRATEGY_MAX_OPEN_HIT,0.0,0.0,True,0.75,False,0.75
2026-08-19T02:34:01.948245+00:00,SMC,SELL,0.75,False,PER_STRATEGY_MAX_OPEN_HIT,0.0,0.0,True,0.75,False,0.75
2026-08-19T02:35:02.465538+00:00,SMC,SELL,0.75,False,PER_STRATEGY_MAX_OPEN_HIT,0.0,0.0,True,0.75,False,0.75
2026-08-19T02:36:02.948627+00:00,SMC,SELL,0.75,False,PER_STRATEGY_MAX_OPEN_HIT,0.0,0.0,True,0.75,False,0.75
2026-08-19T02:38:04.004359+00:00,SMC,SELL,0.75,False,PER_STRATEGY_MAX_OPEN_HIT,0.0,0.0,True,0.75,False,0.75
2026-08-19T02:39:04.458402+00:00,SMC,SELL,0.75,False,PER_STRATEGY_MAX_OPEN_HIT,0.0,0.0,True,0.75,False,0.75
2026-08-19T02:40:04.968101+00:00,SMC,SELL,0.75,False,PER_STRATEGY_MAX_OPEN_HIT,0.0,0.0,True,0.75,False,0.75
2026-08-19T02:41:05.419211+00:00,SMC,SELL,0.75,False,PER_STRATEGY_MAX_OPEN_HIT,0.0,0.0,True,0.75,False,0.75
2026-08-19T02:42:05.840391+00:00,SMC,SELL,0.75,False,PER_STRATEGY_MAX_OPEN_HIT,0.0,0.0,True,0.75,False,0.75
2026-08-19T02:44:06.869109+00:00,SMC,SELL,0.75,False,PER_STRATEGY_MAX_OPEN_HIT,0.0,0.0,True,0.75,False,0.75
2026-08-19T02:48:09.114870+00:00,SMC,SELL,0.75,False,PER_STRATEGY_MAX_OPEN_HIT,0.0,0.0,True,0.75,False,0.75
2026-08-19T02:49:09.592099+00:00,SMC,SELL,0.75,False,PER_STRATEGY_MAX_OPEN_HIT,0.0,0.0,True,0.75,False,0.75
2026-08-19T02:50:10.084191+00:00,SMC,SELL,0.75,False,PER_STRATEGY_MAX_OPEN_HIT,0.0,0.0,True,0.75,False,0.75
2026-08-19T02:51:10.659050+00:00,SMC,SELL,0.75,False,PER_STRATEGY_MAX_OPEN_HIT,0.0,0.0,True,0.75,False,0.75
2026-08-19T02:52:11.139961+00:00,SMC,SELL,0.75,False,PER_STRATEGY_MAX_OPEN_HIT,0.0,0.0,True,0.75,False,0.75
2026-08-19T02:53:11.583577+00:00,SMC,SELL,0.75,False,PER_STRATEGY_MAX_OPEN_HIT,0.0,0.0,True,0.75,False,0.75
2026-08-19T02:54:12.049312+00:00,SMC,SELL,0.75,False,PER_STRATEGY_MAX_OPEN_HIT,0.0,0.0,True,0.75,False,0.75
2026-08-19T02:55:12.614242+00:00,SMC,SELL,0.75,False,PER_STRATEGY_MAX_OPEN_HIT,0.0,0.0,True,0.75,False,0.75
2026-08-19T02:57:13.727303+00:00,SMC,SELL,0.75,False,PER_STRATEGY_MAX_OPEN_HIT,0.0,0.0,True,0.75,False,0.75
2026-08-19T02:58:14.139065+00:00,SMC,SELL,0.75,False,PER_STRATEGY_MAX_OPEN_HIT,0.0,0.0,True,0.75,False,0.75
2026-08-19T02:59:14.730914+00:00,SMC,SELL,0.75,False,PER_STRATEGY_MAX_OPEN_HIT,0.0,0.0,True,0.75,False,0.75
2026-08-19T03:00:15.242150+00:00,SMC,SELL,0.75,False,PER_STRATEGY_MAX_OPEN_HIT,0.0,0.0,True,0.75,False,0.75
2026-08-19T03:01:15.677210+00:00,SMC,SELL,0.75,False,PER_STRATEGY_MAX_OPEN_HIT,0.0,0.0,True,0.75,False,0.75
2026-08-19T03:02:16.194040+00:00,SMC,SELL,0.75,False,PER_STRATEGY_MAX_OPEN_HIT,0.0,0.0,True,0.75,False,0.75
2026-08-19T03:03:16.624363+00:00,SMC,SELL,0.75,False,PER_STRATEGY_MAX_OPEN_HIT,0.0,0.0,True,0.75,False,0.75
2026-08-19T03:04:17.124017+00:00,SMC,SELL,0.75,False,PER_STRATEGY_MAX_OPEN_HIT,0.0,0.0,True,0.75,False,0.75
2026-08-19T03:05:17.680182+00:00,SMC,SELL,0.75,False,PER_STRATEGY_MAX_OPEN_HIT,0.0,0.0,True,0.75,False,0.75
2026-08-19T03:07:20.254000+00:00,SMC,SELL,0.75,False,PER_STRATEGY_MAX_OPEN_HIT,0.0,0.0,True,0.75,False,0.75
2026-08-19T03:08:20.782713+00:00,SMC,SELL,0.75,False,PER_STRATEGY_MAX_OPEN_HIT,0.0,0.0,True,0.75,False,0.75
2026-08-19T03:09:21.269525+00:00,SMC,SELL,0.75,False,PER_STRATEGY_MAX_OPEN_HIT,0.0,0.0,True,0.75,False,0.75
2026-08-19T03:10:21.826379+00:00,SMC,SELL,0.75,False,PER_STRATEGY_MAX_OPEN_HIT,0.0,0.0,True,0.75,False,0.75
2026-08-19T03:11:22.239406+00:00,SMC,SELL,0.75,False,PER_STRATEGY_MAX_OPEN_HIT,0.0,0.0,True,0.75,False,0.75
2026-08-19T03:12:22.725530+00:00,SMC,SELL,0.75,False,PER_STRATEGY_MAX_OPEN_HIT,0.0,0.0,True,0.75,False,0.75
2026-08-19T03:13:23.150408+00:00,SMC,SELL,0.75,False,PER_STRATEGY_MAX_OPEN_HIT,0.0,0.0,True,0.75,False,0.75
2026-08-19T03:14:23.737292+00:00,SMC,SELL,0.75,False,PER_STRATEGY_MAX_OPEN_HIT,0.0,0.0,True,0.75,False,0.75
2026-08-19T03:16:25.092679+00:00,SMC,SELL,0.75,False,PER_STRATEGY_MAX_OPEN_HIT,0.0,0.0,True,0.75,False,0.75
2026-08-19T03:17:25.603781+00:00,SMC,SELL,0.75,False,PER_STRATEGY_MAX_OPEN_HIT,0.0,0.0,True,0.75,False,0.75
2026-08-19T03:18:26.216389+00:00,SMC,SELL,0.75,False,PER_STRATEGY_MAX_OPEN_HIT,0.0,0.0,True,0.75,False,0.75
2026-08-19T03:19:26.689088+00:00,SMC,SELL,0.75,False,PER_STRATEGY_MAX_OPEN_HIT,0.0,0.0,True,0.75,False,0.75
2026-08-19T03:20:27.173502+00:00,SMC,SELL,0.75,False,PER_STRATEGY_MAX_OPEN_HIT,0.0,0.0,True,0.75,False,0.75
2026-08-19T03:21:27.683189+00:00,SMC,SELL,0.75,False,PER_STRATEGY_MAX_OPEN_HIT,0.0,0.0,True,0.75,False,0.75
2026-08-19T03:22:28.194336+00:00,SMC,SELL,0.75,False,PER_STRATEGY_MAX_OPEN_HIT,0.0,0.0,True,0.75,False,0.75
2026-08-19T03:23:28.648152+00:00,SMC,SELL,0.75,False,PER_STRATEGY_MAX_OPEN_HIT,0.0,0.0,True,0.75,False,0.75
2026-08-19T03:24:29.241418+00:00,SMC,SELL,0.75,False,PER_STRATEGY_MAX_OPEN_HIT,0.0,0.0,True,0.75,False,0.75
2026-08-19T03:25:29.759754+00:00,SMC,SELL,0.75,False,PER_STRATEGY_MAX_OPEN_HIT,0.0,0.0,True,0.75,False,0.75
2026-08-19T03:26:30.162861+00:00,SMC,SELL,0.75,False,PER_STRATEGY_MAX_OPEN_HIT,0.0,0.0,True,0.75,False,0.75
2026-08-19T03:27:30.626869+00:00,SMC,SELL,0.75,False,PER_STRATEGY_MAX_OPEN_HIT,0.0,0.0,True,0.75,False,0.75
2026-08-19T03:28:31.216694+00:00,SMC,SELL,0.75,False,PER_STRATEGY_MAX_OPEN_HIT,0.0,0.0,True,0.75,False,0.75
2026-08-19T03:29:31.685506+00:00,SMC,SELL,0.75,False,PER_STRATEGY_MAX_OPEN_HIT,0.0,0.0,True,0.75,False,0.75
2026-08-19T03:31:32.795316+00:00,SMC,SELL,0.75,False,PER_STRATEGY_MAX_OPEN_HIT,0.0,0.0,True,0.75,False,0.75
2026-08-19T03:32:33.258349+00:00,SMC,SELL,0.75,False,PER_STRATEGY_MAX_OPEN_HIT,0.0,0.0,True,0.75,False,0.75
2026-08-19T03:33:33.705540+00:00,SMC,SELL,0.75,False,PER_STRATEGY_MAX_OPEN_HIT,0.0,0.0,True,0.75,False,0.75
2026-08-19T03:34:34.342699+00:00,SMC,SELL,0.75,False,PER_STRATEGY_MAX_OPEN_HIT,0.0,0.0,True,0.75,False,0.75
2026-08-19T03:35:34.923067+00:00,SMC,SELL,0.75,False,PER_STRATEGY_MAX_OPEN_HIT,0.0,0.0,True,0.75,False,0.75
2026-08-19T03:36:35.365540+00:00,SMC,SELL,0.75,False,PER_STRATEGY_MAX_OPEN_HIT,0.0,0.0,True,0.75,False,0.75
2026-08-19T03:37:35.797403+00:00,SMC,SELL,0.75,False,PER_STRATEGY_MAX_OPEN_HIT,0.0,0.0,True,0.75,False,0.75
2026-08-19T03:38:36.382405+00:00,SMC,SELL,0.75,False,PER_STRATEGY_MAX_OPEN_HIT,0.0,0.0,True,0.75,False,0.75
2026-08-19T03:39:36.828057+00:00,SMC,SELL,0.75,False,PER_STRATEGY_MAX_OPEN_HIT,0.0,0.0,True,0.75,False,0.75
2026-08-19T03:40:37.314198+00:00,SMC,SELL,0.75,False,PER_STRATEGY_MAX_OPEN_HIT,0.0,0.0,True,0.75,False,0.75
2026-08-19T03:41:37.750446+00:00,SMC,SELL,0.75,False,PER_STRATEGY_MAX_OPEN_HIT,0.0,0.0,True,0.75,False,0.75
2026-08-19T03:42:38.345568+00:00,SMC,SELL,0.75,False,PER_STRATEGY_MAX_OPEN_HIT,0.0,0.0,True,0.75,False,0.75
2026-08-19T03:43:38.788493+00:00,SMC,SELL,0.75,False,PER_STRATEGY_MAX_OPEN_HIT,0.0,0.0,True,0.75,False,0.75
2026-08-19T03:44:39.335861+00:00,SMC,SELL,0.75,False,PER_STRATEGY_MAX_OPEN_HIT,0.0,0.0,True,0.75,False,0.75
2026-08-19T03:45:39.821941+00:00,SMC,SELL,0.75,False,PER_STRATEGY_MAX_OPEN_HIT,0.0,0.0,True,0.75,False,0.75
2026-08-19T03:46:40.245755+00:00,SMC,SELL,0.75,False,PER_STRATEGY_MAX_OPEN_HIT,0.0,0.0,True,0.75,False,0.75
2026-08-19T03:47:40.675716+00:00,SMC,SELL,0.75,False,PER_STRATEGY_MAX_OPEN_HIT,0.0,0.0,True,0.75,False,0.75
2026-08-19T03:48:41.232478+00:00,SMC,SELL,0.75,False,PER_STRATEGY_MAX_OPEN_HIT,0.0,0.0,True,0.75,False,0.75
2026-08-19T03:49:41.653648+00:00,SMC,SELL,0.75,False,PER_STRATEGY_MAX_OPEN_HIT,0.0,0.0,True,0.75,False,0.75
2026-08-19T03:50:42.296517+00:00,SMC,SELL,0.75,False,PER_STRATEGY_MAX_OPEN_HIT,0.0,0.0,True,0.75,False,0.75
2026-08-19T03:51:42.723582+00:00,SMC,SELL,0.75,False,PER_STRATEGY_MAX_OPEN_HIT,0.0,0.0,True,0.75,False,0.75
2026-08-19T03:52:43.298091+00:00,SMC,SELL,0.75,False,PER_STRATEGY_MAX_OPEN_HIT,0.0,0.0,True,0.75,False,0.75
2026-08-19T03:53:43.989155+00:00,SMC,SELL,0.75,False,PER_STRATEGY_MAX_OPEN_HIT,0.0,0.0,True,0.75,False,0.75
2026-08-19T03:54:45.247817+00:00,SMC,SELL,0.75,False,PER_STRATEGY_MAX_OPEN_HIT,0.0,0.0,True,0.75,False,0.75
2026-08-19T03:55:45.730508+00:00,SMC,SELL,0.75,False,PER_STRATEGY_MAX_OPEN_HIT,0.0,0.0,True,0.75,False,0.75
2026-08-19T03:56:46.170895+00:00,SMC,SELL,0.75,False,PER_STRATEGY_MAX_OPEN_HIT,0.0,0.0,True,0.75,False,0.75
2026-08-19T03:57:46.774174+00:00,SMC,SELL,0.75,False,PER_STRATEGY_MAX_OPEN_HIT,0.0,0.0,True,0.75,False,0.75
2026-08-19T03:58:47.253495+00:00,SMC,SELL,0.75,False,PER_STRATEGY_MAX_OPEN_HIT,0.0,0.0,True,0.75,False,0.75
2026-08-19T03:59:47.692800+00:00,SMC,SELL,0.75,False,PER_STRATEGY_MAX_OPEN_HIT,0.0,0.0,True,0.75,False,0.75
2026-08-19T04:00:48.169060+00:00,SMC,SELL,0.75,False,PER_STRATEGY_MAX_OPEN_HIT,0.0,0.0,True,0.75,False,0.75
2026-08-19T04:01:48.755870+00:00,SMC,SELL,0.75,False,PER_STRATEGY_MAX_OPEN_HIT,0.0,0.0,True,0.75,False,0.75
2026-08-19T04:02:49.200943+00:00,SMC,SELL,0.75,False,PER_STRATEGY_MAX_OPEN_HIT,0.0,0.0,True,0.75,False,0.75
2026-08-19T04:03:49.631459+00:00,SMC,SELL,0.75,False,PER_STRATEGY_MAX_OPEN_HIT,0.0,0.0,True,0.75,False,0.75
2026-08-19T04:04:50.200592+00:00,SMC,SELL,0.75,False,PER_STRATEGY_MAX_OPEN_HIT,0.0,0.0,True,0.75,False,0.75
2026-08-19T04:05:50.701833+00:00,SMC,SELL,0.75,False,PER_STRATEGY_MAX_OPEN_HIT,0.0,0.0,True,0.75,False,0.75
2026-08-19T04:06:51.118060+00:00,SMC,SELL,0.75,False,PER_STRATEGY_MAX_OPEN_HIT,0.0,0.0,True,0.75,False,0.75
2026-08-19T04:07:51.741436+00:00,SMC,SELL,0.75,False,PER_STRATEGY_MAX_OPEN_HIT,0.0,0.0,True,0.75,False,0.75
2026-08-19T04:08:52.174993+00:00,SMC,SELL,0.75,False,PER_STRATEGY_MAX_OPEN_HIT,0.0,0.0,True,0.75,False,0.75
2026-08-19T04:09:52.716602+00:00,SMC,SELL,0.75,False,PER_STRATEGY_MAX_OPEN_HIT,0.0,0.0,True,0.75,False,0.75
2026-08-19T04:10:53.176903+00:00,SMC,SELL,0.75,False,PER_STRATEGY_MAX_OPEN_HIT,0.0,0.0,True,0.75,False,0.75
2026-08-19T04:11:53.694109+00:00,SMC,SELL,0.75,False,PER_STRATEGY_MAX_OPEN_HIT,0.0,0.0,True,0.75,False,0.75
2026-08-19T04:12:54.122130+00:00,SMC,SELL,0.75,False,PER_STRATEGY_MAX_OPEN_HIT,0.0,0.0,True,0.75,False,0.75
2026-08-19T04:13:54.579353+00:00,SMC,SELL,0.75,False,PER_STRATEGY_MAX_OPEN_HIT,0.0,0.0,True,0.75,False,0.75
2026-08-19T04:14:55.008439+00:00,SMC,SELL,0.75,False,PER_STRATEGY_MAX_OPEN_HIT,0.0,0.0,True,0.75,False,0.75
2026-08-19T04:15:55.659448+00:00,SMC,SELL,0.75,False,PER_STRATEGY_MAX_OPEN_HIT,0.0,0.0,True,0.75,False,0.75
2026-08-19T04:16:56.239636+00:00,SMC,SELL,0.75,False,PER_STRATEGY_MAX_OPEN_HIT,0.0,0.0,True,0.75,False,0.75
2026-08-19T04:17:56.663284+00:00,SMC,SELL,0.75,False,PER_STRATEGY_MAX_OPEN_HIT,0.0,0.0,True,0.75,False,0.75
2026-08-19T04:18:57.107565+00:00,SMC,SELL,0.75,False,PER_STRATEGY_MAX_OPEN_HIT,0.0,0.0,True,0.75,False,0.75
2026-08-19T04:19:57.680268+00:00,SMC,SELL,0.75,False,PER_STRATEGY_MAX_OPEN_HIT,0.0,0.0,True,0.75,False,0.75
2026-08-19T04:20:58.188490+00:00,SMC,SELL,0.75,False,PER_STRATEGY_MAX_OPEN_HIT,0.0,0.0,True,0.75,False,0.75
2026-08-19T04:21:58.600857+00:00,SMC,SELL,0.75,False,PER_STRATEGY_MAX_OPEN_HIT,0.0,0.0,True,0.75,False,0.75
2026-08-19T04:22:59.180785+00:00,SMC,SELL,0.75,False,PER_STRATEGY_MAX_OPEN_HIT,0.0,0.0,True,0.75,False,0.75
2026-08-19T04:23:59.629669+00:00,SMC,SELL,0.75,False,PER_STRATEGY_MAX_OPEN_HIT,0.0,0.0,True,0.75,False,0.75
2026-08-19T04:25:00.153979+00:00,SMC,SELL,0.75,False,PER_STRATEGY_MAX_OPEN_HIT,0.0,0.0,True,0.75,False,0.75
2026-08-19T04:26:00.724828+00:00,SMC,SELL,0.75,False,PER_STRATEGY_MAX_OPEN_HIT,0.0,0.0,True,0.75,False,0.75
2026-08-19T04:27:01.192696+00:00,SMC,SELL,0.75,False,PER_STRATEGY_MAX_OPEN_HIT,0.0,0.0,True,0.75,False,0.75
2026-08-19T04:28:01.800554+00:00,SMC,SELL,0.75,False,PER_STRATEGY_MAX_OPEN_HIT,0.0,0.0,True,0.75,False,0.75
2026-08-19T04:29:02.274554+00:00,SMC,SELL,0.75,False,PER_STRATEGY_MAX_OPEN_HIT,0.0,0.0,True,0.75,False,0.75
2026-08-19T04:30:02.693880+00:00,SMC,SELL,0.75,False,PER_STRATEGY_MAX_OPEN_HIT,0.0,0.0,True,0.75,False,0.75
2026-08-19T04:31:03.149632+00:00,SMC,SELL,0.75,False,PER_STRATEGY_MAX_OPEN_HIT,0.0,0.0,True,0.75,False,0.75
2026-08-19T04:32:03.548340+00:00,SMC,SELL,0.75,False,PER_STRATEGY_MAX_OPEN_HIT,0.0,0.0,True,0.75,False,0.75
2026-08-19T04:33:03.968457+00:00,SMC,SELL,0.75,False,PER_STRATEGY_MAX_OPEN_HIT,0.0,0.0,True,0.75,False,0.75
2026-08-19T04:34:04.387410+00:00,SMC,SELL,0.75,False,PER_STRATEGY_MAX_OPEN_HIT,0.0,0.0,True,0.75,False,0.75
2026-08-19T04:35:04.827298+00:00,SMC,SELL,0.75,False,PER_STRATEGY_MAX_OPEN_HIT,0.0,0.0,True,0.75,False,0.75
2026-08-19T04:36:05.316917+00:00,SMC,SELL,0.75,False,PER_STRATEGY_MAX_OPEN_HIT,0.0,0.0,True,0.75,False,0.75
2026-08-19T04:37:05.693581+00:00,SMC,SELL,0.75,False,PER_STRATEGY_MAX_OPEN_HIT,0.0,0.0,True,0.75,False,0.75
2026-08-19T04:38:06.098061+00:00,SMC,SELL,0.75,False,PER_STRATEGY_MAX_OPEN_HIT,0.0,0.0,True,0.75,False,0.75
2026-08-19T04:39:06.524228+00:00,SMC,SELL,0.75,False,PER_STRATEGY_MAX_OPEN_HIT,0.0,0.0,True,0.75,False,0.75
2026-08-19T04:40:06.926769+00:00,SMC,SELL,0.75,False,PER_STRATEGY_MAX_OPEN_HIT,0.0,0.0,True,0.75,False,0.75
2026-08-19T04:41:07.386864+00:00,SMC,SELL,0.75,False,PER_STRATEGY_MAX_OPEN_HIT,0.0,0.0,True,0.75,False,0.75
2026-08-19T04:42:07.783745+00:00,SMC,SELL,0.75,False,PER_STRATEGY_MAX_OPEN_HIT,0.0,0.0,True,0.75,False,0.75
2026-08-19T04:43:08.224551+00:00,SMC,SELL,0.75,False,PER_STRATEGY_MAX_OPEN_HIT,0.0,0.0,True,0.75,False,0.75
2026-08-19T04:44:08.640518+00:00,SMC,SELL,0.75,False,PER_STRATEGY_MAX_OPEN_HIT,0.0,0.0,True,0.75,False,0.75
2026-08-19T04:45:09.044009+00:00,SMC,SELL,0.75,False,PER_STRATEGY_MAX_OPEN_HIT,0.0,0.0,True,0.75,False,0.75
2026-08-19T04:46:09.500523+00:00,SMC,SELL,0.75,False,PER_STRATEGY_MAX_OPEN_HIT,0.0,0.0,True,0.75,False,0.75
2026-08-19T04:47:09.891018+00:00,SMC,SELL,0.75,False,PER_STRATEGY_MAX_OPEN_HIT,0.0,0.0,True,0.75,False,0.75
2026-08-19T04:48:10.300236+00:00,SMC,SELL,0.75,False,PER_STRATEGY_MAX_OPEN_HIT,0.0,0.0,True,0.75,False,0.75
2026-08-19T04:49:10.719575+00:00,SMC,SELL,0.75,False,PER_STRATEGY_MAX_OPEN_HIT,0.0,0.0,True,0.75,False,0.75
2026-08-19T04:51:11.685170+00:00,SMC,SELL,0.75,False,PER_STRATEGY_MAX_OPEN_HIT,0.0,0.0,True,0.75,False,0.75
2026-08-19T04:52:12.051171+00:00,SMC,SELL,0.75,False,PER_STRATEGY_MAX_OPEN_HIT,0.0,0.0,True,0.75,False,0.75
2026-08-19T04:53:12.475491+00:00,SMC,SELL,0.75,False,PER_STRATEGY_MAX_OPEN_HIT,0.0,0.0,True,0.75,False,0.75
2026-08-19T04:54:12.902369+00:00,SMC,SELL,0.75,False,PER_STRATEGY_MAX_OPEN_HIT,0.0,0.0,True,0.75,False,0.75
2026-08-19T04:55:13.315461+00:00,SMC,SELL,0.75,False,PER_STRATEGY_MAX_OPEN_HIT,0.0,0.0,True,0.75,False,0.75
2026-08-19T04:56:13.779955+00:00,SMC,SELL,0.75,False,PER_STRATEGY_MAX_OPEN_HIT,0.0,0.0,True,0.75,False,0.75
2026-08-19T04:57:14.197446+00:00,SMC,SELL,0.75,False,PER_STRATEGY_MAX_OPEN_HIT,0.0,0.0,True,0.75,False,0.75
2026-08-19T04:59:15.118981+00:00,SMC,SELL,0.75,False,PER_STRATEGY_MAX_OPEN_HIT,0.0,0.0,True,0.75,False,0.75
2026-08-19T05:00:15.554245+00:00,SMC,SELL,0.75,False,PER_STRATEGY_MAX_OPEN_HIT,0.0,0.0,True,0.75,False,0.75
2026-08-19T05:01:16.017139+00:00,SMC,SELL,0.75,False,PER_STRATEGY_MAX_OPEN_HIT,0.0,0.0,True,0.75,False,0.75
2026-08-19T05:02:16.417044+00:00,SMC,SELL,0.75,False,PER_STRATEGY_MAX_OPEN_HIT,0.0,0.0,True,0.75,False,0.75
2026-08-19T05:03:16.835753+00:00,SMC,SELL,0.75,False,PER_STRATEGY_MAX_OPEN_HIT,0.0,0.0,True,0.75,False,0.75
2026-08-19T05:04:17.250680+00:00,SMC,SELL,0.75,False,PER_STRATEGY_MAX_OPEN_HIT,0.0,0.0,True,0.75,False,0.75
2026-08-19T05:05:17.654125+00:00,SMC,SELL,0.75,False,PER_STRATEGY_MAX_OPEN_HIT,0.0,0.0,True,0.75,False,0.75
2026-08-19T05:06:18.090963+00:00,SMC,SELL,0.75,False,PER_STRATEGY_MAX_OPEN_HIT,0.0,0.0,True,0.75,False,0.75
2026-08-19T05:07:18.482634+00:00,SMC,SELL,0.75,False,PER_STRATEGY_MAX_OPEN_HIT,0.0,0.0,True,0.75,False,0.75
2026-08-19T05:08:18.936690+00:00,SMC,SELL,0.75,False,PER_STRATEGY_MAX_OPEN_HIT,0.0,0.0,True,0.75,False,0.75
2026-08-19T05:09:19.352044+00:00,SMC,SELL,0.75,False,PER_STRATEGY_MAX_OPEN_HIT,0.0,0.0,True,0.75,False,0.75
2026-08-19T05:10:19.772997+00:00,SMC,SELL,0.75,False,PER_STRATEGY_MAX_OPEN_HIT,0.0,0.0,True,0.75,False,0.75
2026-08-19T05:11:20.302274+00:00,SMC,SELL,0.75,False,PER_STRATEGY_MAX_OPEN_HIT,0.0,0.0,True,0.75,False,0.75
2026-08-19T05:12:21.001264+00:00,SMC,SELL,0.75,False,PER_STRATEGY_MAX_OPEN_HIT,0.0,0.0,True,0.75,False,0.75
2026-08-19T05:13:21.407666+00:00,SMC,SELL,0.75,False,PER_STRATEGY_MAX_OPEN_HIT,0.0,0.0,True,0.75,False,0.75
2026-08-19T05:14:21.971300+00:00,SMC,SELL,0.75,False,PER_STRATEGY_MAX_OPEN_HIT,0.0,0.0,True,0.75,False,0.75
2026-08-19T05:15:22.396500+00:00,SMC,SELL,0.75,False,PER_STRATEGY_MAX_OPEN_HIT,0.0,0.0,True,0.75,False,0.75
2026-08-19T05:16:22.834458+00:00,SMC,SELL,0.75,False,PER_STRATEGY_MAX_OPEN_HIT,0.0,0.0,True,0.75,False,0.75
2026-08-19T05:17:23.238576+00:00,SMC,SELL,0.75,False,PER_STRATEGY_MAX_OPEN_HIT,0.0,0.0,True,0.75,False,0.75
2026-08-19T05:18:23.643962+00:00,SMC,SELL,0.75,False,PER_STRATEGY_MAX_OPEN_HIT,0.0,0.0,True,0.75,False,0.75
2026-08-19T05:19:24.073968+00:00,SMC,SELL,0.75,False,PER_STRATEGY_MAX_OPEN_HIT,0.0,0.0,True,0.75,False,0.75
2026-08-19T05:20:24.479234+00:00,SMC,SELL,0.75,False,PER_STRATEGY_MAX_OPEN_HIT,0.0,0.0,True,0.75,False,0.75
2026-08-19T05:21:24.994458+00:00,SMC,SELL,0.75,False,PER_STRATEGY_MAX_OPEN_HIT,0.0,0.0,True,0.75,False,0.75
2026-08-19T05:22:25.381422+00:00,SMC,SELL,0.75,False,PER_STRATEGY_MAX_OPEN_HIT,0.0,0.0,True,0.75,False,0.75
2026-08-19T05:23:25.819165+00:00,SMC,SELL,0.75,False,PER_STRATEGY_MAX_OPEN_HIT,0.0,0.0,True,0.75,False,0.75
2026-08-19T05:24:26.227918+00:00,SMC,SELL,0.75,False,PER_STRATEGY_MAX_OPEN_HIT,0.0,0.0,True,0.75,False,0.75
2026-08-19T05:25:26.651696+00:00,SMC,SELL,0.75,False,PER_STRATEGY_MAX_OPEN_HIT,0.0,0.0,True,0.75,False,0.75
2026-08-19T05:26:27.108334+00:00,SMC,SELL,0.75,False,PER_STRATEGY_MAX_OPEN_HIT,0.0,0.0,True,0.75,False,0.75
2026-08-19T05:27:27.498344+00:00,SMC,SELL,0.75,False,PER_STRATEGY_MAX_OPEN_HIT,0.0,0.0,True,0.75,False,0.75
2026-08-19T05:28:27.913342+00:00,SMC,SELL,0.75,False,PER_STRATEGY_MAX_OPEN_HIT,0.0,0.0,True,0.75,False,0.75
2026-08-19T05:30:28.348519+00:00,SMC,SELL,0.75,False,PER_STRATEGY_MAX_OPEN_HIT,0.0,0.0,True,0.75,False,0.75
2026-08-19T05:31:28.792776+00:00,SMC,SELL,0.75,False,PER_STRATEGY_MAX_OPEN_HIT,0.0,0.0,True,0.75,False,0.75
2026-08-19T05:32:29.178777+00:00,SMC,SELL,0.75,False,PER_STRATEGY_MAX_OPEN_HIT,0.0,0.0,True,0.75,False,0.75
2026-08-19T05:33:29.600213+00:00,SMC,SELL,0.75,False,PER_STRATEGY_MAX_OPEN_HIT,0.0,0.0,True,0.75,False,0.75
2026-08-19T05:34:30.023023+00:00,SMC,SELL,0.75,False,PER_STRATEGY_MAX_OPEN_HIT,0.0,0.0,True,0.75,False,0.75
2026-08-19T05:35:30.435658+00:00,SMC,SELL,0.75,False,PER_STRATEGY_MAX_OPEN_HIT,0.0,0.0,True,0.75,False,0.75
2026-08-19T05:36:30.915375+00:00,SMC,SELL,0.75,False,PER_STRATEGY_MAX_OPEN_HIT,0.0,0.0,True,0.75,False,0.75
2026-08-19T05:37:31.319409+00:00,SMC,SELL,0.75,False,PER_STRATEGY_MAX_OPEN_HIT,0.0,0.0,True,0.75,False,0.75
2026-08-19T05:38:31.751217+00:00,SMC,SELL,0.75,False,PER_STRATEGY_MAX_OPEN_HIT,0.0,0.0,True,0.75,False,0.75
2026-08-19T05:39:32.172808+00:00,SMC,SELL,0.75,False,PER_STRATEGY_MAX_OPEN_HIT,0.0,0.0,True,0.75,False,0.75
2026-08-19T05:40:32.579860+00:00,SMC,SELL,0.75,False,PER_STRATEGY_MAX_OPEN_HIT,0.0,0.0,True,0.75,False,0.75
2026-08-19T05:41:33.024384+00:00,SMC,SELL,0.75,False,PER_STRATEGY_MAX_OPEN_HIT,0.0,0.0,True,0.75,False,0.75
2026-08-19T05:42:33.403846+00:00,SMC,SELL,0.75,False,PER_STRATEGY_MAX_OPEN_HIT,0.0,0.0,True,0.75,False,0.75
2026-08-19T05:43:33.875614+00:00,SMC,SELL,0.75,False,PER_STRATEGY_MAX_OPEN_HIT,0.0,0.0,True,0.75,False,0.75
2026-08-19T05:44:34.293199+00:00,SMC,SELL,0.75,False,PER_STRATEGY_MAX_OPEN_HIT,0.0,0.0,True,0.75,False,0.75
2026-08-19T05:45:34.713236+00:00,SMC,SELL,0.75,False,PER_STRATEGY_MAX_OPEN_HIT,0.0,0.0,True,0.75,False,0.75
2026-08-19T05:46:35.164167+00:00,SMC,SELL,0.75,False,PER_STRATEGY_MAX_OPEN_HIT,0.0,0.0,True,0.75,False,0.75
2026-08-19T05:47:35.554193+00:00,SMC,SELL,0.75,False,PER_STRATEGY_MAX_OPEN_HIT,0.0,0.0,True,0.75,False,0.75
2026-08-19T05:48:35.961664+00:00,SMC,SELL,0.75,False,PER_STRATEGY_MAX_OPEN_HIT,0.0,0.0,True,0.75,False,0.75
2026-08-19T05:49:36.390061+00:00,SMC,SELL,0.75,False,PER_STRATEGY_MAX_OPEN_HIT,0.0,0.0,True,0.75,False,0.75
2026-08-19T05:50:36.823814+00:00,SMC,SELL,0.75,False,PER_STRATEGY_MAX_OPEN_HIT,0.0,0.0,True,0.75,False,0.75
2026-08-19T05:51:37.275704+00:00,SMC,SELL,0.75,False,PER_STRATEGY_MAX_OPEN_HIT,0.0,0.0,True,0.75,False,0.75
2026-08-19T05:52:37.677095+00:00,SMC,SELL,0.75,False,PER_STRATEGY_MAX_OPEN_HIT,0.0,0.0,True,0.75,False,0.75
2026-08-19T05:53:38.090466+00:00,SMC,SELL,0.75,False,PER_STRATEGY_MAX_OPEN_HIT,0.0,0.0,True,0.75,False,0.75
2026-08-19T05:54:38.585263+00:00,SMC,SELL,0.75,False,PER_STRATEGY_MAX_OPEN_HIT,0.0,0.0,True,0.75,False,0.75
2026-08-19T05:55:39.004156+00:00,SMC,SELL,0.75,False,PER_STRATEGY_MAX_OPEN_HIT,0.0,0.0,True,0.75,False,0.75
2026-08-19T05:56:39.478047+00:00,SMC,SELL,0.75,False,PER_STRATEGY_MAX_OPEN_HIT,0.0,0.0,True,0.75,False,0.75
2026-08-19T05:57:39.877561+00:00,SMC,SELL,0.75,False,PER_STRATEGY_MAX_OPEN_HIT,0.0,0.0,True,0.75,False,0.75
2026-08-19T05:58:40.495711+00:00,SMC,SELL,0.75,False,PER_STRATEGY_MAX_OPEN_HIT,0.0,0.0,True,0.75,False,0.75
2026-08-19T05:59:40.920421+00:00,SMC,SELL,0.75,False,PER_STRATEGY_MAX_OPEN_HIT,0.0,0.0,True,0.75,False,0.75
2026-08-19T06:00:41.531398+00:00,SMC,SELL,0.75,False,PER_STRATEGY_MAX_OPEN_HIT,0.0,0.0,True,0.75,False,0.75
2026-08-19T06:01:41.969609+00:00,SMC,SELL,0.75,False,PER_STRATEGY_MAX_OPEN_HIT,0.0,0.0,True,0.75,False,0.75
2026-08-19T06:02:42.359416+00:00,SMC,SELL,0.75,False,PER_STRATEGY_MAX_OPEN_HIT,0.0,0.0,True,0.75,False,0.75
2026-08-19T06:03:42.775435+00:00,SMC,SELL,0.75,False,PER_STRATEGY_MAX_OPEN_HIT,0.0,0.0,True,0.75,False,0.75
2026-08-19T06:04:43.194916+00:00,SMC,SELL,0.75,False,PER_STRATEGY_MAX_OPEN_HIT,0.0,0.0,True,0.75,False,0.75
2026-08-19T06:05:43.624231+00:00,SMC,SELL,0.75,False,PER_STRATEGY_MAX_OPEN_HIT,0.0,0.0,True,0.75,False,0.75
2026-08-19T06:06:44.078956+00:00,SMC,SELL,0.75,False,PER_STRATEGY_MAX_OPEN_HIT,0.0,0.0,True,0.75,False,0.75
2026-08-19T06:07:44.485442+00:00,SMC,SELL,0.75,False,PER_STRATEGY_MAX_OPEN_HIT,0.0,0.0,True,0.75,False,0.75
2026-08-19T06:08:44.889381+00:00,SMC,SELL,0.75,False,PER_STRATEGY_MAX_OPEN_HIT,0.0,0.0,True,0.75,False,0.75
2026-08-19T06:09:45.315152+00:00,SMC,SELL,0.75,False,PER_STRATEGY_MAX_OPEN_HIT,0.0,0.0,True,0.75,False,0.75
2026-08-19T06:10:45.823437+00:00,SMC,SELL,0.75,False,PER_STRATEGY_MAX_OPEN_HIT,0.0,0.0,True,0.75,False,0.75
2026-08-19T06:11:46.473562+00:00,SMC,SELL,0.75,False,PER_STRATEGY_MAX_OPEN_HIT,0.0,0.0,True,0.75,False,0.75
2026-08-19T06:12:46.931020+00:00,SMC,SELL,0.75,False,PER_STRATEGY_MAX_OPEN_HIT,0.0,0.0,True,0.75,False,0.75
2026-08-19T06:13:47.353304+00:00,SMC,SELL,0.75,False,PER_STRATEGY_MAX_OPEN_HIT,0.0,0.0,True,0.75,False,0.75
2026-08-19T06:14:47.790080+00:00,SMC,SELL,0.75,False,PER_STRATEGY_MAX_OPEN_HIT,0.0,0.0,True,0.75,False,0.75
2026-08-19T06:15:48.429125+00:00,SMC,SELL,0.75,False,PER_STRATEGY_MAX_OPEN_HIT,0.0,0.0,True,0.75,False,0.75
2026-08-19T06:16:48.874454+00:00,SMC,SELL,0.75,False,PER_STRATEGY_MAX_OPEN_HIT,0.0,0.0,True,0.75,False,0.75
2026-08-19T06:17:49.302202+00:00,SMC,SELL,0.75,False,PER_STRATEGY_MAX_OPEN_HIT,0.0,0.0,True,0.75,False,0.75
2026-08-19T06:18:49.820414+00:00,SMC,SELL,0.75,False,PER_STRATEGY_MAX_OPEN_HIT,0.0,0.0,True,0.75,False,0.75
2026-08-19T06:19:50.438973+00:00,SMC,SELL,0.75,False,PER_STRATEGY_MAX_OPEN_HIT,0.0,0.0,True,0.75,False,0.75
2026-08-19T06:22:50.934533+00:00,SMC,SELL,0.75,False,PER_STRATEGY_MAX_OPEN_HIT,0.0,0.0,True,0.75,False,0.75
2026-08-19T06:25:51.368795+00:00,SMC,SELL,0.75,False,PER_STRATEGY_MAX_OPEN_HIT,0.0,0.0,True,0.75,False,0.75
2026-08-19T06:26:51.797349+00:00,SMC,SELL,0.75,False,PER_STRATEGY_MAX_OPEN_HIT,0.0,0.0,True,0.75,False,0.75
2026-08-19T06:27:52.253540+00:00,SMC,SELL,0.75,False,PER_STRATEGY_MAX_OPEN_HIT,0.0,0.0,True,0.75,False,0.75
2026-08-19T06:28:52.637452+00:00,SMC,SELL,0.75,False,PER_STRATEGY_MAX_OPEN_HIT,0.0,0.0,True,0.75,False,0.75
2026-08-19T06:29:53.059505+00:00,SMC,SELL,0.75,False,PER_STRATEGY_MAX_OPEN_HIT,0.0,0.0,True,0.75,False,0.75
2026-08-19T06:30:53.483357+00:00,SMC,SELL,0.75,False,PER_STRATEGY_MAX_OPEN_HIT,0.0,0.0,True,0.75,False,0.75
2026-08-19T06:31:53.884140+00:00,SMC,SELL,0.75,False,PER_STRATEGY_MAX_OPEN_HIT,0.0,0.0,True,0.75,False,0.75
2026-08-19T06:32:54.336710+00:00,SMC,SELL,0.75,False,PER_STRATEGY_MAX_OPEN_HIT,0.0,0.0,True,0.75,False,0.75
2026-08-19T06:33:54.750421+00:00,SMC,SELL,0.75,False,PER_STRATEGY_MAX_OPEN_HIT,0.0,0.0,True,0.75,False,0.75
2026-08-19T06:34:55.211342+00:00,SMC,SELL,0.75,False,PER_STRATEGY_MAX_OPEN_HIT,0.0,0.0,True,0.75,False,0.75
2026-08-19T06:35:55.611082+00:00,SMC,SELL,0.75,False,PER_STRATEGY_MAX_OPEN_HIT,0.0,0.0,True,0.75,False,0.75
2026-08-19T06:37:56.109621+00:00,SMC,SELL,0.75,False,PER_STRATEGY_MAX_OPEN_HIT,0.0,0.0,True,0.75,False,0.75
2026-08-19T06:39:56.525784+00:00,SMC,SELL,0.75,False,PER_STRATEGY_MAX_OPEN_HIT,0.0,0.0,True,0.75,False,0.75
2026-08-19T06:44:57.088280+00:00,SMC,SELL,0.75,False,PER_STRATEGY_MAX_OPEN_HIT,0.0,0.0,True,0.75,False,0.75
2026-08-19T06:45:57.458086+00:00,SMC,SELL,0.75,False,PER_STRATEGY_MAX_OPEN_HIT,0.0,0.0,True,0.75,False,0.75
2026-08-19T06:49:57.986035+00:00,SMC,SELL,0.75,False,PER_STRATEGY_MAX_OPEN_HIT,0.0,0.0,True,0.75,False,0.75
2026-08-19T06:50:58.378871+00:00,SMC,SELL,0.75,False,PER_STRATEGY_MAX_OPEN_HIT,0.0,0.0,True,0.75,False,0.75
2026-08-19T06:51:58.806862+00:00,SMC,SELL,0.75,False,PER_STRATEGY_MAX_OPEN_HIT,0.0,0.0,True,0.75,False,0.75
2026-08-19T06:52:59.237983+00:00,SMC,SELL,0.75,False,PER_STRATEGY_MAX_OPEN_HIT,0.0,0.0,True,0.75,False,0.75
2026-08-19T06:53:59.658162+00:00,SMC,SELL,0.75,False,PER_STRATEGY_MAX_OPEN_HIT,0.0,0.0,True,0.75,False,0.75
2026-08-19T06:55:00.179277+00:00,SMC,SELL,0.75,False,PER_STRATEGY_MAX_OPEN_HIT,0.0,0.0,True,0.75,False,0.75
2026-08-19T06:57:01.077074+00:00,SMC,SELL,0.75,False,PER_STRATEGY_MAX_OPEN_HIT,0.0,0.0,True,0.75,False,0.75
2026-08-19T07:05:05.094450+00:00,SMC,SELL,0.75,False,PER_STRATEGY_MAX_OPEN_HIT,0.0,0.0,True,0.75,False,0.75
2026-08-19T07:16:11.031255+00:00,SMC,SELL,0.75,False,PER_STRATEGY_MAX_OPEN_HIT,0.0,0.0,True,0.75,False,0.75
2026-08-19T07:55:31.115469+00:00,SMC,SELL,0.75,True,,0.5,0.05,True,0.75,True,0.25
2026-08-19T07:56:31.792071+00:00,SMC,SELL,0.75,False,PER_STRATEGY_MAX_OPEN_HIT,0.0,0.0,True,0.75,False,0.75
2026-08-19T07:57:32.210968+00:00,SMC,SELL,0.75,False,PER_STRATEGY_MAX_OPEN_HIT,0.0,0.0,True,0.75,False,0.75
2026-08-19T07:58:32.631055+00:00,SMC,SELL,0.75,False,PER_STRATEGY_MAX_OPEN_HIT,0.0,0.0,True,0.75,False,0.75
2026-08-19T07:59:33.057763+00:00,SMC,SELL,0.75,False,PER_STRATEGY_MAX_OPEN_HIT,0.0,0.0,True,0.75,False,0.75
2026-08-19T10:00:33.829480+00:00,SMC,SELL,0.75,False,PER_STRATEGY_MAX_OPEN_HIT,0.0,0.0,True,0.75,False,0.75
2026-08-19T10:01:34.229971+00:00,SMC,SELL,0.75,False,PER_STRATEGY_MAX_OPEN_HIT,0.0,0.0,True,0.75,False,0.75
2026-08-19T10:02:34.668364+00:00,SMC,SELL,0.75,False,PER_STRATEGY_MAX_OPEN_HIT,0.0,0.0,True,0.75,False,0.75
2026-08-19T10:03:35.125658+00:00,SMC,SELL,0.75,False,PER_STRATEGY_MAX_OPEN_HIT,0.0,0.0,True,0.75,False,0.75
2026-08-19T10:04:35.537230+00:00,SMC,SELL,0.75,False,PER_STRATEGY_MAX_OPEN_HIT,0.0,0.0,True,0.75,False,0.75
2026-08-19T10:05:35.972062+00:00,SMC,SELL,0.75,False,PER_STRATEGY_MAX_OPEN_HIT,0.0,0.0,True,0.75,False,0.75
2026-08-19T10:06:36.383287+00:00,SMC,SELL,0.75,False,PER_STRATEGY_MAX_OPEN_HIT,0.0,0.0,True,0.75,False,0.75
2026-08-19T10:07:36.938988+00:00,SMC,SELL,0.75,False,PER_STRATEGY_MAX_OPEN_HIT,0.0,0.0,True,0.75,False,0.75
2026-08-19T10:08:37.377676+00:00,SMC,SELL,0.75,False,PER_STRATEGY_MAX_OPEN_HIT,0.0,0.0,True,0.75,False,0.75
2026-08-19T10:09:37.815269+00:00,SMC,SELL,0.75,False,PER_STRATEGY_MAX_OPEN_HIT,0.0,0.0,True,0.75,False,0.75
2026-08-19T10:10:38.313082+00:00,SMC,SELL,0.75,False,PER_STRATEGY_MAX_OPEN_HIT,0.0,0.0,True,0.75,False,0.75
2026-08-19T10:11:38.707641+00:00,SMC,SELL,0.75,False,PER_STRATEGY_MAX_OPEN_HIT,0.0,0.0,True,0.75,False,0.75
2026-08-19T10:12:39.143847+00:00,SMC,SELL,0.75,False,PER_STRATEGY_MAX_OPEN_HIT,0.0,0.0,True,0.75,False,0.75
2026-08-19T10:13:39.558601+00:00,SMC,SELL,0.75,False,PER_STRATEGY_MAX_OPEN_HIT,0.0,0.0,True,0.75,False,0.75
2026-08-19T12:00:25.381105+00:00,SMC,SELL,0.75,False,PER_STRATEGY_MAX_OPEN_HIT,0.0,0.0,True,0.75,False,0.75
2026-08-19T12:01:25.894842+00:00,SMC,SELL,0.75,False,PER_STRATEGY_MAX_OPEN_HIT,0.0,0.0,True,0.75,False,0.75
2026-08-19T12:02:26.354391+00:00,SMC,SELL,0.75,False,PER_STRATEGY_MAX_OPEN_HIT,0.0,0.0,True,0.75,False,0.75
2026-08-19T12:03:26.727367+00:00,SMC,SELL,0.75,False,PER_STRATEGY_MAX_OPEN_HIT,0.0,0.0,True,0.75,False,0.75
2026-08-19T12:04:27.101525+00:00,SMC,SELL,0.75,False,PER_STRATEGY_MAX_OPEN_HIT,0.0,0.0,True,0.75,False,0.75
2026-08-19T12:05:27.559531+00:00,SMC,SELL,0.75,False,PER_STRATEGY_MAX_OPEN_HIT,0.0,0.0,True,0.75,False,0.75
2026-08-19T12:06:28.029967+00:00,SMC,SELL,0.75,False,PER_STRATEGY_MAX_OPEN_HIT,0.0,0.0,True,0.75,False,0.75
2026-08-19T12:07:28.430692+00:00,SMC,SELL,0.75,False,PER_STRATEGY_MAX_OPEN_HIT,0.0,0.0,True,0.75,False,0.75
2026-08-19T12:08:28.888341+00:00,SMC,SELL,0.75,False,PER_STRATEGY_MAX_OPEN_HIT,0.0,0.0,True,0.75,False,0.75
2026-08-19T12:09:29.348242+00:00,SMC,SELL,0.75,False,PER_STRATEGY_MAX_OPEN_HIT,0.0,0.0,True,0.75,False,0.75
2026-08-19T12:10:29.781615+00:00,SMC,SELL,0.75,False,PER_STRATEGY_MAX_OPEN_HIT,0.0,0.0,True,0.75,False,0.75
2026-08-19T12:11:30.308911+00:00,SMC,SELL,0.75,False,PER_STRATEGY_MAX_OPEN_HIT,0.0,0.0,True,0.75,False,0.75
2026-08-19T12:12:30.827654+00:00,SMC,SELL,0.75,False,PER_STRATEGY_MAX_OPEN_HIT,0.0,0.0,True,0.75,False,0.75
2026-08-19T12:13:31.264935+00:00,SMC,SELL,0.75,False,PER_STRATEGY_MAX_OPEN_HIT,0.0,0.0,True,0.75,False,0.75
2026-08-19T12:14:31.711743+00:00,SMC,SELL,0.75,False,PER_STRATEGY_MAX_OPEN_HIT,0.0,0.0,True,0.75,False,0.75
2026-08-19T12:15:32.138755+00:00,SMC,SELL,0.75,False,PER_STRATEGY_MAX_OPEN_HIT,0.0,0.0,True,0.75,False,0.75
2026-08-19T12:18:32.689293+00:00,SMC,SELL,0.75,False,PER_STRATEGY_MAX_OPEN_HIT,0.0,0.0,True,0.75,False,0.75
2026-08-19T12:19:33.136526+00:00,SMC,SELL,0.75,False,PER_STRATEGY_MAX_OPEN_HIT,0.0,0.0,True,0.75,False,0.75
2026-08-19T12:20:33.636709+00:00,SMC,SELL,0.75,False,PER_STRATEGY_MAX_OPEN_HIT,0.0,0.0,True,0.75,False,0.75
2026-08-19T12:21:34.055528+00:00,SMC,SELL,0.75,False,PER_STRATEGY_MAX_OPEN_HIT,0.0,0.0,True,0.75,False,0.75
2026-08-19T12:22:34.468954+00:00,SMC,SELL,0.75,False,PER_STRATEGY_MAX_OPEN_HIT,0.0,0.0,True,0.75,False,0.75
2026-08-19T12:23:34.924709+00:00,SMC,SELL,0.75,False,PER_STRATEGY_MAX_OPEN_HIT,0.0,0.0,True,0.75,False,0.75
2026-08-19T12:24:35.310309+00:00,SMC,SELL,0.75,False,PER_STRATEGY_MAX_OPEN_HIT,0.0,0.0,True,0.75,False,0.75
2026-08-21T00:25:19.857231+00:00,SMC,BUY,0.75,True,,0.5,0.05,True,0.75,True,0.25
2026-08-21T00:55:52.062707+00:00,SMC,BUY,0.75,True,,0.5,0.05,True,0.75,True,0.25
2026-08-21T00:56:52.624877+00:00,SMC,BUY,0.75,True,,0.5,0.05,True,0.75,True,0.25
2026-08-21T01:10:03.614757+00:00,SMC,BUY,0.75,True,,0.5,0.05,True,0.75,True,0.25
2026-08-21T01:11:07.002079+00:00,SMC,BUY,0.75,True,,0.5,0.05,True,0.75,True,0.25
2026-08-21T01:24:17.372974+00:00,SMC,BUY,0.75,True,,0.5,0.05,True,0.75,True,0.25
2026-08-21T01:28:20.303298+00:00,SMC,BUY,0.75,True,,0.5,0.05,True,0.75,True,0.25
2026-08-21T01:29:20.874537+00:00,SMC,BUY,0.75,True,,0.5,0.05,True,0.75,True,0.25
2026-08-21T01:30:21.398608+00:00,SMC,BUY,0.75,True,,0.5,0.05,True,0.75,True,0.25
2026-08-21T01:31:22.135216+00:00,SMC,BUY,0.75,True,,0.5,0.05,True,0.75,True,0.25
2026-08-21T01:32:22.728784+00:00,SMC,BUY,0.75,True,,0.5,0.05,True,0.75,True,0.25
2026-08-21T01:33:23.239023+00:00,SMC,BUY,0.75,True,,0.5,0.05,True,0.75,True,0.25
2026-08-21T01:34:23.718739+00:00,SMC,BUY,0.75,True,,0.5,0.05,True,0.75,True,0.25
2026-08-21T01:35:24.447736+00:00,SMC,BUY,0.75,True,,0.5,0.05,True,0.75,True,0.25
2026-08-21T01:36:25.000593+00:00,SMC,BUY,0.75,True,,0.5,0.05,True,0.75,True,0.25
2026-08-21T01:37:25.503105+00:00,SMC,BUY,0.75,True,,0.5,0.05,True,0.75,True,0.25
2026-08-21T01:38:26.044696+00:00,SMC,BUY,0.75,True,,0.5,0.05,True,0.75,True,0.25
2026-08-21T01:39:26.602021+00:00,SMC,BUY,0.75,True,,0.5,0.05,True,0.75,True,0.25
2026-08-21T01:40:27.142549+00:00,SMC,BUY,0.75,True,,0.5,0.05,True,0.75,True,0.25
