ticket,strategy,symbol,type,volume,profit,open_price,close_price,open_time,close_time,comment
56731073214,SCALP,XAUUSD,BUY,0.01,-7.28,4204.25,4204.25,2026-06-12 19:21:15,2026-06-12 19:21:15,[sl 4204.25]
56731448632,SCALP,XAUUSD,BUY,0.01,-7.37,4210.18,4210.18,2026-06-12 19:38:56,2026-06-12 19:38:56,[sl 4210.18]
56731611828,SCALP,XAUUSD,BUY,0.01,21.16,4185.21,4185.21,2026-06-12 19:43:13,2026-06-12 19:43:13,[tp 4185.21]
56732105567,SCALP,XAUUSD,BUY,0.01,-10.42,4197.0,4197.0,2026-06-12 20:01:42,2026-06-12 20:01:42,[sl 4197.00]
56732105578,SCALP,XAUUSD,BUY,0.01,-10.4,4197.0,4197.0,2026-06-12 20:01:42,2026-06-12 20:01:42,[sl 4197.00]
56733312901,SCALP,XAUUSD,BUY,0.01,1.42,4189.82,4189.82,2026-06-12 20:52:45,2026-06-12 20:52:45,[sl 4189.82]
56733939694,SCALP,XAUUSD,BUY,0.01,-12.37,4215.46,4215.46,2026-06-12 21:15:32,2026-06-12 21:15:32,[sl 4215.46]
8781010731,SMC,XAUUSD,BUY,0.1,-4.8,4292.81,4292.81,2026-06-18T03:05:34+00:00,2026-06-18T03:05:34+00:00,[sl 4292.81],4001,4001
8781020670,SMC,XAUUSD,BUY,0.1,12.3,4291.76,4291.76,2026-06-18T03:06:03+00:00,2026-06-18T03:06:03+00:00,[tp 4291.76],4001,4001
8781026571,SMC,XAUUSD,BUY,0.1,-4.3,4293.28,4293.28,2026-06-18T03:06:24+00:00,2026-06-18T03:06:24+00:00,[sl 4293.28],4001,4001
8781041261,SMC,XAUUSD,BUY,0.1,-5.1,4297.37,4297.37,2026-06-18T03:06:50+00:00,2026-06-18T03:06:50+00:00,[sl 4297.37],4001,4001
8781051791,SMC,XAUUSD,BUY,0.1,10.2,4293.28,4293.28,2026-06-18T03:07:17+00:00,2026-06-18T03:07:17+00:00,[tp 4293.28],4001,4001
8781059495,SMC,XAUUSD,BUY,0.1,-4.9,4295.74,4295.74,2026-06-18T03:07:50+00:00,2026-06-18T03:07:50+00:00,[sl 4295.74],4001,4001
8781063598,SMC,XAUUSD,BUY,0.1,10.1,4293.96,4293.96,2026-06-18T03:08:09+00:00,2026-06-18T03:08:09+00:00,[tp 4293.96],4001,4001
8781069663,SMC,XAUUSD,BUY,0.1,-5.0,4295.55,4295.55,2026-06-18T03:08:39+00:00,2026-06-18T03:08:39+00:00,[sl 4295.55],4001,4001
8781077565,SMC,XAUUSD,BUY,0.1,-5.4,4294.4,4294.4,2026-06-18T03:09:16+00:00,2026-06-18T03:09:16+00:00,[sl 4294.40],4001,4001
8781079689,SMC,XAUUSD,BUY,0.1,-5.4,4294.35,4294.35,2026-06-18T03:09:26+00:00,2026-06-18T03:09:26+00:00,[sl 4294.35],4001,4001
8781084547,SMC,XAUUSD,BUY,0.1,-5.0,4293.72,4293.72,2026-06-18T03:09:55+00:00,2026-06-18T03:09:55+00:00,[sl 4293.72],4001,4001
8781088434,SMC,XAUUSD,BUY,0.1,-4.9,4293.96,4293.96,2026-06-18T03:10:15+00:00,2026-06-18T03:10:15+00:00,[sl 4293.96],4001,4001
8781094719,SMC,XAUUSD,BUY,0.1,-5.5,4293.58,4293.58,2026-06-18T03:10:53+00:00,2026-06-18T03:10:53+00:00,[sl 4293.58],4001,4001
8781097653,SMC,XAUUSD,BUY,0.1,-4.9,4294.4,4294.4,2026-06-18T03:11:08+00:00,2026-06-18T03:11:08+00:00,[sl 4294.40],4001,4001
8781103933,SMC,XAUUSD,BUY,0.1,-5.0,4295.42,4295.42,2026-06-18T03:11:37+00:00,2026-06-18T03:11:37+00:00,[sl 4295.42],4001,4001
8781110804,SMC,XAUUSD,BUY,0.1,10.1,4294.7,4294.7,2026-06-18T03:12:17+00:00,2026-06-18T03:12:17+00:00,[tp 4294.70],4001,4001
8781112136,SMC,XAUUSD,BUY,0.1,-5.1,4295.17,4295.17,2026-06-18T03:12:24+00:00,2026-06-18T03:12:24+00:00,[sl 4295.17],4001,4001
8781121835,SMC,XAUUSD,BUY,0.1,10.0,4295.93,4295.93,2026-06-18T03:13:00+00:00,2026-06-18T03:13:00+00:00,[tp 4295.93],4001,4001
8781125223,SMC,XAUUSD,BUY,0.1,-5.0,4296.31,4296.31,2026-06-18T03:13:16+00:00,2026-06-18T03:13:16+00:00,[sl 4296.31],4001,4001
8781132183,SMC,XAUUSD,BUY,0.1,-5.8,4298.29,4298.29,2026-06-18T03:13:43+00:00,2026-06-18T03:13:43+00:00,[sl 4298.29],4001,4001
8781142930,SMC,XAUUSD,BUY,0.1,10.0,4297.24,4297.24,2026-06-18T03:14:23+00:00,2026-06-18T03:14:23+00:00,[tp 4297.24],4001,4001
8781146595,SMC,XAUUSD,BUY,0.1,-5.0,4296.76,4296.76,2026-06-18T03:14:38+00:00,2026-06-18T03:14:38+00:00,[sl 4296.76],4001,4001
8781150184,SMC,XAUUSD,BUY,0.1,-5.0,4297.77,4297.77,2026-06-18T03:15:00+00:00,2026-06-18T03:15:00+00:00,[sl 4297.77],4001,4001
8781156152,SMC,XAUUSD,BUY,0.1,-4.7,4298.62,4298.62,2026-06-18T03:15:25+00:00,2026-06-18T03:15:25+00:00,[sl 4298.62],4001,4001
8781162430,SMC,XAUUSD,BUY,0.1,11.3,4297.67,4297.67,2026-06-18T03:15:55+00:00,2026-06-18T03:15:55+00:00,[tp 4297.67],4001,4001
8781167621,SMC,XAUUSD,BUY,0.1,-5.0,4298.59,4298.59,2026-06-18T03:16:21+00:00,2026-06-18T03:16:21+00:00,[sl 4298.59],4001,4001
8781176744,SMC,XAUUSD,BUY,0.1,9.7,4298.31,4298.31,2026-06-18T03:16:54+00:00,2026-06-18T03:16:54+00:00,[tp 4298.31],4001,4001
8781181292,SMC,XAUUSD,BUY,0.1,-5.0,4297.78,4297.78,2026-06-18T03:17:15+00:00,2026-06-18T03:17:15+00:00,[sl 4297.78],4001,4001
8781187341,SMC,XAUUSD,BUY,0.1,-4.8,4299.12,4299.12,2026-06-18T03:18:00+00:00,2026-06-18T03:18:00+00:00,[sl 4299.12],4001,4001
8781188322,SMC,XAUUSD,BUY,0.1,-1.7,4299.54,4299.54,2026-06-18T03:18:07+00:00,2026-06-18T03:18:07+00:00,[sl 4299.54],4001,4001
8781334163,SMC,XAUUSD,BUY,0.15,-7.35,4304.54,4304.54,2026-06-18T03:30:46+00:00,2026-06-18T03:30:46+00:00,[sl 4304.54],4001,4001
8781397297,SMC,XAUUSD,BUY,0.15,-7.5,4306.93,4306.93,2026-06-18T03:35:26+00:00,2026-06-18T03:35:26+00:00,[sl 4306.93],4001,4001
8781407662,SMC,XAUUSD,BUY,0.15,-7.5,4305.53,4305.53,2026-06-18T03:36:15+00:00,2026-06-18T03:36:15+00:00,[sl 4305.53],4001,4001
8781412521,SMC,XAUUSD,BUY,0.15,-7.5,4306.93,4306.93,2026-06-18T03:36:42+00:00,2026-06-18T03:36:42+00:00,[sl 4306.93],4001,4001
8781420001,SMC,XAUUSD,BUY,0.15,-7.5,4307.24,4307.24,2026-06-18T03:37:26+00:00,2026-06-18T03:37:26+00:00,[sl 4307.24],4001,4001
8781425244,SMC,XAUUSD,BUY,0.15,-7.8,4305.85,4305.85,2026-06-18T03:38:00+00:00,2026-06-18T03:38:00+00:00,[sl 4305.85],4001,4001
8781430090,SMC,XAUUSD,BUY,0.15,-7.5,4304.37,4304.37,2026-06-18T03:38:25+00:00,2026-06-18T03:38:25+00:00,[sl 4304.37],4001,4001
8781444612,SMC,XAUUSD,BUY,0.15,-7.5,4304.29,4304.29,2026-06-18T03:39:50+00:00,2026-06-18T03:39:50+00:00,[sl 4304.29],4001,4001
8781448272,SMC,XAUUSD,BUY,0.15,-7.5,4305.84,4305.84,2026-06-18T03:40:10+00:00,2026-06-18T03:40:10+00:00,[sl 4305.84],4001,4001
8781458237,SMC,XAUUSD,BUY,0.15,15.0,4306.08,4306.08,2026-06-18T03:41:05+00:00,2026-06-18T03:41:05+00:00,[tp 4306.08],4001,4001
8781464630,SMC,XAUUSD,BUY,0.15,-7.5,4305.55,4305.55,2026-06-18T03:41:54+00:00,2026-06-18T03:41:54+00:00,[sl 4305.55],4001,4001
8781467883,SMC,XAUUSD,BUY,0.15,-6.3,4305.47,4305.47,2026-06-18T03:42:18+00:00,2026-06-18T03:42:18+00:00,[sl 4305.47],4001,4001
8781474115,SMC,XAUUSD,BUY,0.15,15.0,4306.14,4306.14,2026-06-18T03:42:56+00:00,2026-06-18T03:42:56+00:00,[tp 4306.14],4001,4001
8781476316,SMC,XAUUSD,BUY,0.15,-7.5,4305.51,4305.51,2026-06-18T03:43:11+00:00,2026-06-18T03:43:11+00:00,[sl 4305.51],4001,4001
8781483066,SMC,XAUUSD,BUY,0.15,-7.8,4307.8,4307.8,2026-06-18T03:44:02+00:00,2026-06-18T03:44:02+00:00,[sl 4307.80],4001,4001
8781490306,SMC,XAUUSD,BUY,0.15,-8.25,4309.86,4309.86,2026-06-18T03:44:41+00:00,2026-06-18T03:44:41+00:00,[sl 4309.86],4001,4001
8781503625,SMC,XAUUSD,BUY,0.15,15.0,4309.35,4309.35,2026-06-18T03:45:38+00:00,2026-06-18T03:45:38+00:00,[tp 4309.35],4001,4001
8781504691,SMC,XAUUSD,BUY,0.15,-6.9,4311.09,4311.09,2026-06-18T03:45:44+00:00,2026-06-18T03:45:44+00:00,[sl 4311.09],4001,4001
8781510778,SMC,XAUUSD,BUY,0.15,15.0,4309.74,4309.74,2026-06-18T03:46:19+00:00,2026-06-18T03:46:19+00:00,[tp 4309.74],4001,4001
8781516074,SMC,XAUUSD,BUY,0.15,-7.35,4310.15,4310.15,2026-06-18T03:47:03+00:00,2026-06-18T03:47:03+00:00,[sl 4310.15],4001,4001
8781519434,SMC,XAUUSD,BUY,0.15,-7.35,4311.3,4311.3,2026-06-18T03:47:28+00:00,2026-06-18T03:47:28+00:00,[sl 4311.30],4001,4001
8782018303,SMC,XAUUSD,BUY,0.1,-3.0,4319.2,4319.2,2026-06-18T04:24:41+00:00,2026-06-18T04:24:41+00:00,[sl 4319.20],4001,4001
8782021664,SMC,XAUUSD,BUY,0.1,-3.0,4320.11,4320.11,2026-06-18T04:25:02+00:00,2026-06-18T04:25:02+00:00,[sl 4320.11],4001,4001
8782025109,SMC,XAUUSD,BUY,0.1,6.0,4320.57,4320.57,2026-06-18T04:25:15+00:00,2026-06-18T04:25:15+00:00,[tp 4320.57],4001,4001
8782027044,SMC,XAUUSD,BUY,0.1,-3.0,4321.23,4321.23,2026-06-18T04:25:23+00:00,2026-06-18T04:25:23+00:00,[sl 4321.23],4001,4001
8782030851,SMC,XAUUSD,BUY,0.1,6.0,4320.26,4320.26,2026-06-18T04:25:43+00:00,2026-06-18T04:25:43+00:00,[tp 4320.26],4001,4001
8782032846,SMC,XAUUSD,BUY,0.1,-3.0,4319.6,4319.6,2026-06-18T04:25:54+00:00,2026-06-18T04:25:54+00:00,[sl 4319.60],4001,4001
8782035125,SMC,XAUUSD,BUY,0.1,-2.9,4320.54,4320.54,2026-06-18T04:26:08+00:00,2026-06-18T04:26:08+00:00,[sl 4320.54],4001,4001
8782037703,SMC,XAUUSD,BUY,0.1,-2.7,4320.23,4320.23,2026-06-18T04:26:24+00:00,2026-06-18T04:26:24+00:00,[sl 4320.23],4001,4001
8782040580,SMC,XAUUSD,BUY,0.1,-3.0,4320.34,4320.34,2026-06-18T04:26:49+00:00,2026-06-18T04:26:49+00:00,[sl 4320.34],4001,4001
8782042120,SMC,XAUUSD,BUY,0.1,-3.2,4319.26,4319.26,2026-06-18T04:27:00+00:00,2026-06-18T04:27:00+00:00,[sl 4319.26],4001,4001
8782046910,SMC,XAUUSD,BUY,0.1,-3.0,4319.62,4319.62,2026-06-18T04:27:27+00:00,2026-06-18T04:27:27+00:00,[sl 4319.62],4001,4001
8782046911,SMC,XAUUSD,BUY,0.1,-3.1,4319.59,4319.59,2026-06-18T04:27:27+00:00,2026-06-18T04:27:27+00:00,[sl 4319.59],4001,4001
8782052042,SMC,XAUUSD,BUY,0.1,6.0,4318.96,4318.96,2026-06-18T04:28:02+00:00,2026-06-18T04:28:02+00:00,[tp 4318.96],4001,4001
8782053202,SMC,XAUUSD,BUY,0.1,-3.0,4318.98,4318.98,2026-06-18T04:28:09+00:00,2026-06-18T04:28:09+00:00,[sl 4318.98],4001,4001
8782056461,SMC,XAUUSD,BUY,0.1,-2.9,4320.24,4320.24,2026-06-18T04:28:32+00:00,2026-06-18T04:28:32+00:00,[sl 4320.24],4001,4001
8782059367,SMC,XAUUSD,BUY,0.1,-3.0,4319.6,4319.6,2026-06-18T04:28:57+00:00,2026-06-18T04:28:57+00:00,[sl 4319.60],4001,4001
8782060694,SMC,XAUUSD,BUY,0.1,-2.0,4318.93,4318.93,2026-06-18T04:29:11+00:00,2026-06-18T04:29:11+00:00,[sl 4318.93],4001,4001
8782063035,SMC,XAUUSD,BUY,0.1,-3.5,4318.83,4318.83,2026-06-18T04:29:34+00:00,2026-06-18T04:29:34+00:00,[sl 4318.83],4001,4001
8782065142,SMC,XAUUSD,BUY,0.1,-3.0,4319.18,4319.18,2026-06-18T04:29:53+00:00,2026-06-18T04:29:53+00:00,[sl 4319.18],4001,4001
8782067946,SMC,XAUUSD,BUY,0.1,-3.0,4319.97,4319.97,2026-06-18T04:30:10+00:00,2026-06-18T04:30:10+00:00,[sl 4319.97],4001,4001
8782068627,SMC,XAUUSD,BUY,0.1,6.0,4319.25,4319.25,2026-06-18T04:30:14+00:00,2026-06-18T04:30:14+00:00,[tp 4319.25],4001,4001
8782071713,SMC,XAUUSD,BUY,0.1,6.0,4319.65,4319.65,2026-06-18T04:30:31+00:00,2026-06-18T04:30:31+00:00,[tp 4319.65],4001,4001
8782073880,SMC,XAUUSD,BUY,0.1,-3.0,4319.75,4319.75,2026-06-18T04:30:44+00:00,2026-06-18T04:30:44+00:00,[sl 4319.75],4001,4001
8782077003,SMC,XAUUSD,BUY,0.1,-2.9,4320.41,4320.41,2026-06-18T04:31:04+00:00,2026-06-18T04:31:04+00:00,[sl 4320.41],4001,4001
8782078590,SMC,XAUUSD,BUY,0.1,-3.0,4320.77,4320.77,2026-06-18T04:31:15+00:00,2026-06-18T04:31:15+00:00,[sl 4320.77],4001,4001
8782081618,SMC,XAUUSD,BUY,0.1,6.0,4319.69,4319.69,2026-06-18T04:31:31+00:00,2026-06-18T04:31:31+00:00,[tp 4319.69],4001,4001
8782083573,SMC,XAUUSD,BUY,0.1,-3.7,4320.63,4320.63,2026-06-18T04:31:48+00:00,2026-06-18T04:31:48+00:00,[sl 4320.63],4001,4001
8782086203,SMC,XAUUSD,BUY,0.1,-2.8,4320.44,4320.44,2026-06-18T04:32:07+00:00,2026-06-18T04:32:07+00:00,[sl 4320.44],4001,4001
8782090551,SMC,XAUUSD,BUY,0.1,-2.9,4318.5,4318.5,2026-06-18T04:32:30+00:00,2026-06-18T04:32:30+00:00,[sl 4318.50],4001,4001
8782092221,SMC,XAUUSD,BUY,0.1,6.0,4317.84,4317.84,2026-06-18T04:32:42+00:00,2026-06-18T04:32:42+00:00,[tp 4317.84],4001,4001
8782388610,SMC,XAUUSD,BUY,0.2,-6.0,4318.65,4318.65,2026-06-18T05:00:35+00:00,2026-06-18T05:00:35+00:00,[sl 4318.65],4001,4001
8782395240,SMC,XAUUSD,BUY,0.2,-5.6,4318.78,4318.78,2026-06-18T05:01:14+00:00,2026-06-18T05:01:14+00:00,[sl 4318.78],4001,4001
8782398845,SMC,XAUUSD,BUY,0.2,-7.4,4319.42,4319.42,2026-06-18T05:01:31+00:00,2026-06-18T05:01:31+00:00,[sl 4319.42],4001,4001
8782400279,SMC,XAUUSD,BUY,0.2,-6.0,4319.91,4319.91,2026-06-18T05:01:40+00:00,2026-06-18T05:01:40+00:00,[sl 4319.91],4001,4001
8783134710,SMC,XAUUSD,BUY,0.01,-0.28,4316.13,4316.13,2026-06-18T06:06:42+00:00,2026-06-18T06:06:42+00:00,[sl 4316.13],4001,4001
56807478605,SMC,XAUUSD,BUY,0.2,16.6,4265.54,4265.54,2026-06-18T12:00:10+00:00,2026-06-18T12:00:10+00:00,[tp 4265.54],4001,4001
56807513632,SMC,XAUUSD,BUY,0.2,-15.4,4262.96,4262.96,2026-06-18T12:00:45+00:00,2026-06-18T12:00:45+00:00,[sl 4262.96],4001,4001
56807520518,SMC,XAUUSD,BUY,0.2,-11.2,4262.9,4262.9,2026-06-18T12:00:58+00:00,2026-06-18T12:00:58+00:00,[sl 4262.90],4001,4001
56807530996,SMC,XAUUSD,BUY,0.2,-8.8,4263.7,4263.7,2026-06-18T12:01:25+00:00,2026-06-18T12:01:25+00:00,[sl 4263.70],4001,4001
56807539764,SMC,XAUUSD,BUY,0.2,-10.0,4264.12,4264.12,2026-06-18T12:01:48+00:00,2026-06-18T12:01:48+00:00,[sl 4264.12],4001,4001
56807556490,SMC,XAUUSD,BUY,0.2,-8.6,4267.48,4267.48,2026-06-18T12:02:22+00:00,2026-06-18T12:02:22+00:00,[sl 4267.48],4001,4001
56807572344,SMC,XAUUSD,BUY,0.2,26.4,4266.55,4266.55,2026-06-18T12:03:01+00:00,2026-06-18T12:03:01+00:00,[tp 4266.55],4001,4001
56807573858,SMC,XAUUSD,BUY,0.2,-11.6,4265.49,4265.49,2026-06-18T12:03:05+00:00,2026-06-18T12:03:05+00:00,[sl 4265.49],4001,4001
56812811650,SMC,XAUUSD,SELL,0.15,-30.0,4256.51,4256.51,2026-06-18T16:20:31+00:00,2026-06-18T16:20:31+00:00,[sl 4256.51],4001,4001
56812844165,SMC,XAUUSD,SELL,0.15,-30.0,4252.95,4252.95,2026-06-18T16:21:26+00:00,2026-06-18T16:21:26+00:00,[sl 4252.95],4001,4001
56812914791,SMC,XAUUSD,SELL,0.15,60.0,4258.52,4258.52,2026-06-18T16:24:38+00:00,2026-06-18T16:24:38+00:00,[tp 4258.52],4001,4001
56813019892,SMC,XAUUSD,SELL,0.15,60.0,4262.63,4262.63,2026-06-18T16:29:08+00:00,2026-06-18T16:29:08+00:00,[tp 4262.63],4001,4001
56813413815,SMC,XAUUSD,BUY,0.12,51.36,4268.1,4268.1,2026-06-18T16:40:40+00:00,2026-06-18T16:40:40+00:00,[tp 4268.10],4001,4001
56813434973,SMC,XAUUSD,BUY,0.12,-26.16,4269.27,4269.27,2026-06-18T16:41:21+00:00,2026-06-18T16:41:21+00:00,[sl 4269.27],4001,4001
56813481226,SMC,XAUUSD,BUY,0.12,42.12,4265.45,4265.45,2026-06-18T16:43:22+00:00,2026-06-18T16:43:22+00:00,[tp 4265.45],4001,4001
56813552985,SMC,XAUUSD,BUY,0.12,47.4,4260.89,4260.89,2026-06-18T16:45:48+00:00,2026-06-18T16:45:48+00:00,[tp 4260.89],4001,4001
56813613396,SMC,XAUUSD,BUY,0.13,54.21,4256.93,4256.93,2026-06-18T16:47:30+00:00,2026-06-18T16:47:30+00:00,[tp 4256.93],4001,4001
56813681390,SMC,XAUUSD,BUY,0.14,-28.98,4257.94,4257.94,2026-06-18T16:49:48+00:00,2026-06-18T16:49:48+00:00,[sl 4257.94],4001,4001
56813723053,SMC,XAUUSD,BUY,0.13,-28.21,4262.42,4262.42,2026-06-18T16:51:09+00:00,2026-06-18T16:51:09+00:00,[sl 4262.42],4001,4001
56813751916,SMC,XAUUSD,BUY,0.13,53.69,4257.62,4257.62,2026-06-18T16:52:26+00:00,2026-06-18T16:52:26+00:00,[tp 4257.62],4001,4001
56813761641,SMC,XAUUSD,BUY,0.14,-26.04,4259.42,4259.42,2026-06-18T16:52:46+00:00,2026-06-18T16:52:46+00:00,[sl 4259.42],4001,4001
56813769809,SMC,XAUUSD,BUY,0.13,-28.08,4261.89,4261.89,2026-06-18T16:53:08+00:00,2026-06-18T16:53:08+00:00,[sl 4261.89],4001,4001
56813827015,SMC,XAUUSD,BUY,0.13,52.78,4256.65,4256.65,2026-06-18T16:55:38+00:00,2026-06-18T16:55:38+00:00,[tp 4256.65],4001,4001
56813938111,SMC,XAUUSD,BUY,0.13,-25.35,4256.08,4256.08,2026-06-18T16:59:56+00:00,2026-06-18T16:59:56+00:00,[sl 4256.08],4001,4001
56813957793,SMC,XAUUSD,BUY,0.13,54.86,4252.77,4252.77,2026-06-18T17:00:32+00:00,2026-06-18T17:00:32+00:00,[tp 4252.77],4001,4001
56814007319,SMC,XAUUSD,BUY,0.14,59.22,4246.35,4246.35,2026-06-18T17:01:45+00:00,2026-06-18T17:01:45+00:00,[tp 4246.35],4001,4001
56814107066,SMC,XAUUSD,BUY,0.14,56.42,4241.86,4241.86,2026-06-18T17:04:19+00:00,2026-06-18T17:04:19+00:00,[tp 4241.86],4001,4001
56814196125,SMC,XAUUSD,BUY,0.15,58.2,4243.49,4243.49,2026-06-18T17:07:03+00:00,2026-06-18T17:07:03+00:00,[tp 4243.49],4001,4001
56814231792,SMC,XAUUSD,BUY,0.15,53.7,4242.59,4242.59,2026-06-18T17:08:39+00:00,2026-06-18T17:08:39+00:00,[tp 4242.59],4001,4001
56814604959,SMC,XAUUSD,BUY,0.15,-30.0,4251.42,4251.42,2026-06-18T17:22:38+00:00,2026-06-18T17:22:38+00:00,[sl 4251.42],4001,4001
56814653199,SMC,XAUUSD,SELL,0.15,58.65,4254.17,4254.17,2026-06-18T17:24:02+00:00,2026-06-18T17:24:02+00:00,[tp 4254.17],4001,4001
56814682942,SMC,XAUUSD,SELL,0.15,-29.25,4253.02,4253.02,2026-06-18T17:24:57+00:00,2026-06-18T17:24:57+00:00,[sl 4253.02],4001,4001
56814962208,SMC,XAUUSD,BUY,0.15,-30.45,4251.27,4251.27,2026-06-18T17:36:48+00:00,2026-06-18T17:36:48+00:00,[sl 4251.27],4001,4001
56814991903,SMC,XAUUSD,SELL,0.15,-31.5,4248.95,4248.95,2026-06-18T17:38:15+00:00,2026-06-18T17:38:15+00:00,[sl 4248.95],4001,4001
56815001564,SMC,XAUUSD,BUY,0.15,-25.05,4250.95,4250.95,2026-06-18T17:38:44+00:00,2026-06-18T17:38:44+00:00,[sl 4250.95],4001,4001
56815014886,SMC,XAUUSD,SELL,0.15,-30.15,4248.47,4248.47,2026-06-18T17:39:27+00:00,2026-06-18T17:39:27+00:00,[sl 4248.47],4001,4001
56815019565,SMC,XAUUSD,BUY,0.15,-30.6,4250.51,4250.51,2026-06-18T17:39:43+00:00,2026-06-18T17:39:43+00:00,[sl 4250.51],4001,4001
56815031050,SMC,XAUUSD,SELL,0.15,-30.0,4249.61,4249.61,2026-06-18T17:40:17+00:00,2026-06-18T17:40:17+00:00,[sl 4249.61],4001,4001
56815040995,SMC,XAUUSD,SELL,0.15,-30.0,4248.24,4248.24,2026-06-18T17:40:52+00:00,2026-06-18T17:40:52+00:00,[sl 4248.24],4001,4001
56815048283,SMC,XAUUSD,BUY,0.14,55.86,4245.4,4245.4,2026-06-18T17:41:06+00:00,2026-06-18T17:41:06+00:00,[tp 4245.40],4001,4001
56815357672,SMC,XAUUSD,BUY,0.15,-29.85,4247.89,4247.89,2026-06-18T17:55:03+00:00,2026-06-18T17:55:03+00:00,[sl 4247.89],4001,4001
56815602689,SMC,XAUUSD,BUY,0.14,-28.0,4251.4,4251.4,2026-06-18T18:06:15+00:00,2026-06-18T18:06:15+00:00,[sl 4251.40],4001,4001
56815662670,SMC,XAUUSD,SELL,0.15,62.85,4254.25,4254.25,2026-06-18T18:09:35+00:00,2026-06-18T18:09:35+00:00,[tp 4254.25],4001,4001
56815677530,SMC,XAUUSD,SELL,0.15,-30.15,4252.05,4252.05,2026-06-18T18:10:16+00:00,2026-06-18T18:10:16+00:00,[sl 4252.05],4001,4001
56815721126,SMC,XAUUSD,SELL,0.15,-30.45,4250.75,4250.75,2026-06-18T18:12:48+00:00,2026-06-18T18:12:48+00:00,[sl 4250.75],4001,4001
56815736192,SMC,XAUUSD,SELL,0.15,-29.85,4250.27,4250.27,2026-06-18T18:13:36+00:00,2026-06-18T18:13:36+00:00,[sl 4250.27],4001,4001
56815757803,SMC,XAUUSD,SELL,0.15,-30.15,4247.8,4247.8,2026-06-18T18:14:45+00:00,2026-06-18T18:14:45+00:00,[sl 4247.80],4001,4001
56815783806,SMC,XAUUSD,BUY,0.13,-25.87,4248.85,4248.85,2026-06-18T18:15:55+00:00,2026-06-18T18:15:55+00:00,[sl 4248.85],4001,4001
56815825129,SMC,XAUUSD,BUY,0.13,53.17,4244.47,4244.47,2026-06-18T18:17:50+00:00,2026-06-18T18:17:50+00:00,[tp 4244.47],4001,4001
56816061682,SMC,XAUUSD,BUY,0.14,-28.0,4241.97,4241.97,2026-06-18T18:27:54+00:00,2026-06-18T18:27:54+00:00,[sl 4241.97],4001,4001
56816108833,SMC,XAUUSD,BUY,0.13,52.0,4235.95,4235.95,2026-06-18T18:29:35+00:00,2026-06-18T18:29:35+00:00,[tp 4235.95],4001,4001
56816168420,SMC,XAUUSD,BUY,0.15,61.8,4231.86,4231.86,2026-06-18T18:30:39+00:00,2026-06-18T18:30:39+00:00,[tp 4231.86],4001,4001
56816179212,SMC,XAUUSD,BUY,0.15,-29.85,4234.31,4234.31,2026-06-18T18:31:02+00:00,2026-06-18T18:31:02+00:00,[sl 4234.31],4001,4001
56816250473,SMC,XAUUSD,BUY,0.15,60.3,4228.28,4228.28,2026-06-18T18:33:07+00:00,2026-06-18T18:33:07+00:00,[tp 4228.28],4001,4001
56816287666,SMC,XAUUSD,BUY,0.15,-32.7,4230.71,4230.71,2026-06-18T18:34:02+00:00,2026-06-18T18:34:02+00:00,[sl 4230.71],4001,4001
56816295031,SMC,XAUUSD,BUY,0.15,-27.45,4231.72,4231.72,2026-06-18T18:34:16+00:00,2026-06-18T18:34:16+00:00,[sl 4231.72],4001,4001
56816315566,SMC,XAUUSD,BUY,0.15,-31.35,4233.47,4233.47,2026-06-18T18:34:56+00:00,2026-06-18T18:34:56+00:00,[sl 4233.47],4001,4001
56816375098,SMC,XAUUSD,BUY,0.15,60.0,4229.09,4229.09,2026-06-18T18:37:09+00:00,2026-06-18T18:37:09+00:00,[tp 4229.09],4001,4001
56816414003,SMC,XAUUSD,BUY,0.15,59.85,4225.01,4225.01,2026-06-18T18:38:16+00:00,2026-06-18T18:38:16+00:00,[tp 4225.01],4001,4001
56816472316,SMC,XAUUSD,BUY,0.15,-29.1,4228.54,4228.54,2026-06-18T18:40:08+00:00,2026-06-18T18:40:08+00:00,[sl 4228.54],4001,4001
56816488641,SMC,XAUUSD,BUY,0.15,-27.6,4231.08,4231.08,2026-06-18T18:40:42+00:00,2026-06-18T18:40:42+00:00,[sl 4231.08],4001,4001
56816509362,SMC,XAUUSD,BUY,0.15,-30.0,4234.03,4234.03,2026-06-18T18:41:16+00:00,2026-06-18T18:41:16+00:00,[sl 4234.03],4001,4001
56816522763,SMC,XAUUSD,BUY,0.15,-22.2,4235.78,4235.78,2026-06-18T18:41:40+00:00,2026-06-18T18:41:40+00:00,[sl 4235.78],4001,4001
56816598453,SMC,XAUUSD,BUY,0.15,60.0,4230.37,4230.37,2026-06-18T18:45:23+00:00,2026-06-18T18:45:23+00:00,[tp 4230.37],4001,4001
56816700852,SMC,XAUUSD,BUY,0.15,60.6,4226.25,4226.25,2026-06-18T18:50:33+00:00,2026-06-18T18:50:33+00:00,[tp 4226.25],4001,4001
56816821517,SMC,XAUUSD,BUY,0.15,-25.35,4227.91,4227.91,2026-06-18T18:55:43+00:00,2026-06-18T18:55:43+00:00,[sl 4227.91],4001,4001
56816912121,SMC,XAUUSD,BUY,0.15,-25.35,4230.33,4230.33,2026-06-18T19:00:14+00:00,2026-06-18T19:00:14+00:00,[sl 4230.33],4001,4001
56816973007,SMC,XAUUSD,BUY,0.15,58.65,4227.16,4227.16,2026-06-18T19:03:00+00:00,2026-06-18T19:03:00+00:00,[tp 4227.16],4001,4001
56817032684,SMC,XAUUSD,BUY,0.15,-29.25,4228.76,4228.76,2026-06-18T19:06:08+00:00,2026-06-18T19:06:08+00:00,[sl 4228.76],4001,4001
56817067925,SMC,XAUUSD,BUY,0.15,-29.4,4230.68,4230.68,2026-06-18T19:08:07+00:00,2026-06-18T19:08:07+00:00,[sl 4230.68],4001,4001
56817195136,SMC,XAUUSD,BUY,0.15,63.0,4227.73,4227.73,2026-06-18T19:14:46+00:00,2026-06-18T19:14:46+00:00,[tp 4227.73],4001,4001
56817272253,SMC,XAUUSD,BUY,0.15,60.15,4224.57,4224.57,2026-06-18T19:18:56+00:00,2026-06-18T19:18:56+00:00,[tp 4224.57],4001,4001
56817310981,SMC,XAUUSD,BUY,0.15,-28.35,4224.77,4224.77,2026-06-18T19:20:18+00:00,2026-06-18T19:20:18+00:00,[sl 4224.77],4001,4001
56817430184,SMC,XAUUSD,BUY,0.01,-2.0,4224.82,4224.82,2026-06-18T19:26:44+00:00,2026-06-18T19:26:44+00:00,[sl 4224.82],4001,4001
56817502355,SMC,XAUUSD,BUY,0.15,-30.0,4228.27,4228.27,2026-06-18T19:30:35+00:00,2026-06-18T19:30:35+00:00,[sl 4228.27],4001,4001
56817545231,SMC,XAUUSD,BUY,0.15,60.9,4224.28,4224.28,2026-06-18T19:32:35+00:00,2026-06-18T19:32:35+00:00,[tp 4224.28],4001,4001
56817630969,SMC,XAUUSD,BUY,0.15,59.85,4218.89,4218.89,2026-06-18T19:36:08+00:00,2026-06-18T19:36:08+00:00,[tp 4218.89],4001,4001
56818172702,SMC,XAUUSD,BUY,0.15,-29.55,4221.1,4221.1,2026-06-18T20:01:13+00:00,2026-06-18T20:01:13+00:00,[sl 4221.10],4001,4001
56818194375,SMC,XAUUSD,BUY,0.01,-1.93,4223.12,4223.12,2026-06-18T20:02:10+00:00,2026-06-18T20:02:10+00:00,[sl 4223.12],4001,4001
56818256396,SMC,XAUUSD,BUY,0.01,-1.97,4224.8,4224.8,2026-06-18T20:05:28+00:00,2026-06-18T20:05:28+00:00,[sl 4224.80],4001,4001
56818381115,SMC,XAUUSD,BUY,0.15,-30.0,4228.34,4228.34,2026-06-18T20:12:41+00:00,2026-06-18T20:12:41+00:00,[sl 4228.34],4001,4001
56818425569,SMC,XAUUSD,BUY,0.15,-30.15,4229.75,4229.75,2026-06-18T20:15:22+00:00,2026-06-18T20:15:22+00:00,[sl 4229.75],4001,4001
56818458125,SMC,XAUUSD,BUY,0.15,-30.0,4230.02,4230.02,2026-06-18T20:17:16+00:00,2026-06-18T20:17:16+00:00,[sl 4230.02],4001,4001
56818652338,SMC,XAUUSD,BUY,0.15,58.65,4226.29,4226.29,2026-06-18T20:29:01+00:00,2026-06-18T20:29:01+00:00,[tp 4226.29],4001,4001
56818876053,SMC,XAUUSD,BUY,0.01,-2.08,4228.54,4228.54,2026-06-18T20:43:35+00:00,2026-06-18T20:43:35+00:00,[sl 4228.54],4001,4001
56818974204,SMC,XAUUSD,BUY,0.01,-2.0,4230.48,4230.48,2026-06-18T20:50:38+00:00,2026-06-18T20:50:38+00:00,[sl 4230.48],4001,4001
56819022992,SMC,XAUUSD,BUY,0.01,-2.0,4233.14,4233.14,2026-06-18T20:54:01+00:00,2026-06-18T20:54:01+00:00,[sl 4233.14],4001,4001
8876410537,MICRO,XAUUSD,BUY,0.07,-14.0,4097.41,4097.41,2026-06-24T02:06:45+00:00,2026-06-24T02:06:45+00:00,[sl 4097.41],5001,5001
8876429445,MICRO,XAUUSD,BUY,0.07,-14.0,4098.35,4098.35,2026-06-24T02:08:46+00:00,2026-06-24T02:08:46+00:00,[sl 4098.35],5001,5001
8876455696,SMC,XAUUSD,BUY,0.05,-10.0,4099.61,4099.61,2026-06-24T02:11:27+00:00,2026-06-24T02:11:27+00:00,[sl 4099.61],4001,4001
8876464615,SMC,XAUUSD,BUY,0.04,-8.0,4101.66,4101.66,2026-06-24T02:12:10+00:00,2026-06-24T02:12:10+00:00,[sl 4101.66],4001,4001
8876468128,MICRO,XAUUSD,SELL,0.07,-14.14,4099.06,4099.06,2026-06-24T02:12:28+00:00,2026-06-24T02:12:28+00:00,[sl 4099.06],5001,5001
8876616792,SMC,XAUUSD,BUY,0.03,15.0,4095.29,4095.29,2026-06-24T02:32:32+00:00,2026-06-24T02:32:32+00:00,[tp 4095.29],4001,4001
8876670221,MICRO,XAUUSD,BUY,0.05,24.75,4093.19,4093.19,2026-06-24T02:37:50+00:00,2026-06-24T02:37:50+00:00,[tp 4093.19],5001,5001
8876697237,SMC,XAUUSD,BUY,0.05,25.15,4090.03,4090.03,2026-06-24T02:38:15+00:00,2026-06-24T02:38:15+00:00,[tp 4090.03],4001,4001
8876764503,SMC,XAUUSD,BUY,0.12,59.88,4084.22,4084.22,2026-06-24T02:38:58+00:00,2026-06-24T02:38:58+00:00,[tp 4084.22],4001,4001
8876764505,MICRO,XAUUSD,BUY,0.06,30.0,4084.21,4084.21,2026-06-24T02:38:58+00:00,2026-06-24T02:38:58+00:00,[tp 4084.21],5001,5001
8876888988,SMC,XAUUSD,BUY,0.1,-25.9,4086.88,4086.88,2026-06-24T02:44:39+00:00,2026-06-24T02:44:39+00:00,[sl 4086.88],4001,4001
8876911056,SMC,XAUUSD,BUY,0.11,-26.4,4089.84,4089.84,2026-06-24T02:45:49+00:00,2026-06-24T02:45:49+00:00,[sl 4089.84],4001,4001
8876930306,MICRO,XAUUSD,SELL,0.06,30.0,4095.28,4095.28,2026-06-24T02:46:36+00:00,2026-06-24T02:46:36+00:00,[tp 4095.28],5001,5001
8877018466,MICRO,XAUUSD,SELL,0.06,29.1,4099.58,4099.58,2026-06-24T02:53:00+00:00,2026-06-24T02:53:00+00:00,[tp 4099.58],5001,5001
8877138126,SMC,XAUUSD,BUY,0.04,-10.04,4102.2,4102.2,2026-06-24T03:01:57+00:00,2026-06-24T03:01:57+00:00,[sl 4102.20],4001,4001
8879111714,MICRO,XAUUSD,BUY,0.08,-20.16,4089.84,4089.84,2026-06-24T04:48:15+00:00,2026-06-24T04:48:15+00:00,[sl 4089.84],5001,5001
8879111736,SMC,XAUUSD,BUY,0.09,-22.5,4089.88,4089.88,2026-06-24T04:48:15+00:00,2026-06-24T04:48:15+00:00,[sl 4089.88],4001,4001
8879190644,MICRO,XAUUSD,BUY,0.08,40.8,4082.78,4082.78,2026-06-24T04:52:08+00:00,2026-06-24T04:52:08+00:00,[tp 4082.78],5001,5001
8879291928,SMC,XAUUSD,BUY,0.06,-15.0,4089.25,4089.25,2026-06-24T04:58:19+00:00,2026-06-24T04:58:19+00:00,[sl 4089.25],4001,4001
8879343637,SMC,XAUUSD,BUY,0.06,-15.0,4092.53,4092.53,2026-06-24T05:00:57+00:00,2026-06-24T05:00:57+00:00,[sl 4092.53],4001,4001
8879384070,MICRO,XAUUSD,SELL,0.08,-18.8,4090.39,4090.39,2026-06-24T05:02:52+00:00,2026-06-24T05:02:52+00:00,[sl 4090.39],5001,5001
8879465374,SMC,XAUUSD,BUY,0.07,35.0,4082.89,4082.89,2026-06-24T05:07:12+00:00,2026-06-24T05:07:12+00:00,[tp 4082.89],4001,4001
8879486599,MICRO,XAUUSD,BUY,0.08,40.0,4080.43,4080.43,2026-06-24T05:08:07+00:00,2026-06-24T05:08:07+00:00,[tp 4080.43],5001,5001
8879559937,MICRO,XAUUSD,BUY,0.01,-2.46,4083.52,4083.52,2026-06-24T05:12:28+00:00,2026-06-24T05:12:28+00:00,[sl 4083.52],5001,5001
8879626678,SMC,XAUUSD,BUY,0.06,30.66,4077.87,4077.87,2026-06-24T05:16:19+00:00,2026-06-24T05:16:19+00:00,[tp 4077.87],4001,4001
8880089169,SMC,XAUUSD,BUY,0.12,59.28,4060.56,4060.56,2026-06-24T05:39:17+00:00,2026-06-24T05:39:17+00:00,[tp 4060.56],4001,4001
8880176020,MICRO,XAUUSD,BUY,0.09,44.82,4057.59,4057.59,2026-06-24T05:42:22+00:00,2026-06-24T05:42:22+00:00,[tp 4057.59],5001,5001
8880214377,SMC,XAUUSD,BUY,0.15,75.0,4055.23,4055.23,2026-06-24T05:43:25+00:00,2026-06-24T05:43:25+00:00,[tp 4055.23],4001,4001
8880254614,MICRO,XAUUSD,BUY,0.09,-21.6,4058.44,4058.44,2026-06-24T05:44:15+00:00,2026-06-24T05:44:15+00:00,[sl 4058.44],5001,5001
8880340593,SMC,XAUUSD,BUY,0.15,-37.95,4060.4,4060.4,2026-06-24T05:48:37+00:00,2026-06-24T05:48:37+00:00,[sl 4060.40],4001,4001
8880420892,SMC,XAUUSD,BUY,0.01,-2.49,4063.63,4063.63,2026-06-24T05:52:15+00:00,2026-06-24T05:52:15+00:00,[sl 4063.63],4001,4001
8880478664,SMC,XAUUSD,BUY,0.01,-2.74,4065.62,4065.62,2026-06-24T05:54:53+00:00,2026-06-24T05:54:53+00:00,[sl 4065.62],4001,4001
8880508796,SMC,XAUUSD,BUY,0.13,-32.76,4068.48,4068.48,2026-06-24T05:56:14+00:00,2026-06-24T05:56:14+00:00,[sl 4068.48],4001,4001
8880529497,MICRO,XAUUSD,SELL,0.09,-22.5,4066.62,4066.62,2026-06-24T05:57:08+00:00,2026-06-24T05:57:08+00:00,[sl 4066.62],5001,5001
8880623732,SMC,XAUUSD,BUY,0.12,60.0,4060.34,4060.34,2026-06-24T06:01:11+00:00,2026-06-24T06:01:11+00:00,[tp 4060.34],4001,4001
8880695947,SMC,XAUUSD,BUY,0.01,5.06,4056.85,4056.85,2026-06-24T06:04:53+00:00,2026-06-24T06:04:53+00:00,[tp 4056.85],4001,4001
8880809730,SMC,XAUUSD,BUY,0.01,-2.5,4058.88,4058.88,2026-06-24T06:09:48+00:00,2026-06-24T06:09:48+00:00,[sl 4058.88],4001,4001
8880895173,SMC,XAUUSD,BUY,0.01,-2.5,4060.53,4060.53,2026-06-24T06:14:07+00:00,2026-06-24T06:14:07+00:00,[sl 4060.53],4001,4001
8880937790,SMC,XAUUSD,BUY,0.12,60.12,4054.48,4054.48,2026-06-24T06:17:00+00:00,2026-06-24T06:17:00+00:00,[tp 4054.48],4001,4001
8881025341,SMC,XAUUSD,BUY,0.11,-27.5,4055.92,4055.92,2026-06-24T06:22:24+00:00,2026-06-24T06:22:24+00:00,[sl 4055.92],4001,4001
8881025397,MICRO,XAUUSD,BUY,0.1,-26.2,4056.45,4056.45,2026-06-24T06:22:24+00:00,2026-06-24T06:22:24+00:00,[sl 4056.45],5001,5001
8881124864,SMC,XAUUSD,BUY,0.11,-27.39,4057.81,4057.81,2026-06-24T06:30:04+00:00,2026-06-24T06:30:04+00:00,[sl 4057.81],4001,4001
8881243295,SMC,XAUUSD,BUY,0.07,-17.57,4062.56,4062.56,2026-06-24T06:39:24+00:00,2026-06-24T06:39:24+00:00,[sl 4062.56],4001,4001
8881262322,SMC,XAUUSD,BUY,0.07,-17.5,4064.29,4064.29,2026-06-24T06:41:00+00:00,2026-06-24T06:41:00+00:00,[sl 4064.29],4001,4001
8881442600,MICRO,XAUUSD,SELL,0.09,-22.5,4063.37,4063.37,2026-06-24T06:54:00+00:00,2026-06-24T06:54:00+00:00,[sl 4063.37],5001,5001
8881567915,SMC,XAUUSD,BUY,0.1,49.9,4058.53,4058.53,2026-06-24T07:05:15+00:00,2026-06-24T07:05:15+00:00,[tp 4058.53],4001,4001
8881567927,MICRO,XAUUSD,BUY,0.09,45.0,4058.53,4058.53,2026-06-24T07:05:15+00:00,2026-06-24T07:05:15+00:00,[tp 4058.53],5001,5001
8881600711,SMC,XAUUSD,BUY,0.08,-19.92,4059.87,4059.87,2026-06-24T07:07:33+00:00,2026-06-24T07:07:33+00:00,[sl 4059.87],4001,4001
8881600712,MICRO,XAUUSD,BUY,0.1,-25.0,4059.88,4059.88,2026-06-24T07:07:33+00:00,2026-06-24T07:07:33+00:00,[sl 4059.88],5001,5001
8881786644,SMC,XAUUSD,BUY,0.1,-25.0,4061.93,4061.93,2026-06-24T07:23:03+00:00,2026-06-24T07:23:03+00:00,[sl 4061.93],4001,4001
8881847367,SMC,XAUUSD,BUY,0.06,-15.0,4065.87,4065.87,2026-06-24T07:27:30+00:00,2026-06-24T07:27:30+00:00,[sl 4065.87],4001,4001
8881885920,MICRO,XAUUSD,SELL,0.09,-23.22,4063.94,4063.94,2026-06-24T07:29:34+00:00,2026-06-24T07:29:34+00:00,[sl 4063.94],5001,5001
8881942337,SMC,XAUUSD,BUY,0.06,-15.0,4065.99,4065.99,2026-06-24T07:34:00+00:00,2026-06-24T07:34:00+00:00,[sl 4065.99],4001,4001
8881982620,MICRO,XAUUSD,BUY,0.09,-22.5,4065.66,4065.66,2026-06-24T07:36:45+00:00,2026-06-24T07:36:45+00:00,[sl 4065.66],5001,5001
8882484310,SMC,XAUUSD,BUY,0.08,-20.0,4067.45,4067.45,2026-06-24T08:09:24+00:00,2026-06-24T08:09:24+00:00,[sl 4067.45],4001,4001
8882760155,SMC,XAUUSD,BUY,0.05,-12.5,4072.5,4072.5,2026-06-24T08:22:44+00:00,2026-06-24T08:22:44+00:00,[sl 4072.50],4001,4001
8882890876,SMC,XAUUSD,BUY,0.01,-2.5,4074.6,4074.6,2026-06-24T08:29:00+00:00,2026-06-24T08:29:00+00:00,[sl 4074.60],4001,4001
8882918998,SMC,XAUUSD,BUY,0.01,-2.5,4075.86,4075.86,2026-06-24T08:30:05+00:00,2026-06-24T08:30:05+00:00,[sl 4075.86],4001,4001
8882940057,SMC,XAUUSD,BUY,0.05,-12.55,4077.29,4077.29,2026-06-24T08:30:36+00:00,2026-06-24T08:30:36+00:00,[sl 4077.29],4001,4001
8883004180,MICRO,XAUUSD,SELL,0.08,40.0,4083.24,4083.24,2026-06-24T08:32:48+00:00,2026-06-24T08:32:48+00:00,[tp 4083.24],5001,5001
8883099925,SMC,XAUUSD,BUY,0.07,34.16,4080.34,4080.34,2026-06-24T08:36:05+00:00,2026-06-24T08:36:05+00:00,[tp 4080.34],4001,4001
8883209120,SMC,XAUUSD,BUY,0.1,50.0,4074.84,4074.84,2026-06-24T08:40:59+00:00,2026-06-24T08:40:59+00:00,[tp 4074.84],4001,4001
8883282072,SMC,XAUUSD,BUY,0.06,-14.4,4077.38,4077.38,2026-06-24T08:44:33+00:00,2026-06-24T08:44:33+00:00,[sl 4077.38],4001,4001
8883282567,MICRO,XAUUSD,BUY,0.09,-22.41,4077.5,4077.5,2026-06-24T08:44:34+00:00,2026-06-24T08:44:34+00:00,[sl 4077.50],5001,5001
8883321347,SMC,XAUUSD,BUY,0.1,-24.9,4079.95,4079.95,2026-06-24T08:46:23+00:00,2026-06-24T08:46:23+00:00,[sl 4079.95],4001,4001
8883459149,SMC,XAUUSD,BUY,0.06,30.0,4071.98,4071.98,2026-06-24T08:53:35+00:00,2026-06-24T08:53:35+00:00,[tp 4071.98],4001,4001
8883514138,SMC,XAUUSD,BUY,0.01,-2.5,4075.35,4075.35,2026-06-24T08:56:39+00:00,2026-06-24T08:56:39+00:00,[sl 4075.35],4001,4001
8883574589,SMC,XAUUSD,BUY,0.01,-2.5,4077.25,4077.25,2026-06-24T09:00:04+00:00,2026-06-24T09:00:04+00:00,[sl 4077.25],4001,4001
8883722714,MICRO,XAUUSD,SELL,0.01,5.0,4082.56,4082.56,2026-06-24T09:06:21+00:00,2026-06-24T09:06:21+00:00,[tp 4082.56],5001,5001
8883742925,SMC,XAUUSD,BUY,0.01,-2.41,4085.41,4085.41,2026-06-24T09:06:54+00:00,2026-06-24T09:06:54+00:00,[sl 4085.41],4001,4001
8883794977,MICRO,XAUUSD,SELL,0.01,5.01,4090.91,4090.91,2026-06-24T09:08:07+00:00,2026-06-24T09:08:07+00:00,[tp 4090.91],5001,5001
8883886010,MICRO,XAUUSD,SELL,0.01,5.0,4094.43,4094.43,2026-06-24T09:10:55+00:00,2026-06-24T09:10:55+00:00,[tp 4094.43],5001,5001
8883959983,SMC,XAUUSD,BUY,0.01,-2.36,4097.01,4097.01,2026-06-24T09:13:12+00:00,2026-06-24T09:13:12+00:00,[sl 4097.01],4001,4001
8884050614,MICRO,XAUUSD,SELL,0.01,-2.56,4093.17,4093.17,2026-06-24T09:16:09+00:00,2026-06-24T09:16:09+00:00,[sl 4093.17],5001,5001
8884108596,SMC,XAUUSD,BUY,0.01,5.12,4087.46,4087.46,2026-06-24T09:18:10+00:00,2026-06-24T09:18:10+00:00,[tp 4087.46],4001,4001
8884212516,MICRO,XAUUSD,BUY,0.01,-2.56,4088.2,4088.2,2026-06-24T09:22:36+00:00,2026-06-24T09:22:36+00:00,[sl 4088.20],5001,5001
8884227477,SMC,XAUUSD,BUY,0.01,-2.5,4089.34,4089.34,2026-06-24T09:23:13+00:00,2026-06-24T09:23:13+00:00,[sl 4089.34],4001,4001
8884345052,SMC,XAUUSD,BUY,0.01,4.99,4084.39,4084.39,2026-06-24T09:28:33+00:00,2026-06-24T09:28:33+00:00,[tp 4084.39],4001,4001
8884372606,MICRO,XAUUSD,BUY,0.01,-2.45,4086.64,4086.64,2026-06-24T09:29:32+00:00,2026-06-24T09:29:32+00:00,[sl 4086.64],5001,5001
8884374440,SMC,XAUUSD,BUY,0.01,-2.5,4087.07,4087.07,2026-06-24T09:29:36+00:00,2026-06-24T09:29:36+00:00,[sl 4087.07],4001,4001
8884485122,SMC,XAUUSD,BUY,0.01,-2.49,4088.88,4088.88,2026-06-24T09:35:09+00:00,2026-06-24T09:35:09+00:00,[sl 4088.88],4001,4001
8884654729,MICRO,XAUUSD,SELL,0.01,4.99,4093.87,4093.87,2026-06-24T09:43:10+00:00,2026-06-24T09:43:10+00:00,[tp 4093.87],5001,5001
8884797937,SMC,XAUUSD,BUY,0.01,4.87,4088.84,4088.84,2026-06-24T09:50:02+00:00,2026-06-24T09:50:02+00:00,[tp 4088.84],4001,4001
8884844623,SMC,XAUUSD,BUY,0.01,-2.5,4089.75,4089.75,2026-06-24T09:51:43+00:00,2026-06-24T09:51:43+00:00,[sl 4089.75],4001,4001
8884844625,MICRO,XAUUSD,BUY,0.01,-2.71,4089.75,4089.75,2026-06-24T09:51:43+00:00,2026-06-24T09:51:43+00:00,[sl 4089.75],5001,5001
8884976116,SMC,XAUUSD,BUY,0.01,4.98,4086.1,4086.1,2026-06-24T09:58:35+00:00,2026-06-24T09:58:35+00:00,[tp 4086.10],4001,4001
8885025048,SMC,XAUUSD,BUY,0.01,-2.42,4088.02,4088.02,2026-06-24T10:01:10+00:00,2026-06-24T10:01:10+00:00,[sl 4088.02],4001,4001
8885175765,SMC,XAUUSD,BUY,0.01,-2.5,4090.79,4090.79,2026-06-24T10:08:36+00:00,2026-06-24T10:08:36+00:00,[sl 4090.79],4001,4001
8885451344,SMC,XAUUSD,BUY,0.01,5.0,4083.91,4083.91,2026-06-24T10:24:02+00:00,2026-06-24T10:24:02+00:00,[tp 4083.91],4001,4001
8885651141,SMC,XAUUSD,BUY,0.01,5.01,4079.17,4079.17,2026-06-24T10:35:17+00:00,2026-06-24T10:35:17+00:00,[tp 4079.17],4001,4001
8885651144,MICRO,XAUUSD,BUY,0.01,5.09,4079.18,4079.18,2026-06-24T10:35:17+00:00,2026-06-24T10:35:17+00:00,[tp 4079.18],5001,5001
8885774073,SMC,XAUUSD,BUY,0.01,-2.49,4080.2,4080.2,2026-06-24T10:40:42+00:00,2026-06-24T10:40:42+00:00,[sl 4080.20],4001,4001
8885774075,MICRO,XAUUSD,BUY,0.01,-2.57,4080.21,4080.21,2026-06-24T10:40:42+00:00,2026-06-24T10:40:42+00:00,[sl 4080.21],5001,5001
8885820620,SMC,XAUUSD,BUY,0.01,-2.48,4081.05,4081.05,2026-06-24T10:42:56+00:00,2026-06-24T10:42:56+00:00,[sl 4081.05],4001,4001
8885934099,SMC,XAUUSD,BUY,0.01,-2.67,4085.57,4085.57,2026-06-24T10:48:16+00:00,2026-06-24T10:48:16+00:00,[sl 4085.57],4001,4001
8886022206,SMC,XAUUSD,BUY,0.01,4.98,4080.59,4080.59,2026-06-24T10:52:18+00:00,2026-06-24T10:52:18+00:00,[tp 4080.59],4001,4001
8886192964,SMC,XAUUSD,BUY,0.01,5.01,4074.54,4074.54,2026-06-24T10:59:33+00:00,2026-06-24T10:59:33+00:00,[tp 4074.54],4001,4001
8886192993,MICRO,XAUUSD,BUY,0.01,4.96,4074.56,4074.56,2026-06-24T10:59:33+00:00,2026-06-24T10:59:33+00:00,[tp 4074.56],5001,5001
8886209798,MICRO,XAUUSD,BUY,0.01,-2.48,4076.93,4076.93,2026-06-24T11:00:08+00:00,2026-06-24T11:00:08+00:00,[sl 4076.93],5001,5001
8886209874,SMC,XAUUSD,BUY,0.01,-2.53,4076.97,4076.97,2026-06-24T11:00:08+00:00,2026-06-24T11:00:08+00:00,[sl 4076.97],4001,4001
8886729755,SMC,XAUUSD,BUY,0.01,-2.49,4079.47,4079.47,2026-06-24T11:25:29+00:00,2026-06-24T11:25:29+00:00,[sl 4079.47],4001,4001
8886852911,SMC,XAUUSD,BUY,0.01,-2.5,4082.46,4082.46,2026-06-24T11:30:46+00:00,2026-06-24T11:30:46+00:00,[sl 4082.46],4001,4001
8886880175,SMC,XAUUSD,BUY,0.01,-2.43,4086.08,4086.08,2026-06-24T11:31:36+00:00,2026-06-24T11:31:36+00:00,[sl 4086.08],4001,4001
8886957744,MICRO,XAUUSD,SELL,0.01,-2.48,4084.79,4084.79,2026-06-24T11:34:34+00:00,2026-06-24T11:34:34+00:00,[sl 4084.79],5001,5001
8887066234,SMC,XAUUSD,BUY,0.01,5.0,4079.98,4079.98,2026-06-24T11:39:03+00:00,2026-06-24T11:39:03+00:00,[tp 4079.98],4001,4001
8887083182,SMC,XAUUSD,BUY,0.01,-2.5,4082.04,4082.04,2026-06-24T11:39:46+00:00,2026-06-24T11:39:46+00:00,[sl 4082.04],4001,4001
8887083211,MICRO,XAUUSD,BUY,0.01,-2.51,4082.05,4082.05,2026-06-24T11:39:46+00:00,2026-06-24T11:39:46+00:00,[sl 4082.05],5001,5001
8887367686,SMC,XAUUSD,BUY,0.01,5.0,4077.16,4077.16,2026-06-24T11:54:16+00:00,2026-06-24T11:54:16+00:00,[tp 4077.16],4001,4001
8887376904,MICRO,XAUUSD,BUY,0.01,5.0,4076.45,4076.45,2026-06-24T11:54:38+00:00,2026-06-24T11:54:38+00:00,[tp 4076.45],5001,5001
8887708109,SMC,XAUUSD,BUY,0.01,5.0,4071.56,4071.56,2026-06-24T12:09:41+00:00,2026-06-24T12:09:41+00:00,[tp 4071.56],4001,4001
8887787725,MICRO,XAUUSD,BUY,0.01,-2.5,4073.91,4073.91,2026-06-24T12:12:18+00:00,2026-06-24T12:12:18+00:00,[sl 4073.91],5001,5001
8887787779,SMC,XAUUSD,BUY,0.01,-2.47,4073.94,4073.94,2026-06-24T12:12:18+00:00,2026-06-24T12:12:18+00:00,[sl 4073.94],4001,4001
8887921274,SMC,XAUUSD,BUY,0.01,-2.48,4078.33,4078.33,2026-06-24T12:18:08+00:00,2026-06-24T12:18:08+00:00,[sl 4078.33],4001,4001
8888028875,SMC,XAUUSD,BUY,0.01,5.01,4073.77,4073.77,2026-06-24T12:24:11+00:00,2026-06-24T12:24:11+00:00,[tp 4073.77],4001,4001
8888139510,SMC,XAUUSD,BUY,0.01,5.0,4068.65,4068.65,2026-06-24T12:29:47+00:00,2026-06-24T12:29:47+00:00,[tp 4068.65],4001,4001
8897220173,SMC,XAUUSD,BUY,0.09,-20.52,4033.99,4033.99,2026-06-24T16:57:04+00:00,2026-06-24T16:57:04+00:00,[sl 4033.99],4001,4001
8897365272,SMC,XAUUSD,BUY,0.1,-25.0,4041.14,4041.14,2026-06-24T17:00:12+00:00,2026-06-24T17:00:12+00:00,[sl 4041.14],4001,4001
8897562711,MICRO,XAUUSD,BUY,0.13,-32.5,4026.11,4026.11,2026-06-24T17:05:09+00:00,2026-06-24T17:05:09+00:00,[sl 4026.11],5001,5001
8897619674,SMC,XAUUSD,BUY,0.09,-21.96,4028.84,4028.84,2026-06-24T17:06:48+00:00,2026-06-24T17:06:48+00:00,[sl 4028.84],4001,4001
8897647742,SMC,XAUUSD,BUY,0.1,-24.3,4030.18,4030.18,2026-06-24T17:07:39+00:00,2026-06-24T17:07:39+00:00,[sl 4030.18],4001,4001
8898084480,SMC,XAUUSD,BUY,0.08,-18.08,4019.1,4019.1,2026-06-24T17:21:57+00:00,2026-06-24T17:21:57+00:00,[sl 4019.10],4001,4001
8898143030,MICRO,XAUUSD,SELL,0.12,-30.12,4021.83,4021.83,2026-06-24T17:23:37+00:00,2026-06-24T17:23:37+00:00,[sl 4021.83],5001,5001
8898159685,SMC,XAUUSD,BUY,0.08,-21.12,4023.92,4023.92,2026-06-24T17:24:13+00:00,2026-06-24T17:24:13+00:00,[sl 4023.92],4001,4001
8898488911,SMC,XAUUSD,BUY,0.07,35.07,4026.75,4026.75,2026-06-24T17:36:08+00:00,2026-06-24T17:36:08+00:00,[tp 4026.75],4001,4001
8898578103,SMC,XAUUSD,BUY,0.08,40.24,4021.16,4021.16,2026-06-24T17:39:24+00:00,2026-06-24T17:39:24+00:00,[tp 4021.16],4001,4001
8898648519,MICRO,XAUUSD,BUY,0.12,54.96,4017.9,4017.9,2026-06-24T17:41:35+00:00,2026-06-24T17:41:35+00:00,[tp 4017.90],5001,5001
8898712939,SMC,XAUUSD,BUY,0.08,38.32,4012.35,4012.35,2026-06-24T17:43:31+00:00,2026-06-24T17:43:31+00:00,[tp 4012.35],4001,4001
8898762519,MICRO,XAUUSD,BUY,0.13,-33.28,4015.74,4015.74,2026-06-24T17:44:58+00:00,2026-06-24T17:44:58+00:00,[sl 4015.74],5001,5001
8898838786,MICRO,XAUUSD,BUY,0.13,-32.5,4013.52,4013.52,2026-06-24T17:47:25+00:00,2026-06-24T17:47:25+00:00,[sl 4013.52],5001,5001
8898891218,SMC,XAUUSD,BUY,0.08,40.24,4010.16,4010.16,2026-06-24T17:49:20+00:00,2026-06-24T17:49:20+00:00,[tp 4010.16],4001,4001
8898988029,SMC,XAUUSD,BUY,0.09,44.91,4007.25,4007.25,2026-06-24T17:52:56+00:00,2026-06-24T17:52:56+00:00,[tp 4007.25],4001,4001
8899080630,SMC,XAUUSD,BUY,0.11,54.23,4003.46,4003.46,2026-06-24T17:55:57+00:00,2026-06-24T17:55:57+00:00,[tp 4003.46],4001,4001
8899214645,MICRO,XAUUSD,BUY,0.13,-34.97,4009.54,4009.54,2026-06-24T18:00:29+00:00,2026-06-24T18:00:29+00:00,[sl 4009.54],5001,5001
8899445048,MICRO,XAUUSD,BUY,0.14,-39.2,4001.14,4001.14,2026-06-24T18:07:43+00:00,2026-06-24T18:07:43+00:00,[sl 4001.14],5001,5001
8899676611,SMC,XAUUSD,BUY,0.11,-27.5,4004.69,4004.69,2026-06-24T18:16:46+00:00,2026-06-24T18:16:46+00:00,[sl 4004.69],4001,4001
8899727145,SMC,XAUUSD,BUY,0.09,-22.59,4007.27,4007.27,2026-06-24T18:18:30+00:00,2026-06-24T18:18:30+00:00,[sl 4007.27],4001,4001
8899783986,MICRO,XAUUSD,SELL,0.13,64.74,4012.51,4012.51,2026-06-24T18:20:01+00:00,2026-06-24T18:20:01+00:00,[tp 4012.51],5001,5001
8899934532,SMC,XAUUSD,BUY,0.11,44.66,4007.57,4007.57,2026-06-24T18:25:08+00:00,2026-06-24T18:25:08+00:00,[tp 4007.57],4001,4001
8899999919,MICRO,XAUUSD,BUY,0.14,-33.46,4009.2,4009.2,2026-06-24T18:27:18+00:00,2026-06-24T18:27:18+00:00,[sl 4009.20],5001,5001
8900000185,SMC,XAUUSD,BUY,0.09,-26.64,4009.39,4009.39,2026-06-24T18:27:18+00:00,2026-06-24T18:27:18+00:00,[sl 4009.39],4001,4001
8900060137,SMC,XAUUSD,BUY,0.09,-22.41,4014.1,4014.1,2026-06-24T18:29:49+00:00,2026-06-24T18:29:49+00:00,[sl 4014.10],4001,4001
8900315453,SMC,XAUUSD,BUY,0.12,60.0,4004.48,4004.48,2026-06-24T18:41:38+00:00,2026-06-24T18:41:38+00:00,[tp 4004.48],4001,4001
8900416493,SMC,XAUUSD,BUY,0.09,-22.23,4006.7,4006.7,2026-06-24T18:45:53+00:00,2026-06-24T18:45:53+00:00,[sl 4006.70],4001,4001
8900416561,MICRO,XAUUSD,BUY,0.14,-34.72,4006.77,4006.77,2026-06-24T18:45:53+00:00,2026-06-24T18:45:53+00:00,[sl 4006.77],5001,5001
8900467902,SMC,XAUUSD,BUY,0.09,-22.77,4010.48,4010.48,2026-06-24T18:48:12+00:00,2026-06-24T18:48:12+00:00,[sl 4010.48],4001,4001
8900531168,MICRO,XAUUSD,SELL,0.13,63.83,4016.01,4016.01,2026-06-24T18:50:18+00:00,2026-06-24T18:50:18+00:00,[tp 4016.01],5001,5001
8900591782,SMC,XAUUSD,BUY,0.06,30.48,4010.76,4010.76,2026-06-24T18:52:39+00:00,2026-06-24T18:52:39+00:00,[tp 4010.76],4001,4001
8900643402,SMC,XAUUSD,BUY,0.11,54.89,4003.74,4003.74,2026-06-24T18:54:28+00:00,2026-06-24T18:54:28+00:00,[tp 4003.74],4001,4001
8900853263,SMC,XAUUSD,BUY,0.11,-27.5,4005.49,4005.49,2026-06-24T19:03:21+00:00,2026-06-24T19:03:21+00:00,[sl 4005.49],4001,4001
8900924406,MICRO,XAUUSD,BUY,0.14,-34.86,4006.56,4006.56,2026-06-24T19:06:33+00:00,2026-06-24T19:06:33+00:00,[sl 4006.56],5001,5001
8900924420,SMC,XAUUSD,BUY,0.11,-26.84,4006.56,4006.56,2026-06-24T19:06:33+00:00,2026-06-24T19:06:33+00:00,[sl 4006.56],4001,4001
8900991212,SMC,XAUUSD,BUY,0.11,55.0,3996.74,3996.74,2026-06-24T19:09:04+00:00,2026-06-24T19:09:04+00:00,[tp 3996.74],4001,4001
8901043852,SMC,XAUUSD,BUY,0.12,-30.0,4002.42,4002.42,2026-06-24T19:10:57+00:00,2026-06-24T19:10:57+00:00,[sl 4002.42],4001,4001
8901140596,SMC,XAUUSD,BUY,0.11,-26.4,4005.14,4005.14,2026-06-24T19:15:56+00:00,2026-06-24T19:15:56+00:00,[sl 4005.14],4001,4001
8901187818,MICRO,XAUUSD,SELL,0.13,-32.37,4002.59,4002.59,2026-06-24T19:18:11+00:00,2026-06-24T19:18:11+00:00,[sl 4002.59],5001,5001
8901243896,SMC,XAUUSD,BUY,0.15,-37.65,4006.1,4006.1,2026-06-24T19:21:26+00:00,2026-06-24T19:21:26+00:00,[sl 4006.10],4001,4001
8901297881,MICRO,XAUUSD,SELL,0.13,63.57,4011.37,4011.37,2026-06-24T19:23:26+00:00,2026-06-24T19:23:26+00:00,[tp 4011.37],5001,5001
8901368833,SMC,XAUUSD,BUY,0.15,-37.95,4013.46,4013.46,2026-06-24T19:26:42+00:00,2026-06-24T19:26:42+00:00,[sl 4013.46],4001,4001
8901428161,SMC,XAUUSD,BUY,0.09,-22.59,4016.66,4016.66,2026-06-24T19:29:12+00:00,2026-06-24T19:29:12+00:00,[sl 4016.66],4001,4001
8901551674,MICRO,XAUUSD,SELL,0.13,-32.5,4014.19,4014.19,2026-06-24T19:34:13+00:00,2026-06-24T19:34:13+00:00,[sl 4014.19],5001,5001
8901587872,SMC,XAUUSD,BUY,0.08,-19.36,4017.17,4017.17,2026-06-24T19:35:45+00:00,2026-06-24T19:35:45+00:00,[sl 4017.17],4001,4001
8901721535,MICRO,XAUUSD,SELL,0.12,-30.0,4017.02,4017.02,2026-06-24T19:41:22+00:00,2026-06-24T19:41:22+00:00,[sl 4017.02],5001,5001
8901783315,SMC,XAUUSD,BUY,0.08,40.0,4011.09,4011.09,2026-06-24T19:43:43+00:00,2026-06-24T19:43:43+00:00,[tp 4011.09],4001,4001
8901896568,MICRO,XAUUSD,BUY,0.12,58.68,4007.82,4007.82,2026-06-24T19:49:36+00:00,2026-06-24T19:49:36+00:00,[tp 4007.82],5001,5001
8901995838,SMC,XAUUSD,BUY,0.08,40.24,4007.02,4007.02,2026-06-24T19:55:04+00:00,2026-06-24T19:55:04+00:00,[tp 4007.02],4001,4001
8902101728,SMC,XAUUSD,BUY,0.15,-37.95,4009.54,4009.54,2026-06-24T20:01:09+00:00,2026-06-24T20:01:09+00:00,[sl 4009.54],4001,4001
8902366805,SMC,XAUUSD,BUY,0.01,4.99,4004.23,4004.23,2026-06-24T20:16:26+00:00,2026-06-24T20:16:26+00:00,[tp 4004.23],4001,4001
8902450654,SMC,XAUUSD,BUY,0.01,5.0,3999.06,3999.06,2026-06-24T20:20:21+00:00,2026-06-24T20:20:21+00:00,[tp 3999.06],4001,4001
8902450657,MICRO,XAUUSD,BUY,0.01,4.8,3999.0,3999.0,2026-06-24T20:20:21+00:00,2026-06-24T20:20:21+00:00,[tp 3999.00],5001,5001
8902567454,SMC,XAUUSD,BUY,0.01,5.01,3993.56,3993.56,2026-06-24T20:24:56+00:00,2026-06-24T20:24:56+00:00,[tp 3993.56],4001,4001
8902568074,MICRO,XAUUSD,BUY,0.01,4.83,3993.48,3993.48,2026-06-24T20:24:56+00:00,2026-06-24T20:24:56+00:00,[tp 3993.48],5001,5001
8902659463,SMC,XAUUSD,BUY,0.01,-2.24,3995.76,3995.76,2026-06-24T20:28:18+00:00,2026-06-24T20:28:18+00:00,[sl 3995.76],4001,4001
8902660829,MICRO,XAUUSD,BUY,0.01,-2.5,3996.06,3996.06,2026-06-24T20:28:20+00:00,2026-06-24T20:28:20+00:00,[sl 3996.06],5001,5001
8902679938,SMC,XAUUSD,BUY,0.01,4.95,3991.25,3991.25,2026-06-24T20:29:00+00:00,2026-06-24T20:29:00+00:00,[tp 3991.25],4001,4001
8902895924,MICRO,XAUUSD,BUY,0.01,4.99,3983.41,3983.41,2026-06-24T20:36:52+00:00,2026-06-24T20:36:52+00:00,[tp 3983.41],5001,5001
8903084030,SMC,XAUUSD,BUY,0.01,4.96,3982.34,3982.34,2026-06-24T20:46:09+00:00,2026-06-24T20:46:09+00:00,[tp 3982.34],4001,4001
8903108404,SMC,XAUUSD,BUY,0.01,-2.5,3986.91,3986.91,2026-06-24T20:47:13+00:00,2026-06-24T20:47:13+00:00,[sl 3986.91],4001,4001
8903222318,MICRO,XAUUSD,BUY,0.01,-2.56,3979.53,3979.53,2026-06-24T20:51:00+00:00,2026-06-24T20:51:00+00:00,[sl 3979.53],5001,5001
8903373717,SMC,XAUUSD,BUY,0.01,5.01,3976.49,3976.49,2026-06-24T20:58:03+00:00,2026-06-24T20:58:03+00:00,[tp 3976.49],4001,4001
8903493517,SMC,XAUUSD,BUY,0.01,4.61,3970.06,3970.06,2026-06-24T21:01:10+00:00,2026-06-24T21:01:10+00:00,[tp 3970.06],4001,4001
8903493520,MICRO,XAUUSD,BUY,0.01,5.16,3969.87,3969.87,2026-06-24T21:01:10+00:00,2026-06-24T21:01:10+00:00,[tp 3969.87],5001,5001
8903507462,MICRO,XAUUSD,BUY,0.01,-2.59,3972.01,3972.01,2026-06-24T21:01:31+00:00,2026-06-24T21:01:31+00:00,[sl 3972.01],5001,5001
8903541032,SMC,XAUUSD,BUY,0.01,4.69,3969.48,3969.48,2026-06-24T21:02:38+00:00,2026-06-24T21:02:38+00:00,[tp 3969.48],4001,4001
8903662175,MICRO,XAUUSD,BUY,0.01,-1.86,3963.71,3963.71,2026-06-24T21:04:24+00:00,2026-06-24T21:04:24+00:00,[sl 3963.71],5001,5001
8903689672,SMC,XAUUSD,BUY,0.01,-2.48,3969.56,3969.56,2026-06-24T21:05:06+00:00,2026-06-24T21:05:06+00:00,[sl 3969.56],4001,4001
8903818117,MICRO,XAUUSD,SELL,0.01,5.08,3980.9,3980.9,2026-06-24T21:09:07+00:00,2026-06-24T21:09:07+00:00,[tp 3980.90],5001,5001
8903837993,SMC,XAUUSD,BUY,0.01,-2.46,3983.5,3983.5,2026-06-24T21:09:42+00:00,2026-06-24T21:09:42+00:00,[sl 3983.50],4001,4001
8903852825,MICRO,XAUUSD,SELL,0.01,-2.51,3981.75,3981.75,2026-06-24T21:10:10+00:00,2026-06-24T21:10:10+00:00,[sl 3981.75],5001,5001
8903934942,MICRO,XAUUSD,SELL,0.01,-2.5,3988.59,3988.59,2026-06-24T21:12:34+00:00,2026-06-24T21:12:34+00:00,[sl 3988.59],5001,5001
8903960808,SMC,XAUUSD,BUY,0.01,-2.4,3990.31,3990.31,2026-06-24T21:13:47+00:00,2026-06-24T21:13:47+00:00,[sl 3990.31],4001,4001
8904033134,SMC,XAUUSD,BUY,0.01,-2.5,3991.94,3991.94,2026-06-24T21:17:16+00:00,2026-06-24T21:17:16+00:00,[sl 3991.94],4001,4001
8904111078,SMC,XAUUSD,BUY,0.01,5.03,3982.72,3982.72,2026-06-24T21:21:01+00:00,2026-06-24T21:21:01+00:00,[tp 3982.72],4001,4001
8904170200,MICRO,XAUUSD,BUY,0.01,-2.53,3986.51,3986.51,2026-06-24T21:23:29+00:00,2026-06-24T21:23:29+00:00,[sl 3986.51],5001,5001
8904170318,SMC,XAUUSD,BUY,0.01,-2.49,3987.01,3987.01,2026-06-24T21:23:29+00:00,2026-06-24T21:23:29+00:00,[sl 3987.01],4001,4001
8904305019,MICRO,XAUUSD,SELL,0.01,5.0,3993.11,3993.11,2026-06-24T21:30:46+00:00,2026-06-24T21:30:46+00:00,[tp 3993.11],5001,5001
8904362777,SMC,XAUUSD,BUY,0.01,5.0,3988.54,3988.54,2026-06-24T21:33:38+00:00,2026-06-24T21:33:38+00:00,[tp 3988.54],4001,4001
8904438424,SMC,XAUUSD,BUY,0.01,4.95,3984.52,3984.52,2026-06-24T21:38:11+00:00,2026-06-24T21:38:11+00:00,[tp 3984.52],4001,4001
8904568728,MICRO,XAUUSD,BUY,0.01,5.02,3981.35,3981.35,2026-06-24T21:46:50+00:00,2026-06-24T21:46:50+00:00,[tp 3981.35],5001,5001
8904608714,SMC,XAUUSD,BUY,0.01,5.0,3978.6,3978.6,2026-06-24T21:49:09+00:00,2026-06-24T21:49:09+00:00,[tp 3978.60],4001,4001
8904662013,MICRO,XAUUSD,BUY,0.01,-2.5,3980.66,3980.66,2026-06-24T21:52:05+00:00,2026-06-24T21:52:05+00:00,[sl 3980.66],5001,5001
8904662035,SMC,XAUUSD,BUY,0.01,-2.52,3980.68,3980.68,2026-06-24T21:52:05+00:00,2026-06-24T21:52:05+00:00,[sl 3980.68],4001,4001
8904696780,SMC,XAUUSD,BUY,0.01,-2.5,3982.33,3982.33,2026-06-24T21:54:28+00:00,2026-06-24T21:54:28+00:00,[sl 3982.33],4001,4001
8904903205,SMC,XAUUSD,BUY,0.01,4.95,3978.41,3978.41,2026-06-24T22:07:15+00:00,2026-06-24T22:07:15+00:00,[tp 3978.41],4001,4001
8905129197,SMC,XAUUSD,BUY,0.01,-2.58,3979.31,3979.31,2026-06-24T22:23:02+00:00,2026-06-24T22:23:02+00:00,[sl 3979.31],4001,4001
8905132669,MICRO,XAUUSD,BUY,0.01,-2.49,3979.54,3979.54,2026-06-24T22:23:13+00:00,2026-06-24T22:23:13+00:00,[sl 3979.54],5001,5001
8905203065,SMC,XAUUSD,BUY,0.01,-2.5,3982.32,3982.32,2026-06-24T22:28:08+00:00,2026-06-24T22:28:08+00:00,[sl 3982.32],4001,4001
8905238647,SMC,XAUUSD,BUY,0.01,-2.46,3985.45,3985.45,2026-06-24T22:30:17+00:00,2026-06-24T22:30:17+00:00,[sl 3985.45],4001,4001
8905267793,MICRO,XAUUSD,SELL,0.01,-2.48,3985.17,3985.17,2026-06-24T22:31:29+00:00,2026-06-24T22:31:29+00:00,[sl 3985.17],5001,5001
8905534705,SMC,XAUUSD,BUY,0.01,-2.47,3986.91,3986.91,2026-06-24T22:53:21+00:00,2026-06-24T22:53:21+00:00,[sl 3986.91],4001,4001
8905556910,SMC,XAUUSD,BUY,0.01,-2.5,3989.8,3989.8,2026-06-24T22:54:44+00:00,2026-06-24T22:54:44+00:00,[sl 3989.80],4001,4001
8966312990,SMC,XAUUSD,BUY,0.04,-12.12,4063.8,4063.8,2026-06-29T05:00:47+00:00,2026-06-29T05:00:47+00:00,[sl 4063.80],4001,4001
8966438810,MICRO,XAUUSD,SELL,0.07,3.5,4067.26,4067.26,2026-06-29T05:03:49+00:00,2026-06-29T05:03:49+00:00,[sl 4067.26],5001,5001
8966555383,SMC,XAUUSD,BUY,0.1,26.7,4063.45,4063.45,2026-06-29T05:07:30+00:00,2026-06-29T05:07:30+00:00,[tp 4063.45],4001,4001
8966598114,SMC,XAUUSD,BUY,0.1,27.0,4060.34,4060.34,2026-06-29T05:08:47+00:00,2026-06-29T05:08:47+00:00,[tp 4060.34],4001,4001
8966728855,SMC,XAUUSD,BUY,0.1,27.3,4062.36,4062.36,2026-06-29T05:13:10+00:00,2026-06-29T05:13:10+00:00,[tp 4062.36],4001,4001
8966816357,SMC,XAUUSD,BUY,0.1,-30.2,4065.17,4065.17,2026-06-29T05:16:48+00:00,2026-06-29T05:16:48+00:00,[sl 4065.17],4001,4001
8967156173,MICRO,XAUUSD,SELL,0.07,18.06,4069.57,4069.57,2026-06-29T05:29:15+00:00,2026-06-29T05:29:15+00:00,[sl 4069.57],5001,5001
8967331913,SMC,XAUUSD,BUY,0.1,25.6,4066.59,4066.59,2026-06-29T05:36:01+00:00,2026-06-29T05:36:01+00:00,[tp 4066.59],4001,4001
8967386576,SMC,XAUUSD,BUY,0.1,26.0,4063.43,4063.43,2026-06-29T05:37:16+00:00,2026-06-29T05:37:16+00:00,[tp 4063.43],4001,4001
8967397742,MICRO,XAUUSD,BUY,0.07,31.85,4061.38,4061.38,2026-06-29T05:37:30+00:00,2026-06-29T05:37:30+00:00,[tp 4061.38],5001,5001
8967603669,SMC,XAUUSD,BUY,0.11,30.25,4058.7,4058.7,2026-06-29T05:44:37+00:00,2026-06-29T05:44:37+00:00,[tp 4058.70],4001,4001
8967623897,SMC,XAUUSD,BUY,0.11,-32.67,4061.5,4061.5,2026-06-29T05:45:06+00:00,2026-06-29T05:45:06+00:00,[sl 4061.50],4001,4001
8967664560,MICRO,XAUUSD,BUY,0.07,-21.0,4064.51,4064.51,2026-06-29T05:46:32+00:00,2026-06-29T05:46:32+00:00,[sl 4064.51],5001,5001
8968432139,MICRO,XAUUSD,SELL,0.07,25.9,4070.74,4070.74,2026-06-29T06:14:24+00:00,2026-06-29T06:14:24+00:00,[tp 4070.74],5001,5001
8968616231,SMC,XAUUSD,BUY,0.11,-33.88,4072.43,4072.43,2026-06-29T06:21:01+00:00,2026-06-29T06:21:01+00:00,[sl 4072.43],4001,4001
8968921137,SMC,XAUUSD,BUY,0.07,18.69,4070.44,4070.44,2026-06-29T06:31:49+00:00,2026-06-29T06:31:49+00:00,[tp 4070.44],4001,4001
8969101638,SMC,XAUUSD,BUY,0.1,26.5,4066.54,4066.54,2026-06-29T06:38:35+00:00,2026-06-29T06:38:35+00:00,[tp 4066.54],4001,4001
8969177870,SMC,XAUUSD,BUY,0.12,-36.0,4069.31,4069.31,2026-06-29T06:41:04+00:00,2026-06-29T06:41:04+00:00,[sl 4069.31],4001,4001
8969273661,SMC,XAUUSD,BUY,0.1,27.1,4067.72,4067.72,2026-06-29T06:44:09+00:00,2026-06-29T06:44:09+00:00,[tp 4067.72],4001,4001
8969436400,SMC,XAUUSD,BUY,0.12,-36.0,4070.09,4070.09,2026-06-29T06:51:55+00:00,2026-06-29T06:51:55+00:00,[sl 4070.09],4001,4001
8969658321,SMC,XAUUSD,BUY,0.1,27.4,4067.01,4067.01,2026-06-29T07:01:24+00:00,2026-06-29T07:01:24+00:00,[tp 4067.01],4001,4001
8970055923,SMC,XAUUSD,BUY,0.1,18.3,4063.3,4063.3,2026-06-29T07:18:21+00:00,2026-06-29T07:18:21+00:00,[tp 4063.30],4001,4001
8970286459,SMC,XAUUSD,BUY,0.11,-33.44,4066.02,4066.02,2026-06-29T07:27:38+00:00,2026-06-29T07:27:38+00:00,[sl 4066.02],4001,4001
8970286475,MICRO,XAUUSD,BUY,0.09,-26.55,4065.98,4065.98,2026-06-29T07:27:38+00:00,2026-06-29T07:27:38+00:00,[sl 4065.98],5001,5001
8970400722,SMC,XAUUSD,BUY,0.07,18.97,4063.39,4063.39,2026-06-29T07:32:16+00:00,2026-06-29T07:32:16+00:00,[tp 4063.39],4001,4001
8970547533,SMC,XAUUSD,BUY,0.1,27.0,4060.0,4060.0,2026-06-29T07:36:21+00:00,2026-06-29T07:36:21+00:00,[tp 4060.00],4001,4001
8970562191,MICRO,XAUUSD,BUY,0.07,31.08,4058.2,4058.2,2026-06-29T07:36:34+00:00,2026-06-29T07:36:34+00:00,[tp 4058.20],5001,5001
8970699556,SMC,XAUUSD,BUY,0.11,29.7,4054.99,4054.99,2026-06-29T07:40:01+00:00,2026-06-29T07:40:01+00:00,[tp 4054.99],4001,4001
8970755189,MICRO,XAUUSD,BUY,0.09,40.86,4053.13,4053.13,2026-06-29T07:41:11+00:00,2026-06-29T07:41:11+00:00,[tp 4053.13],5001,5001
8970870565,SMC,XAUUSD,BUY,0.1,-30.0,4056.72,4056.72,2026-06-29T07:44:13+00:00,2026-06-29T07:44:13+00:00,[sl 4056.72],4001,4001
8971144604,SMC,XAUUSD,BUY,0.11,10.56,4056.07,4056.07,2026-06-29T07:53:53+00:00,2026-06-29T07:53:53+00:00,[sl 4056.07],4001,4001
8971282315,MICRO,XAUUSD,BUY,0.09,40.32,4050.54,4050.54,2026-06-29T07:57:49+00:00,2026-06-29T07:57:49+00:00,[tp 4050.54],5001,5001
8971367060,MICRO,XAUUSD,BUY,0.09,-27.72,4053.0,4053.0,2026-06-29T08:00:05+00:00,2026-06-29T08:00:05+00:00,[sl 4053.00],5001,5001
8971420436,SMC,XAUUSD,BUY,0.06,16.08,4047.78,4047.78,2026-06-29T08:01:17+00:00,2026-06-29T08:01:17+00:00,[tp 4047.78],4001,4001
8971486870,MICRO,XAUUSD,BUY,0.01,-3.02,4051.84,4051.84,2026-06-29T08:03:08+00:00,2026-06-29T08:03:08+00:00,[sl 4051.84],5001,5001
8971602994,SMC,XAUUSD,BUY,0.04,-12.0,4056.67,4056.67,2026-06-29T08:06:05+00:00,2026-06-29T08:06:05+00:00,[sl 4056.67],4001,4001
8971670112,MICRO,XAUUSD,SELL,0.08,-23.76,4053.87,4053.87,2026-06-29T08:07:55+00:00,2026-06-29T08:07:55+00:00,[sl 4053.87],5001,5001
8971922268,SMC,XAUUSD,BUY,0.04,-11.8,4056.48,4056.48,2026-06-29T08:15:31+00:00,2026-06-29T08:15:31+00:00,[sl 4056.48],4001,4001
8972050333,SMC,XAUUSD,BUY,0.04,10.8,4054.15,4054.15,2026-06-29T08:19:37+00:00,2026-06-29T08:19:37+00:00,[tp 4054.15],4001,4001
8972201752,SMC,XAUUSD,BUY,0.01,2.7,4051.77,4051.77,2026-06-29T08:23:45+00:00,2026-06-29T08:23:45+00:00,[tp 4051.77],4001,4001
8972291669,SMC,XAUUSD,BUY,0.01,-2.93,4052.85,4052.85,2026-06-29T08:26:00+00:00,2026-06-29T08:26:00+00:00,[sl 4052.85],4001,4001
8972291677,MICRO,XAUUSD,BUY,0.01,-2.88,4052.85,4052.85,2026-06-29T08:26:00+00:00,2026-06-29T08:26:00+00:00,[sl 4052.85],5001,5001
8972399413,SMC,XAUUSD,BUY,0.04,10.72,4048.43,4048.43,2026-06-29T08:29:27+00:00,2026-06-29T08:29:27+00:00,[tp 4048.43],4001,4001
8972475215,MICRO,XAUUSD,BUY,0.08,37.52,4042.04,4042.04,2026-06-29T08:30:41+00:00,2026-06-29T08:30:41+00:00,[tp 4042.04],5001,5001
8972513647,SMC,XAUUSD,BUY,0.05,13.5,4040.89,4040.89,2026-06-29T08:31:14+00:00,2026-06-29T08:31:14+00:00,[tp 4040.89],4001,4001
8972692432,SMC,XAUUSD,BUY,0.05,-15.05,4045.71,4045.71,2026-06-29T08:34:50+00:00,2026-06-29T08:34:50+00:00,[sl 4045.71],4001,4001
8972694811,MICRO,XAUUSD,BUY,0.08,-23.84,4046.0,4046.0,2026-06-29T08:34:52+00:00,2026-06-29T08:34:52+00:00,[sl 4046.00],5001,5001
8972869554,MICRO,XAUUSD,BUY,0.09,-27.36,4043.14,4043.14,2026-06-29T08:38:32+00:00,2026-06-29T08:38:32+00:00,[sl 4043.14],5001,5001
8972869861,SMC,XAUUSD,BUY,0.05,-15.0,4043.27,4043.27,2026-06-29T08:38:32+00:00,2026-06-29T08:38:32+00:00,[sl 4043.27],4001,4001
8973028504,SMC,XAUUSD,BUY,0.04,-11.64,4047.52,4047.52,2026-06-29T08:42:26+00:00,2026-06-29T08:42:26+00:00,[sl 4047.52],4001,4001
8973564456,SMC,XAUUSD,BUY,0.01,-3.02,4054.29,4054.29,2026-06-29T08:54:06+00:00,2026-06-29T08:54:06+00:00,[sl 4054.29],4001,4001
8973733429,SMC,XAUUSD,BUY,0.01,-3.02,4056.44,4056.44,2026-06-29T08:57:57+00:00,2026-06-29T08:57:57+00:00,[sl 4056.44],4001,4001
8973815472,MICRO,XAUUSD,SELL,0.01,-3.02,4053.68,4053.68,2026-06-29T09:00:05+00:00,2026-06-29T09:00:05+00:00,[sl 4053.68],5001,5001
8973963772,SMC,XAUUSD,BUY,0.01,-3.52,4059.68,4059.68,2026-06-29T09:03:49+00:00,2026-06-29T09:03:49+00:00,[sl 4059.68],4001,4001
8974182866,MICRO,XAUUSD,SELL,0.01,4.48,4063.36,4063.36,2026-06-29T09:08:14+00:00,2026-06-29T09:08:14+00:00,[tp 4063.36],5001,5001
8974348146,MICRO,XAUUSD,SELL,0.06,-27.9,4058.4,4058.4,2026-06-29T09:11:57+00:00,2026-06-29T09:11:57+00:00,[sl 4058.40],5001,5001
8974791389,SMC,XAUUSD,BUY,0.03,8.1,4056.58,4056.58,2026-06-29T09:25:08+00:00,2026-06-29T09:25:08+00:00,[tp 4056.58],4001,4001
8974992183,SMC,XAUUSD,BUY,0.11,29.7,4060.02,4060.02,2026-06-29T09:29:38+00:00,2026-06-29T09:29:38+00:00,[tp 4060.02],4001,4001
8975123134,SMC,XAUUSD,BUY,0.01,2.65,4057.53,4057.53,2026-06-29T09:33:33+00:00,2026-06-29T09:33:33+00:00,[tp 4057.53],4001,4001
8975385742,SMC,XAUUSD,BUY,0.01,-3.0,4059.54,4059.54,2026-06-29T09:39:51+00:00,2026-06-29T09:39:51+00:00,[sl 4059.54],4001,4001
8975680517,SMC,XAUUSD,BUY,0.11,-28.16,4062.62,4062.62,2026-06-29T09:48:03+00:00,2026-06-29T09:48:03+00:00,[sl 4062.62],4001,4001
8976143329,SMC,XAUUSD,BUY,0.01,2.95,4061.25,4061.25,2026-06-29T10:00:11+00:00,2026-06-29T10:00:11+00:00,[tp 4061.25],4001,4001
8976693813,SMC,XAUUSD,BUY,0.04,-12.2,4061.61,4061.61,2026-06-29T10:15:21+00:00,2026-06-29T10:15:21+00:00,[sl 4061.61],4001,4001
8976693815,MICRO,XAUUSD,BUY,0.08,-23.44,4061.67,4061.67,2026-06-29T10:15:21+00:00,2026-06-29T10:15:21+00:00,[sl 4061.67],5001,5001
8977036283,SMC,XAUUSD,BUY,0.05,-15.0,4062.43,4062.43,2026-06-29T10:24:36+00:00,2026-06-29T10:24:36+00:00,[sl 4062.43],4001,4001
8977232195,SMC,XAUUSD,BUY,0.1,-30.6,4065.76,4065.76,2026-06-29T10:29:34+00:00,2026-06-29T10:29:34+00:00,[sl 4065.76],4001,4001
8977481558,SMC,XAUUSD,BUY,0.06,15.9,4062.06,4062.06,2026-06-29T10:35:45+00:00,2026-06-29T10:35:45+00:00,[tp 4062.06],4001,4001
8978056555,SMC,XAUUSD,BUY,0.01,-3.02,4066.06,4066.06,2026-06-29T10:51:31+00:00,2026-06-29T10:51:31+00:00,[sl 4066.06],4001,4001
8978697427,SMC,XAUUSD,BUY,0.16,-48.0,4065.11,4065.11,2026-06-29T11:05:35+00:00,2026-06-29T11:05:35+00:00,[sl 4065.11],4001,4001
8978842148,SMC,XAUUSD,BUY,0.01,2.7,4062.45,4062.45,2026-06-29T11:08:37+00:00,2026-06-29T11:08:37+00:00,[tp 4062.45],4001,4001
8979670035,SMC,XAUUSD,BUY,0.01,-3.07,4066.38,4066.38,2026-06-29T11:31:06+00:00,2026-06-29T11:31:06+00:00,[sl 4066.38],4001,4001
8979873137,SMC,XAUUSD,BUY,0.01,2.69,4062.56,4062.56,2026-06-29T11:35:33+00:00,2026-06-29T11:35:33+00:00,[tp 4062.56],4001,4001
8980167572,SMC,XAUUSD,BUY,0.14,38.36,4059.31,4059.31,2026-06-29T11:42:22+00:00,2026-06-29T11:42:22+00:00,[tp 4059.31],4001,4001
8980295514,MICRO,XAUUSD,BUY,0.1,44.7,4055.37,4055.37,2026-06-29T11:44:38+00:00,2026-06-29T11:44:38+00:00,[tp 4055.37],5001,5001
8980606281,SMC,XAUUSD,BUY,0.01,2.7,4053.98,4053.98,2026-06-29T11:50:56+00:00,2026-06-29T11:50:56+00:00,[tp 4053.98],4001,4001
8980830627,SMC,XAUUSD,BUY,0.01,2.64,4051.26,4051.26,2026-06-29T11:55:10+00:00,2026-06-29T11:55:10+00:00,[tp 4051.26],4001,4001
8980985211,MICRO,XAUUSD,BUY,0.01,4.34,4049.38,4049.38,2026-06-29T11:57:58+00:00,2026-06-29T11:57:58+00:00,[tp 4049.38],5001,5001
8981003237,SMC,XAUUSD,BUY,0.09,24.03,4047.57,4047.57,2026-06-29T11:58:08+00:00,2026-06-29T11:58:08+00:00,[tp 4047.57],4001,4001
8981237285,SMC,XAUUSD,BUY,0.01,-3.0,4049.47,4049.47,2026-06-29T12:01:25+00:00,2026-06-29T12:01:25+00:00,[sl 4049.47],4001,4001
8981237523,MICRO,XAUUSD,BUY,0.01,-3.0,4049.51,4049.51,2026-06-29T12:01:26+00:00,2026-06-29T12:01:26+00:00,[sl 4049.51],5001,5001
8981498025,SMC,XAUUSD,SELL,0.01,2.75,4051.93,4051.93,2026-06-29T12:06:18+00:00,2026-06-29T12:06:18+00:00,[tp 4051.93],4001,4001
8981626159,SMC,XAUUSD,SELL,0.01,2.83,4054.44,4054.44,2026-06-29T12:08:26+00:00,2026-06-29T12:08:26+00:00,[tp 4054.44],4001,4001
8981715472,MICRO,XAUUSD,SELL,0.01,1.02,4052.42,4052.42,2026-06-29T12:10:11+00:00,2026-06-29T12:10:11+00:00,[sl 4052.42],5001,5001
8981831084,SMC,XAUUSD,SELL,0.01,-3.03,4050.43,4050.43,2026-06-29T12:12:37+00:00,2026-06-29T12:12:37+00:00,[sl 4050.43],4001,4001
8982845174,SMC,XAUUSD,SELL,0.01,-3.0,4046.82,4046.82,2026-06-29T12:25:11+00:00,2026-06-29T12:25:11+00:00,[sl 4046.82],4001,4001
8982966664,SMC,XAUUSD,BUY,0.09,-26.01,4049.15,4049.15,2026-06-29T12:27:57+00:00,2026-06-29T12:27:57+00:00,[sl 4049.15],4001,4001
8983073738,SMC,XAUUSD,BUY,0.09,24.3,4044.23,4044.23,2026-06-29T12:32:03+00:00,2026-06-29T12:32:03+00:00,[tp 4044.23],4001,4001
8983114057,MICRO,XAUUSD,BUY,0.11,14.52,4044.96,4044.96,2026-06-29T12:33:09+00:00,2026-06-29T12:33:09+00:00,[sl 4044.96],5001,5001
8983140430,SMC,XAUUSD,BUY,0.09,4.86,4043.67,4043.67,2026-06-29T12:33:55+00:00,2026-06-29T12:33:55+00:00,[sl 4043.67],4001,4001
8983475594,SMC,XAUUSD,BUY,0.09,24.75,4039.76,4039.76,2026-06-29T12:48:10+00:00,2026-06-29T12:48:10+00:00,[tp 4039.76],4001,4001
8983569858,SMC,XAUUSD,BUY,0.12,32.16,4036.46,4036.46,2026-06-29T12:50:20+00:00,2026-06-29T12:50:20+00:00,[tp 4036.46],4001,4001
8983574168,MICRO,XAUUSD,BUY,0.13,58.5,4034.71,4034.71,2026-06-29T12:50:21+00:00,2026-06-29T12:50:21+00:00,[tp 4034.71],5001,5001
8983802020,SMC,XAUUSD,BUY,0.01,2.7,4031.92,4031.92,2026-06-29T12:56:56+00:00,2026-06-29T12:56:56+00:00,[tp 4031.92],4001,4001
8983838521,MICRO,XAUUSD,BUY,0.01,4.53,4030.12,4030.12,2026-06-29T12:57:34+00:00,2026-06-29T12:57:34+00:00,[tp 4030.12],5001,5001
8983841902,SMC,XAUUSD,BUY,0.01,2.69,4028.29,4028.29,2026-06-29T12:57:35+00:00,2026-06-29T12:57:35+00:00,[tp 4028.29],4001,4001
8984044952,SMC,XAUUSD,BUY,0.01,2.59,4029.65,4029.65,2026-06-29T13:02:58+00:00,2026-06-29T13:02:58+00:00,[tp 4029.65],4001,4001
8984121644,SMC,XAUUSD,BUY,0.14,-42.98,4032.08,4032.08,2026-06-29T13:05:54+00:00,2026-06-29T13:05:54+00:00,[sl 4032.08],4001,4001
8984216050,SMC,XAUUSD,BUY,0.14,-41.86,4034.7,4034.7,2026-06-29T13:10:12+00:00,2026-06-29T13:10:12+00:00,[sl 4034.70],4001,4001
8984219029,SWING,XAUUSD,BUY,0.13,-38.61,4035.2,4035.2,2026-06-29T13:10:15+00:00,2026-06-29T13:10:15+00:00,[sl 4035.20],3001,3001
8984304352,SMC,XAUUSD,BUY,0.14,-42.42,4038.52,4038.52,2026-06-29T13:13:01+00:00,2026-06-29T13:13:01+00:00,[sl 4038.52],4001,4001
8984304353,SWING,XAUUSD,BUY,0.12,-36.0,4038.41,4038.41,2026-06-29T13:13:01+00:00,2026-06-29T13:13:01+00:00,[sl 4038.41],3001,3001
8984392161,SMC,XAUUSD,BUY,0.14,55.44,4034.94,4034.94,2026-06-29T13:15:59+00:00,2026-06-29T13:15:59+00:00,[tp 4034.94],4001,4001
8995753625,SMC,XAUUSD,BUY,0.07,18.9,4022.44,4022.44,2026-06-29T20:31:27+00:00,2026-06-29T20:31:27+00:00,[tp 4022.44],4001,4001
8995807227,SMC,XAUUSD,BUY,0.11,-22.0,4023.67,4023.67,2026-06-29T20:34:33+00:00,2026-06-29T20:34:33+00:00,[sl 4023.67],4001,4001
8995988514,SMC,XAUUSD,BUY,0.11,20.57,4021.17,4021.17,2026-06-29T20:47:29+00:00,2026-06-29T20:47:29+00:00,[tp 4021.17],4001,4001
8996089675,SMC,XAUUSD,BUY,0.11,-15.51,4022.59,4022.59,2026-06-29T20:54:08+00:00,2026-06-29T20:54:08+00:00,[sl 4022.59],4001,4001
8996150864,SMC,XAUUSD,BUY,0.11,19.8,4019.72,4019.72,2026-06-29T20:58:23+00:00,2026-06-29T20:58:23+00:00,[tp 4019.72],4001,4001
8996182317,SMC,XAUUSD,BUY,0.11,-16.39,4021.51,4021.51,2026-06-29T21:00:27+00:00,2026-06-29T21:00:27+00:00,[sl 4021.51],4001,4001
8996242169,SMC,XAUUSD,BUY,0.11,-16.39,4023.18,4023.18,2026-06-29T21:04:36+00:00,2026-06-29T21:04:36+00:00,[sl 4023.18],4001,4001
8996403720,SMC,XAUUSD,BUY,0.11,-16.83,4024.53,4024.53,2026-06-29T21:18:07+00:00,2026-06-29T21:18:07+00:00,[sl 4024.53],4001,4001
8996514604,SMC,XAUUSD,BUY,0.11,14.85,4022.79,4022.79,2026-06-29T21:27:27+00:00,2026-06-29T21:27:27+00:00,[tp 4022.79],4001,4001
8996771223,SMC,XAUUSD,BUY,0.11,19.8,4018.64,4018.64,2026-06-29T21:47:46+00:00,2026-06-29T21:47:46+00:00,[tp 4018.64],4001,4001
8996781549,MICRO,XAUUSD,BUY,0.09,27.0,4017.46,4017.46,2026-06-29T21:48:13+00:00,2026-06-29T21:48:13+00:00,[tp 4017.46],5001,5001
8996802703,SMC,XAUUSD,BUY,0.11,19.8,4016.73,4016.73,2026-06-29T21:49:17+00:00,2026-06-29T21:49:17+00:00,[tp 4016.73],4001,4001
8996867408,MICRO,XAUUSD,BUY,0.09,-18.0,4018.14,4018.14,2026-06-29T21:53:34+00:00,2026-06-29T21:53:34+00:00,[sl 4018.14],5001,5001
8996895841,SMC,XAUUSD,BUY,0.11,19.8,4015.04,4015.04,2026-06-29T21:55:49+00:00,2026-06-29T21:55:49+00:00,[tp 4015.04],4001,4001
8997179317,SMC,XAUUSD,BUY,0.11,19.8,4008.84,4008.84,2026-06-29T22:13:18+00:00,2026-06-29T22:13:18+00:00,[tp 4008.84],4001,4001
8997256280,SMC,XAUUSD,BUY,0.11,20.13,4007.81,4007.81,2026-06-29T22:17:31+00:00,2026-06-29T22:17:31+00:00,[tp 4007.81],4001,4001
8997299970,SMC,XAUUSD,BUY,0.11,-22.0,4009.02,4009.02,2026-06-29T22:19:40+00:00,2026-06-29T22:19:40+00:00,[sl 4009.02],4001,4001
8997363189,SMC,XAUUSD,BUY,0.07,-14.21,4012.33,4012.33,2026-06-29T22:23:34+00:00,2026-06-29T22:23:34+00:00,[sl 4012.33],4001,4001
8997402260,SMC,XAUUSD,BUY,0.05,-15.0,4015.05,4015.05,2026-06-29T22:26:12+00:00,2026-06-29T22:26:12+00:00,[sl 4015.05],4001,4001
8997471657,SMC,XAUUSD,BUY,0.05,-15.0,4018.61,4018.61,2026-06-29T22:30:38+00:00,2026-06-29T22:30:38+00:00,[sl 4018.61],4001,4001
8997501340,SMC,XAUUSD,BUY,0.11,9.9,4017.56,4017.56,2026-06-29T22:32:15+00:00,2026-06-29T22:32:15+00:00,[tp 4017.56],4001,4001
8997582383,SMC,XAUUSD,BUY,0.11,-10.89,4018.93,4018.93,2026-06-29T22:39:02+00:00,2026-06-29T22:39:02+00:00,[sl 4018.93],4001,4001
8997649913,SMC,XAUUSD,BUY,0.11,-11.0,4018.3,4018.3,2026-06-29T22:44:53+00:00,2026-06-29T22:44:53+00:00,[sl 4018.30],4001,4001
8997665907,SMC,XAUUSD,BUY,0.11,9.9,4017.06,4017.06,2026-06-29T22:46:21+00:00,2026-06-29T22:46:21+00:00,[tp 4017.06],4001,4001
8997692531,SMC,XAUUSD,BUY,0.11,9.68,4016.65,4016.65,2026-06-29T22:48:55+00:00,2026-06-29T22:48:55+00:00,[tp 4016.65],4001,4001
8997778265,SMC,XAUUSD,BUY,0.11,9.46,4012.99,4012.99,2026-06-29T22:55:17+00:00,2026-06-29T22:55:17+00:00,[tp 4012.99],4001,4001
8997787385,MICRO,XAUUSD,BUY,0.09,-9.0,4014.94,4014.94,2026-06-29T22:55:57+00:00,2026-06-29T22:55:57+00:00,[sl 4014.94],5001,5001
8997808415,SMC,XAUUSD,BUY,0.11,-10.89,4014.81,4014.81,2026-06-29T22:58:00+00:00,2026-06-29T22:58:00+00:00,[sl 4014.81],4001,4001
8998183243,SMC,XAUUSD,BUY,0.11,9.57,4017.66,4017.66,2026-06-30T01:06:27+00:00,2026-06-30T01:06:27+00:00,[tp 4017.66],4001,4001
8998208309,SMC,XAUUSD,BUY,0.11,-11.0,4021.76,4021.76,2026-06-30T01:09:43+00:00,2026-06-30T01:09:43+00:00,[sl 4021.76],4001,4001
8998244438,SMC,XAUUSD,BUY,0.11,9.9,4018.22,4018.22,2026-06-30T01:14:41+00:00,2026-06-30T01:14:41+00:00,[tp 4018.22],4001,4001
8998260969,SMC,XAUUSD,BUY,0.11,-11.0,4020.21,4020.21,2026-06-30T01:17:22+00:00,2026-06-30T01:17:22+00:00,[sl 4020.21],4001,4001
8998275877,SMC,XAUUSD,BUY,0.11,-11.0,4020.19,4020.19,2026-06-30T01:19:50+00:00,2026-06-30T01:19:50+00:00,[sl 4020.19],4001,4001
8998309571,SMC,XAUUSD,BUY,0.01,0.91,4017.44,4017.44,2026-06-30T01:25:04+00:00,2026-06-30T01:25:04+00:00,[tp 4017.44],4001,4001
8998328029,SMC,XAUUSD,BUY,0.01,0.9,4016.14,4016.14,2026-06-30T01:27:43+00:00,2026-06-30T01:27:43+00:00,[tp 4016.14],4001,4001
8998330227,MICRO,XAUUSD,BUY,0.01,-1.0,4016.92,4016.92,2026-06-30T01:27:59+00:00,2026-06-30T01:27:59+00:00,[sl 4016.92],5001,5001
8998345439,SMC,XAUUSD,BUY,0.01,0.89,4015.15,4015.15,2026-06-30T01:30:31+00:00,2026-06-30T01:30:31+00:00,[tp 4015.15],4001,4001
8998708836,SMC,XAUUSD,BUY,0.11,-11.0,4022.05,4022.05,2026-06-30T02:19:10+00:00,2026-06-30T02:19:10+00:00,[sl 4022.05],4001,4001
8998757557,SMC,XAUUSD,BUY,0.05,13.6,4017.79,4017.79,2026-06-30T02:25:50+00:00,2026-06-30T02:25:50+00:00,[tp 4017.79],4001,4001
8998809448,SMC,XAUUSD,BUY,0.05,-15.0,4020.28,4020.28,2026-06-30T02:31:55+00:00,2026-06-30T02:31:55+00:00,[sl 4020.28],4001,4001
8998809450,MICRO,XAUUSD,BUY,0.06,-18.0,4020.26,4020.26,2026-06-30T02:31:55+00:00,2026-06-30T02:31:55+00:00,[sl 4020.26],5001,5001
8998882553,SMC,XAUUSD,BUY,0.06,16.2,4015.87,4015.87,2026-06-30T02:41:49+00:00,2026-06-30T02:41:49+00:00,[tp 4015.87],4001,4001
8999800570,MICRO,XAUUSD,BUY,0.02,45.0,3981.91,3981.91,2026-06-30T03:56:59+00:00,2026-06-30T03:56:59+00:00,[tp 3981.91],5001,5001
8999943220,SMC,XAUUSD,BUY,0.01,29.99,3977.13,3977.13,2026-06-30T04:02:05+00:00,2026-06-30T04:02:05+00:00,[tp 3977.13],4001,4001
9000138126,MICRO,XAUUSD,BUY,0.02,30.0,3962.6,3962.6,2026-06-30T04:07:12+00:00,2026-06-30T04:07:12+00:00,[tp 3962.60],5001,5001
9000149949,SMC,XAUUSD,BUY,0.02,40.02,3957.94,3957.94,2026-06-30T04:07:15+00:00,2026-06-30T04:07:15+00:00,[tp 3957.94],4001,4001
9000310503,MICRO,XAUUSD,BUY,0.03,-30.0,3957.14,3957.14,2026-06-30T04:08:30+00:00,2026-06-30T04:08:30+00:00,[sl 3957.14],5001,5001
9000310688,SMC,XAUUSD,BUY,0.01,-11.56,3958.21,3958.21,2026-06-30T04:08:30+00:00,2026-06-30T04:08:30+00:00,[sl 3958.21],4001,4001
9000529812,SMC,XAUUSD,BUY,0.01,3.78,3962.04,3962.04,2026-06-30T04:17:43+00:00,2026-06-30T04:17:43+00:00,[sl 3962.04],4001,4001
9001127308,SMC,XAUUSD,BUY,0.01,3.49,3964.63,3964.63,2026-06-30T04:48:15+00:00,2026-06-30T04:48:15+00:00,[sl 3964.63],4001,4001
9002339055,MICRO,XAUUSD,BUY,0.01,-3.0,3964.77,3964.77,2026-06-30T06:00:14+00:00,2026-06-30T06:00:14+00:00,[sl 3964.77],5001,5001
9002819962,MICRO,XAUUSD,BUY,0.07,3.71,3965.22,3965.22,2026-06-30T06:29:09+00:00,2026-06-30T06:29:09+00:00,[sl 3965.22],5001,5001
9002947499,MICRO,XAUUSD,BUY,0.07,-22.26,3964.6,3964.6,2026-06-30T06:36:44+00:00,2026-06-30T06:36:44+00:00,[sl 3964.60],5001,5001
9003227134,SMC,XAUUSD,BUY,0.01,-15.0,3975.14,3975.14,2026-06-30T07:01:34+00:00,2026-06-30T07:01:34+00:00,[sl 3975.14],4001,4001
9003247965,SMC,XAUUSD,BUY,0.11,10.23,3973.18,3973.18,2026-06-30T07:02:35+00:00,2026-06-30T07:02:35+00:00,[tp 3973.18],4001,4001
9003327927,MICRO,XAUUSD,BUY,0.09,-18.0,3970.55,3970.55,2026-06-30T07:08:55+00:00,2026-06-30T07:08:55+00:00,[sl 3970.55],5001,5001
9003371992,SMC,XAUUSD,BUY,0.11,-22.0,3971.91,3971.91,2026-06-30T07:12:45+00:00,2026-06-30T07:12:45+00:00,[sl 3971.91],4001,4001
9003393266,SMC,XAUUSD,BUY,0.11,-11.0,3972.67,3972.67,2026-06-30T07:14:39+00:00,2026-06-30T07:14:39+00:00,[sl 3972.67],4001,4001
9003425052,SMC,XAUUSD,BUY,0.11,-10.89,3974.04,3974.04,2026-06-30T07:17:18+00:00,2026-06-30T07:17:18+00:00,[sl 3974.04],4001,4001
9003476875,MICRO,XAUUSD,SELL,0.1,15.0,3976.51,3976.51,2026-06-30T07:21:27+00:00,2026-06-30T07:21:27+00:00,[tp 3976.51],5001,5001
9003593763,SMC,XAUUSD,BUY,0.05,-25.0,3981.76,3981.76,2026-06-30T07:29:35+00:00,2026-06-30T07:29:35+00:00,[sl 3981.76],4001,4001
9003629341,SMC,XAUUSD,BUY,0.03,-15.03,3988.45,3988.45,2026-06-30T07:30:41+00:00,2026-06-30T07:30:41+00:00,[sl 3988.45],4001,4001
9003731051,MICRO,XAUUSD,SELL,0.05,37.5,3995.99,3995.99,2026-06-30T07:34:31+00:00,2026-06-30T07:34:31+00:00,[tp 3995.99],5001,5001
9003880912,SMC,XAUUSD,BUY,0.06,26.58,3991.14,3991.14,2026-06-30T07:42:05+00:00,2026-06-30T07:42:05+00:00,[tp 3991.14],4001,4001
9003980837,SMC,XAUUSD,BUY,0.06,27.18,3985.85,3985.85,2026-06-30T07:47:22+00:00,2026-06-30T07:47:22+00:00,[tp 3985.85],4001,4001
9004002587,MICRO,XAUUSD,BUY,0.05,24.65,3985.52,3985.52,2026-06-30T07:48:30+00:00,2026-06-30T07:48:30+00:00,[sl 3985.52],5001,5001
9004023538,SMC,XAUUSD,BUY,0.03,-15.0,3988.96,3988.96,2026-06-30T07:49:50+00:00,2026-06-30T07:49:50+00:00,[sl 3988.96],4001,4001
9004030023,MICRO,XAUUSD,BUY,0.05,-25.0,3990.4,3990.4,2026-06-30T07:50:08+00:00,2026-06-30T07:50:08+00:00,[sl 3990.40],5001,5001
9004176555,SMC,XAUUSD,BUY,0.08,36.0,3985.33,3985.33,2026-06-30T08:00:26+00:00,2026-06-30T08:00:26+00:00,[tp 3985.33],4001,4001
9004526056,SMC,XAUUSD,BUY,0.06,7.44,3983.01,3983.01,2026-06-30T08:23:13+00:00,2026-06-30T08:23:13+00:00,[sl 3983.01],4001,4001
9004526166,MICRO,XAUUSD,BUY,0.05,3.65,3983.5,3983.5,2026-06-30T08:23:13+00:00,2026-06-30T08:23:13+00:00,[sl 3983.50],5001,5001
9004668719,SMC,XAUUSD,BUY,0.11,31.24,3978.22,3978.22,2026-06-30T08:30:55+00:00,2026-06-30T08:30:55+00:00,[sl 3978.22],4001,4001
9005251570,MICRO,XAUUSD,BUY,0.03,-30.06,3987.09,3987.09,2026-06-30T09:05:52+00:00,2026-06-30T09:05:52+00:00,[sl 3987.09],5001,5001
9005252198,SMC,XAUUSD,BUY,0.03,-30.03,3987.46,3987.46,2026-06-30T09:05:53+00:00,2026-06-30T09:05:53+00:00,[sl 3987.46],4001,4001
9005595727,SMC,XAUUSD,BUY,0.03,-29.88,3996.64,3996.64,2026-06-30T09:23:42+00:00,2026-06-30T09:23:42+00:00,[sl 3996.64],4001,4001
9005640213,SMC,XAUUSD,BUY,0.04,-19.4,4003.16,4003.16,2026-06-30T09:24:31+00:00,2026-06-30T09:24:31+00:00,[sl 4003.16],4001,4001
9005929948,SMC,XAUUSD,BUY,0.01,-15.0,4021.12,4021.12,2026-06-30T09:32:24+00:00,2026-06-30T09:32:24+00:00,[sl 4021.12],4001,4001
9008879166,SMC,XAUUSD,BUY,0.03,13.14,4018.79,4018.79,2026-06-30T11:45:04+00:00,2026-06-30T11:45:04+00:00,[sl 4018.79],4001,4001
9009201660,SMC,XAUUSD,BUY,0.02,4.34,4016.93,4016.93,2026-06-30T12:02:56+00:00,2026-06-30T12:02:56+00:00,[sl 4016.93],4001,4001
9009939895,MICRO,XAUUSD,BUY,0.01,-5.01,4018.69,4018.69,2026-06-30T12:44:58+00:00,2026-06-30T12:44:58+00:00,[sl 4018.69],5001,5001
9010781667,SMC,XAUUSD,BUY,0.02,-20.38,4028.01,4028.01,2026-06-30T13:28:27+00:00,2026-06-30T13:28:27+00:00,[sl 4028.01],4001,4001
9011594401,SMC,XAUUSD,BUY,0.01,-5.02,4032.79,4032.79,2026-06-30T14:13:08+00:00,2026-06-30T14:13:08+00:00,[sl 4032.79],4001,4001
9012757750,SMC,XAUUSD,BUY,0.05,22.45,4028.31,4028.31,2026-06-30T15:10:04+00:00,2026-06-30T15:10:04+00:00,[tp 4028.31],4001,4001
9013040170,SMC,XAUUSD,BUY,0.05,22.6,4023.1,4023.1,2026-06-30T15:21:29+00:00,2026-06-30T15:21:29+00:00,[tp 4023.10],4001,4001
9013115764,MICRO,XAUUSD,BUY,0.03,22.83,4020.11,4020.11,2026-06-30T15:23:42+00:00,2026-06-30T15:23:42+00:00,[tp 4020.11],5001,5001
9013192796,SMC,XAUUSD,BUY,0.11,46.31,4016.4,4016.4,2026-06-30T15:25:42+00:00,2026-06-30T15:25:42+00:00,[tp 4016.40],4001,4001
9013535361,SMC,XAUUSD,BUY,0.07,31.57,4013.08,4013.08,2026-06-30T15:36:40+00:00,2026-06-30T15:36:40+00:00,[tp 4013.08],4001,4001
9014029073,SMC,XAUUSD,BUY,0.07,31.85,4012.2,4012.2,2026-06-30T15:56:44+00:00,2026-06-30T15:56:44+00:00,[tp 4012.20],4001,4001
9014074790,MICRO,XAUUSD,BUY,0.04,30.0,4010.57,4010.57,2026-06-30T15:58:08+00:00,2026-06-30T15:58:08+00:00,[tp 4010.57],5001,5001
9014411011,SMC,XAUUSD,BUY,0.07,-35.0,4020.81,4020.81,2026-06-30T16:07:58+00:00,2026-06-30T16:07:58+00:00,[sl 4020.81],4001,4001
9014757207,MICRO,XAUUSD,SELL,0.01,7.61,4027.82,4027.82,2026-06-30T16:18:39+00:00,2026-06-30T16:18:39+00:00,[tp 4027.82],5001,5001
9014825025,SMC,XAUUSD,BUY,0.01,-4.97,4032.95,4032.95,2026-06-30T16:20:12+00:00,2026-06-30T16:20:12+00:00,[sl 4032.95],4001,4001
9014999354,SMC,XAUUSD,BUY,0.01,4.4,4020.83,4020.83,2026-06-30T16:24:40+00:00,2026-06-30T16:24:40+00:00,[tp 4020.83],4001,4001
9015162542,MICRO,XAUUSD,BUY,0.01,-5.1,4026.83,4026.83,2026-06-30T16:30:25+00:00,2026-06-30T16:30:25+00:00,[sl 4026.83],5001,5001
9015359158,SMC,XAUUSD,BUY,0.01,4.49,4017.18,4017.18,2026-06-30T16:36:53+00:00,2026-06-30T16:36:53+00:00,[tp 4017.18],4001,4001
9015480371,SMC,XAUUSD,BUY,0.01,-5.02,4018.83,4018.83,2026-06-30T16:40:31+00:00,2026-06-30T16:40:31+00:00,[sl 4018.83],4001,4001
9015566314,MICRO,XAUUSD,BUY,0.01,-5.4,4022.79,4022.79,2026-06-30T16:43:40+00:00,2026-06-30T16:43:40+00:00,[sl 4022.79],5001,5001
9015674097,SMC,XAUUSD,BUY,0.01,-4.94,4027.38,4027.38,2026-06-30T16:46:57+00:00,2026-06-30T16:46:57+00:00,[sl 4027.38],4001,4001
9015847688,SMC,XAUUSD,BUY,0.01,-5.23,4030.67,4030.67,2026-06-30T16:53:23+00:00,2026-06-30T16:53:23+00:00,[sl 4030.67],4001,4001
9015988656,SMC,XAUUSD,BUY,0.01,4.03,4027.58,4027.58,2026-06-30T16:58:16+00:00,2026-06-30T16:58:16+00:00,[tp 4027.58],4001,4001
9016327078,SMC,XAUUSD,BUY,0.01,-5.05,4034.62,4034.62,2026-06-30T17:09:16+00:00,2026-06-30T17:09:16+00:00,[sl 4034.62],4001,4001
9016980034,SMC,XAUUSD,BUY,0.01,-5.58,4053.93,4053.93,2026-06-30T17:21:26+00:00,2026-06-30T17:21:26+00:00,[sl 4053.93],4001,4001
9017211431,MICRO,XAUUSD,SELL,0.01,7.47,4061.12,4061.12,2026-06-30T17:24:36+00:00,2026-06-30T17:24:36+00:00,[tp 4061.12],5001,5001
9017753992,SMC,XAUUSD,BUY,0.01,4.54,4047.2,4047.2,2026-06-30T17:38:43+00:00,2026-06-30T17:38:43+00:00,[tp 4047.20],4001,4001
9017806649,SMC,XAUUSD,BUY,0.01,-5.03,4050.6,4050.6,2026-06-30T17:40:03+00:00,2026-06-30T17:40:03+00:00,[sl 4050.60],4001,4001
9018000216,SMC,XAUUSD,BUY,0.01,4.19,4046.06,4046.06,2026-06-30T17:46:45+00:00,2026-06-30T17:46:45+00:00,[tp 4046.06],4001,4001
9018322524,SMC,XAUUSD,BUY,0.01,4.5,4041.57,4041.57,2026-06-30T17:57:10+00:00,2026-06-30T17:57:10+00:00,[tp 4041.57],4001,4001
9018324931,MICRO,XAUUSD,BUY,0.01,7.13,4041.21,4041.21,2026-06-30T17:57:14+00:00,2026-06-30T17:57:14+00:00,[tp 4041.21],5001,5001
9018661514,SMC,XAUUSD,BUY,0.01,-5.04,4037.89,4037.89,2026-06-30T18:06:59+00:00,2026-06-30T18:06:59+00:00,[sl 4037.89],4001,4001
9018661517,MICRO,XAUUSD,BUY,0.01,-4.97,4037.9,4037.9,2026-06-30T18:06:59+00:00,2026-06-30T18:06:59+00:00,[sl 4037.90],5001,5001
9018957009,SMC,XAUUSD,BUY,0.01,4.47,4028.92,4028.92,2026-06-30T18:17:45+00:00,2026-06-30T18:17:45+00:00,[tp 4028.92],4001,4001
9019132440,SMC,XAUUSD,BUY,0.01,4.43,4022.84,4022.84,2026-06-30T18:22:39+00:00,2026-06-30T18:22:39+00:00,[tp 4022.84],4001,4001
9019653590,SMC,XAUUSD,BUY,0.09,-45.18,4032.0,4032.0,2026-06-30T18:45:20+00:00,2026-06-30T18:45:20+00:00,[sl 4032.00],4001,4001
9019655191,MICRO,XAUUSD,BUY,0.01,-5.0,4032.35,4032.35,2026-06-30T18:45:22+00:00,2026-06-30T18:45:22+00:00,[sl 4032.35],5001,5001
9020026219,SMC,XAUUSD,BUY,0.1,45.0,4027.99,4027.99,2026-06-30T19:01:07+00:00,2026-06-30T19:01:07+00:00,[tp 4027.99],4001,4001
9020910555,SMC,XAUUSD,BUY,0.1,-50.0,4033.82,4033.82,2026-06-30T19:46:19+00:00,2026-06-30T19:46:19+00:00,[sl 4033.82],4001,4001
9021088895,SMC,XAUUSD,BUY,0.1,45.0,4028.13,4028.13,2026-06-30T19:57:33+00:00,2026-06-30T19:57:33+00:00,[tp 4028.13],4001,4001
9021305335,SMC,XAUUSD,BUY,0.01,4.56,4022.78,4022.78,2026-06-30T20:08:22+00:00,2026-06-30T20:08:22+00:00,[tp 4022.78],4001,4001
9021446973,MICRO,XAUUSD,BUY,0.01,3.15,4024.18,4024.18,2026-06-30T20:15:35+00:00,2026-06-30T20:15:35+00:00,[sl 4024.18],5001,5001
9021496218,SMC,XAUUSD,BUY,0.01,-5.03,4027.2,4027.2,2026-06-30T20:18:00+00:00,2026-06-30T20:18:00+00:00,[sl 4027.20],4001,4001
9021657454,SMC,XAUUSD,BUY,0.01,4.48,4022.59,4022.59,2026-06-30T20:27:29+00:00,2026-06-30T20:27:29+00:00,[tp 4022.59],4001,4001
9021733340,SMC,XAUUSD,BUY,0.01,-5.0,4027.73,4027.73,2026-06-30T20:30:48+00:00,2026-06-30T20:30:48+00:00,[sl 4027.73],4001,4001
9021978331,SMC,XAUUSD,BUY,0.01,-5.0,4030.85,4030.85,2026-06-30T20:52:12+00:00,2026-06-30T20:52:12+00:00,[sl 4030.85],4001,4001
9022066170,SMC,XAUUSD,BUY,0.1,13.3,4030.84,4030.84,2026-06-30T20:59:50+00:00,2026-06-30T20:59:50+00:00,[sl 4030.84],4001,4001
9022483803,SMC,XAUUSD,BUY,0.07,7.49,4030.36,4030.36,2026-06-30T21:32:25+00:00,2026-06-30T21:32:25+00:00,[sl 4030.36],4001,4001
9023082823,SMC,XAUUSD,BUY,0.08,36.24,4025.45,4025.45,2026-06-30T22:06:42+00:00,2026-06-30T22:06:42+00:00,[tp 4025.45],4001,4001
9023409491,MICRO,XAUUSD,BUY,0.03,22.5,4022.43,4022.43,2026-06-30T22:24:34+00:00,2026-06-30T22:24:34+00:00,[tp 4022.43],5001,5001
9025241905,SMC,XAUUSD,BUY,0.04,9.04,4007.54,4007.54,2026-07-01T03:00:22+00:00,2026-07-01T03:00:22+00:00,[sl 4007.54],4001,4001
9025394254,SMC,XAUUSD,BUY,0.06,27.0,4002.64,4002.64,2026-07-01T03:19:50+00:00,2026-07-01T03:19:50+00:00,[tp 4002.64],4001,4001
9026223866,SMC,XAUUSD,BUY,0.06,102.36,3984.75,3984.75,2026-07-01T04:21:08+00:00,2026-07-01T04:21:08+00:00,[sl 3984.75],4001,4001
9026370762,SMC,XAUUSD,BUY,0.05,-25.1,3988.29,3988.29,2026-07-01T04:30:36+00:00,2026-07-01T04:30:36+00:00,[sl 3988.29],4001,4001
9026421982,SMC,XAUUSD,BUY,0.08,36.0,3980.72,3980.72,2026-07-01T04:33:20+00:00,2026-07-01T04:33:20+00:00,[tp 3980.72],4001,4001
9026706653,MICRO,XAUUSD,BUY,0.06,-2.16,3977.7,3977.7,2026-07-01T04:49:23+00:00,2026-07-01T04:49:23+00:00,[sl 3977.70],5001,5001
9026808652,SMC,XAUUSD,BUY,0.11,17.6,3977.05,3977.05,2026-07-01T04:56:08+00:00,2026-07-01T04:56:08+00:00,[sl 3977.05],4001,4001
9026902958,SMC,XAUUSD,BUY,0.08,36.48,3972.77,3972.77,2026-07-01T05:05:26+00:00,2026-07-01T05:05:26+00:00,[tp 3972.77],4001,4001
9027088843,MICRO,XAUUSD,BUY,0.06,-56.1,3981.25,3981.25,2026-07-01T05:20:04+00:00,2026-07-01T05:20:04+00:00,[sl 3981.25],5001,5001
9027590152,SMC,XAUUSD,BUY,0.08,-107.84,3985.34,3985.34,2026-07-01T06:10:00+00:00,2026-07-01T06:10:00+00:00,[sl 3985.34],4001,4001
9027875050,SMC,XAUUSD,BUY,0.03,13.98,3979.52,3979.52,2026-07-01T06:37:11+00:00,2026-07-01T06:37:11+00:00,[sl 3979.52],4001,4001
9028265325,SMC,XAUUSD,BUY,0.02,5.88,3976.97,3976.97,2026-07-01T07:16:04+00:00,2026-07-01T07:16:04+00:00,[sl 3976.97],4001,4001
9029871021,SMC,XAUUSD,BUY,0.02,15.56,3966.77,3966.77,2026-07-01T09:10:52+00:00,2026-07-01T09:10:52+00:00,[sl 3966.77],4001,4001
9029979112,MICRO,XAUUSD,BUY,0.02,18.46,3966.29,3966.29,2026-07-01T09:16:22+00:00,2026-07-01T09:16:22+00:00,[sl 3966.29],5001,5001
9032233173,SMC,XAUUSD,BUY,0.04,-55.04,3980.09,3980.09,2026-07-01T11:17:10+00:00,2026-07-01T11:17:10+00:00,[sl 3980.09],4001,4001
9032999270,SMC,XAUUSD,BUY,0.11,49.5,3972.43,3972.43,2026-07-01T11:58:44+00:00,2026-07-01T11:58:44+00:00,[tp 3972.43],4001,4001
9033108463,SMC,XAUUSD,BUY,0.11,-54.34,3976.33,3976.33,2026-07-01T12:05:33+00:00,2026-07-01T12:05:33+00:00,[sl 3976.33],4001,4001
9033108491,MICRO,XAUUSD,BUY,0.09,-45.0,3976.37,3976.37,2026-07-01T12:05:33+00:00,2026-07-01T12:05:33+00:00,[sl 3976.37],5001,5001
57022142610,SMC,XAUUSD,BUY,0.01,-3.0,4068.66,4068.66,2026-07-02T06:49:26+00:00,2026-07-02T06:49:26+00:00,[sl 4068.66],4001,4001
57022178785,SMC,XAUUSD,BUY,0.01,-3.0,4071.1,4071.1,2026-07-02T06:52:28+00:00,2026-07-02T06:52:28+00:00,[sl 4071.10],4001,4001
57022429974,SMC,XAUUSD,BUY,0.01,3.0,4067.29,4067.29,2026-07-02T07:19:10+00:00,2026-07-02T07:19:10+00:00,[tp 4067.29],4001,4001
57022547095,SMC,XAUUSD,BUY,0.01,3.01,4063.92,4063.92,2026-07-02T07:31:34+00:00,2026-07-02T07:31:34+00:00,[tp 4063.92],4001,4001
57022627465,MICRO,XAUUSD,BUY,0.01,4.71,4062.22,4062.22,2026-07-02T07:41:16+00:00,2026-07-02T07:41:16+00:00,[tp 4062.22],5001,5001
57022788845,SMC,XAUUSD,BUY,0.01,2.97,4061.07,4061.07,2026-07-02T07:59:53+00:00,2026-07-02T07:59:53+00:00,[tp 4061.07],4001,4001
57022912202,SMC,XAUUSD,SELL,0.01,-3.0,4056.82,4056.82,2026-07-02T08:10:56+00:00,2026-07-02T08:10:56+00:00,[sl 4056.82],4001,4001
57022945919,SMC,XAUUSD,SELL,0.01,-3.0,4055.05,4055.05,2026-07-02T08:13:24+00:00,2026-07-02T08:13:24+00:00,[sl 4055.05],4001,4001
57023002821,MICRO,XAUUSD,BUY,0.01,-3.0,4058.41,4058.41,2026-07-02T08:18:00+00:00,2026-07-02T08:18:00+00:00,[sl 4058.41],5001,5001
57023069193,SMC,XAUUSD,SELL,0.01,2.53,4061.43,4061.43,2026-07-02T08:24:26+00:00,2026-07-02T08:24:26+00:00,[tp 4061.43],4001,4001
57023115825,SMC,XAUUSD,SELL,0.01,-2.92,4058.99,4058.99,2026-07-02T08:28:09+00:00,2026-07-02T08:28:09+00:00,[sl 4058.99],4001,4001
57023137949,MICRO,XAUUSD,SELL,0.01,-3.03,4056.74,4056.74,2026-07-02T08:30:01+00:00,2026-07-02T08:30:01+00:00,[sl 4056.74],5001,5001
57023139234,SMC,XAUUSD,SELL,0.01,-3.01,4055.74,4055.74,2026-07-02T08:30:04+00:00,2026-07-02T08:30:04+00:00,[sl 4055.74],4001,4001
57023186418,SMC,XAUUSD,SELL,0.01,-3.01,4055.2,4055.2,2026-07-02T08:33:18+00:00,2026-07-02T08:33:18+00:00,[sl 4055.20],4001,4001
57023255493,SMC,XAUUSD,SELL,0.01,2.99,4061.7,4061.7,2026-07-02T08:37:38+00:00,2026-07-02T08:37:38+00:00,[tp 4061.70],4001,4001
57023406525,MICRO,XAUUSD,SELL,0.01,-2.99,4061.12,4061.12,2026-07-02T08:49:25+00:00,2026-07-02T08:49:25+00:00,[sl 4061.12],5001,5001
57023409153,SMC,XAUUSD,SELL,0.01,-3.0,4060.04,4060.04,2026-07-02T08:49:31+00:00,2026-07-02T08:49:31+00:00,[sl 4060.04],4001,4001
57023437881,SMC,XAUUSD,SELL,0.01,3.0,4064.48,4064.48,2026-07-02T08:51:50+00:00,2026-07-02T08:51:50+00:00,[tp 4064.48],4001,4001
57023522952,SMC,XAUUSD,SELL,0.01,3.05,4067.63,4067.63,2026-07-02T08:59:28+00:00,2026-07-02T08:59:28+00:00,[tp 4067.63],4001,4001
57023578327,SMC,XAUUSD,SELL,0.01,2.98,4072.93,4072.93,2026-07-02T09:02:14+00:00,2026-07-02T09:02:14+00:00,[tp 4072.93],4001,4001
57023583296,MICRO,XAUUSD,SELL,0.01,4.7,4074.58,4074.58,2026-07-02T09:02:22+00:00,2026-07-02T09:02:22+00:00,[tp 4074.58],5001,5001
57023627646,MICRO,XAUUSD,SELL,0.01,-2.97,4071.47,4071.47,2026-07-02T09:04:38+00:00,2026-07-02T09:04:38+00:00,[sl 4071.47],5001,5001
57023632157,SMC,XAUUSD,SELL,0.01,-2.99,4070.12,4070.12,2026-07-02T09:04:53+00:00,2026-07-02T09:04:53+00:00,[sl 4070.12],4001,4001
57023705883,SMC,XAUUSD,SELL,0.01,-2.87,4070.38,4070.38,2026-07-02T09:09:51+00:00,2026-07-02T09:09:51+00:00,[sl 4070.38],4001,4001
57023810342,SMC,XAUUSD,SELL,0.01,3.02,4073.12,4073.12,2026-07-02T09:17:36+00:00,2026-07-02T09:17:36+00:00,[tp 4073.12],4001,4001
57023866229,SMC,XAUUSD,SELL,0.01,3.0,4076.35,4076.35,2026-07-02T09:21:07+00:00,2026-07-02T09:21:07+00:00,[tp 4076.35],4001,4001
57023888076,MICRO,XAUUSD,SELL,0.01,4.69,4078.04,4078.04,2026-07-02T09:22:10+00:00,2026-07-02T09:22:10+00:00,[tp 4078.04],5001,5001
57023926872,SMC,XAUUSD,SELL,0.01,-3.03,4076.83,4076.83,2026-07-02T09:24:13+00:00,2026-07-02T09:24:13+00:00,[sl 4076.83],4001,4001
57023926875,MICRO,XAUUSD,SELL,0.01,-2.98,4076.79,4076.79,2026-07-02T09:24:13+00:00,2026-07-02T09:24:13+00:00,[sl 4076.79],5001,5001
57023988934,SMC,XAUUSD,SELL,0.01,-2.91,4076.32,4076.32,2026-07-02T09:28:47+00:00,2026-07-02T09:28:47+00:00,[sl 4076.32],4001,4001
57023999598,MICRO,XAUUSD,SELL,0.01,-3.0,4075.08,4075.08,2026-07-02T09:29:31+00:00,2026-07-02T09:29:31+00:00,[sl 4075.08],5001,5001
57024075577,SMC,XAUUSD,SELL,0.01,-3.0,4073.74,4073.74,2026-07-02T09:35:37+00:00,2026-07-02T09:35:37+00:00,[sl 4073.74],4001,4001
57024146731,SMC,XAUUSD,SELL,0.01,-3.0,4071.37,4071.37,2026-07-02T09:41:15+00:00,2026-07-02T09:41:15+00:00,[sl 4071.37],4001,4001
57024180105,SMC,XAUUSD,SELL,0.01,-3.0,4066.82,4066.82,2026-07-02T09:43:01+00:00,2026-07-02T09:43:01+00:00,[sl 4066.82],4001,4001
57024227398,MICRO,XAUUSD,BUY,0.01,-3.02,4069.5,4069.5,2026-07-02T09:46:06+00:00,2026-07-02T09:46:06+00:00,[sl 4069.50],5001,5001
57024281524,SMC,XAUUSD,SELL,0.01,3.0,4071.03,4071.03,2026-07-02T09:49:42+00:00,2026-07-02T09:49:42+00:00,[tp 4071.03],4001,4001
57024951800,SMC,XAUUSD,SELL,0.01,3.0,4066.33,4066.33,2026-07-02T10:37:26+00:00,2026-07-02T10:37:26+00:00,[tp 4066.33],4001,4001
57024990683,SMC,XAUUSD,SELL,0.01,3.01,4070.22,4070.22,2026-07-02T10:39:27+00:00,2026-07-02T10:39:27+00:00,[tp 4070.22],4001,4001
57025020763,MICRO,XAUUSD,SELL,0.01,4.7,4071.9,4071.9,2026-07-02T10:40:51+00:00,2026-07-02T10:40:51+00:00,[tp 4071.90],5001,5001
57025132783,SMC,XAUUSD,SELL,0.01,-2.94,4071.1,4071.1,2026-07-02T10:46:32+00:00,2026-07-02T10:46:32+00:00,[sl 4071.10],4001,4001
57025154063,MICRO,XAUUSD,SELL,0.01,-2.99,4069.43,4069.43,2026-07-02T10:47:44+00:00,2026-07-02T10:47:44+00:00,[sl 4069.43],5001,5001
57025159709,SMC,XAUUSD,SELL,0.01,-2.95,4067.63,4067.63,2026-07-02T10:48:02+00:00,2026-07-02T10:48:02+00:00,[sl 4067.63],4001,4001
57025330397,MICRO,XAUUSD,BUY,0.01,4.68,4063.73,4063.73,2026-07-02T11:00:14+00:00,2026-07-02T11:00:14+00:00,[tp 4063.73],5001,5001
57025391661,SMC,XAUUSD,SELL,0.01,3.0,4065.57,4065.57,2026-07-02T11:03:28+00:00,2026-07-02T11:03:28+00:00,[tp 4065.57],4001,4001
57025485531,SMC,XAUUSD,SELL,0.01,2.98,4069.55,4069.55,2026-07-02T11:09:02+00:00,2026-07-02T11:09:02+00:00,[tp 4069.55],4001,4001
57025512693,MICRO,XAUUSD,SELL,0.01,4.7,4072.89,4072.89,2026-07-02T11:10:21+00:00,2026-07-02T11:10:21+00:00,[tp 4072.89],5001,5001
57025575505,MICRO,XAUUSD,SELL,0.01,-2.99,4070.51,4070.51,2026-07-02T11:14:17+00:00,2026-07-02T11:14:17+00:00,[sl 4070.51],5001,5001
57025582769,SMC,XAUUSD,SELL,0.01,-3.0,4068.87,4068.87,2026-07-02T11:14:39+00:00,2026-07-02T11:14:39+00:00,[sl 4068.87],4001,4001
57025623560,SMC,XAUUSD,SELL,0.01,3.06,4071.92,4071.92,2026-07-02T11:17:17+00:00,2026-07-02T11:17:17+00:00,[tp 4071.92],4001,4001
9062464098,SMC,XAUUSD,SELL,0.01,21.82,4092.74,4092.74,2026-07-02T15:30:13+00:00,2026-07-02T15:30:13+00:00,[tp 4092.74],4001,4001
9066305288,SMC,XAUUSD,SELL,0.01,6.78,4139.49,4139.49,2026-07-02T16:53:48+00:00,2026-07-02T16:53:48+00:00,[sl 4139.49],4001,4001
9070287265,SMC,XAUUSD,SELL,0.01,-15.16,4108.65,4108.65,2026-07-02T19:30:30+00:00,2026-07-02T19:30:30+00:00,[sl 4108.65],4001,4001
9072401639,SMC,XAUUSD,SELL,0.01,14.87,4123.51,4123.51,2026-07-02T21:10:03+00:00,2026-07-02T21:10:03+00:00,[tp 4123.51],4001,4001
57047076825,SMC,XAUUSD,SELL,0.07,-55.09,4172.16,4172.16,2026-07-03T12:27:00+00:00,2026-07-03T12:27:00+00:00,[so 29.61%/17.33/58.52],4001,4001
57050373661,SMC,XAUUSD,SELL,0.02,-12.38,4165.71,4165.71,2026-07-03T16:12:10+00:00,2026-07-03T16:12:10+00:00,[so 29.66%/4.95/16.69],4001,4001
9093506098,MICRO,XAUUSD,SELL,0.06,32.82,4183.1,4183.1,2026-07-06T03:58:02+00:00,2026-07-06T03:58:02+00:00,[sl 4183.10],5001,5001
9093512456,SMC,XAUUSD,SELL,0.04,29.04,4181.23,4181.23,2026-07-06T03:58:20+00:00,2026-07-06T03:58:20+00:00,[sl 4181.23],4001,4001
9093842527,SMC,XAUUSD,SELL,0.04,25.44,4187.88,4187.88,2026-07-06T04:17:32+00:00,2026-07-06T04:17:32+00:00,[sl 4187.88],4001,4001
9094040464,MICRO,XAUUSD,BUY,0.06,-59.82,4191.93,4191.93,2026-07-06T04:32:29+00:00,2026-07-06T04:32:29+00:00,[sl 4191.93],5001,5001
9094272674,SMC,XAUUSD,SELL,0.05,31.1,4198.01,4198.01,2026-07-06T04:49:03+00:00,2026-07-06T04:49:03+00:00,[sl 4198.01],4001,4001
9094516352,SMC,XAUUSD,SELL,0.05,-77.9,4181.36,4181.36,2026-07-06T05:06:08+00:00,2026-07-06T05:06:08+00:00,[sl 4181.36],4001,4001
57065470347,MICRO,XAUUSD,SELL,0.02,1.0,4155.03,4155.03,2026-07-06T14:29:46+00:00,2026-07-06T14:29:46+00:00,[sl 4155.03],5001,5001
57066709824,SMC,XAUUSD,SELL,0.01,-15.0,4141.4,4141.4,2026-07-06T15:36:04+00:00,2026-07-06T15:36:04+00:00,[sl 4141.40],4001,4001
57072377476,MICRO,XAUUSD,BUY,0.02,-29.92,4155.53,4155.53,2026-07-06T19:54:09+00:00,2026-07-06T19:54:09+00:00,[sl 4155.53],5001,5001
57072382649,SMC,XAUUSD,BUY,0.02,-30.0,4155.64,4155.64,2026-07-06T19:54:21+00:00,2026-07-06T19:54:21+00:00,[sl 4155.64],4001,4001
9245899811,MICRO,XAUUSD,BUY,0.07,-71.61,4061.75,4061.75,2026-07-15T04:00:01+00:00,2026-07-15T04:00:01+00:00,[sl 4061.75],5001,5001
9246565877,SMC,XAUUSD,BUY,0.07,93.59,4040.73,4040.73,2026-07-15T05:05:50+00:00,2026-07-15T05:05:50+00:00,[sl 4040.73],4001,4001
9247127604,SMC,XAUUSD,BUY,0.05,2.5,4039.49,4039.49,2026-07-15T06:04:37+00:00,2026-07-15T06:04:37+00:00,[sl 4039.49],4001,4001
9247332926,SMC,XAUUSD,BUY,0.06,40.68,4032.81,4032.81,2026-07-15T06:28:15+00:00,2026-07-15T06:28:15+00:00,[sl 4032.81],4001,4001
9248458335,SMC,XAUUSD,BUY,0.04,14.68,4027.04,4027.04,2026-07-15T08:27:09+00:00,2026-07-15T08:27:09+00:00,[sl 4027.04],4001,4001
9248505725,MICRO,XAUUSD,BUY,0.09,34.29,4024.4,4024.4,2026-07-15T08:30:20+00:00,2026-07-15T08:30:20+00:00,[sl 4024.40],5001,5001
9248528254,SMC,XAUUSD,BUY,0.06,-6.06,4027.41,4027.41,2026-07-15T08:31:43+00:00,2026-07-15T08:31:43+00:00,[sl 4027.41],4001,4001
9250566793,SMC,XAUUSD,BUY,0.06,10.32,4025.49,4025.49,2026-07-15T10:53:19+00:00,2026-07-15T10:53:19+00:00,[sl 4025.49],4001,4001
9252715812,SMC,XAUUSD,BUY,0.06,-60.0,4034.63,4034.63,2026-07-15T13:14:26+00:00,2026-07-15T13:14:26+00:00,[sl 4034.63],4001,4001
9252998943,SMC,XAUUSD,BUY,0.07,33.53,4028.82,4028.82,2026-07-15T13:29:27+00:00,2026-07-15T13:29:27+00:00,[sl 4028.82],4001,4001
9254033350,SMC,XAUUSD,BUY,0.11,-70.29,4034.83,4034.83,2026-07-15T14:39:52+00:00,2026-07-15T14:39:52+00:00,[sl 4034.83],4001,4001
9255128999,SMC,XAUUSD,BUY,0.08,-79.2,4045.49,4045.49,2026-07-15T15:30:02+00:00,2026-07-15T15:30:02+00:00,[sl 4045.49],4001,4001
9255793273,SMC,XAUUSD,SELL,0.09,38.61,4061.34,4061.34,2026-07-15T15:40:22+00:00,2026-07-15T15:40:22+00:00,[sl 4061.34],4001,4001
9256023814,SMC,XAUUSD,SELL,0.1,14.8,4061.54,4061.54,2026-07-15T15:46:55+00:00,2026-07-15T15:46:55+00:00,[sl 4061.54],4001,4001
9256042358,SMC,XAUUSD,SELL,0.1,4.2,4062.25,4062.25,2026-07-15T15:47:34+00:00,2026-07-15T15:47:34+00:00,[sl 4062.25],4001,4001
9256404210,SMC,XAUUSD,SELL,0.09,38.34,4068.04,4068.04,2026-07-15T15:59:30+00:00,2026-07-15T15:59:30+00:00,[sl 4068.04],4001,4001
9257618280,SMC,XAUUSD,SELL,0.1,14.9,4059.59,4059.59,2026-07-15T16:45:16+00:00,2026-07-15T16:45:16+00:00,[sl 4059.59],4001,4001
9260124517,SMC,XAUUSD,BUY,0.02,19.06,4050.04,4050.04,2026-07-15T18:29:30+00:00,2026-07-15T18:29:30+00:00,[sl 4050.04],4001,4001
9261683630,SMC,XAUUSD,BUY,0.02,29.22,4034.33,4034.33,2026-07-15T19:46:49+00:00,2026-07-15T19:46:49+00:00,[sl 4034.33],4001,4001
9262460943,SMC,XAUUSD,BUY,0.07,-68.74,4042.78,4042.78,2026-07-15T20:29:02+00:00,2026-07-15T20:29:02+00:00,[sl 4042.78],4001,4001
9262658132,SMC,XAUUSD,BUY,0.1,-99.3,4057.3,4057.3,2026-07-15T20:35:29+00:00,2026-07-15T20:35:29+00:00,[sl 4057.30],4001,4001
9263908470,SMC,XAUUSD,SELL,0.02,26.0,4070.27,4070.27,2026-07-15T21:40:10+00:00,2026-07-15T21:40:10+00:00,[sl 4070.27],4001,4001
9264093271,SMC,XAUUSD,SELL,0.07,-69.37,4060.81,4060.81,2026-07-15T21:57:03+00:00,2026-07-15T21:57:03+00:00,[sl 4060.81],4001,4001
9264796657,SMC,XAUUSD,BUY,0.03,8.7,4057.03,4057.03,2026-07-15T22:59:58+00:00,2026-07-15T22:59:58+00:00,[sl 4057.03],4001,4001
9265910492,SMC,XAUUSD,BUY,0.1,37.7,4057.59,4057.59,2026-07-16T03:46:28+00:00,2026-07-16T03:46:28+00:00,[sl 4057.59],4001,4001
9266160409,SMC,XAUUSD,BUY,0.04,45.84,4046.92,4046.92,2026-07-16T04:08:25+00:00,2026-07-16T04:08:25+00:00,[sl 4046.92],4001,4001
9266289030,SMC,XAUUSD,BUY,0.05,8.3,4043.9,4043.9,2026-07-16T04:21:26+00:00,2026-07-16T04:21:26+00:00,[sl 4043.90],4001,4001
9266389449,SMC,XAUUSD,BUY,0.05,21.95,4039.06,4039.06,2026-07-16T04:30:05+00:00,2026-07-16T04:30:05+00:00,[sl 4039.06],4001,4001
9266487366,MICRO,XAUUSD,BUY,0.08,-80.48,4045.62,4045.62,2026-07-16T04:40:15+00:00,2026-07-16T04:40:15+00:00,[sl 4045.62],5001,5001
9266701401,SMC,XAUUSD,BUY,0.07,22.19,4035.47,4035.47,2026-07-16T05:06:48+00:00,2026-07-16T05:06:48+00:00,[sl 4035.47],4001,4001
9267093904,MICRO,XAUUSD,BUY,0.07,37.1,4028.95,4028.95,2026-07-16T05:45:20+00:00,2026-07-16T05:45:20+00:00,[sl 4028.95],5001,5001
9268877421,SMC,XAUUSD,BUY,0.05,24.8,4029.29,4029.29,2026-07-16T09:00:12+00:00,2026-07-16T09:00:12+00:00,[sl 4029.29],4001,4001
9270212216,SMC,XAUUSD,BUY,0.11,37.62,4026.63,4026.63,2026-07-16T10:40:19+00:00,2026-07-16T10:40:19+00:00,[sl 4026.63],4001,4001
9271429634,SMC,XAUUSD,BUY,0.11,-110.0,4037.02,4037.02,2026-07-16T12:00:54+00:00,2026-07-16T12:00:54+00:00,[sl 4037.02],4001,4001
9273420723,SMC,XAUUSD,BUY,0.1,78.7,4024.0,4024.0,2026-07-16T14:27:07+00:00,2026-07-16T14:27:07+00:00,[sl 4024.00],4001,4001
9273530747,SMC,XAUUSD,BUY,0.1,-58.3,4031.01,4031.01,2026-07-16T14:36:01+00:00,2026-07-16T14:36:01+00:00,[sl 4031.01],4001,4001
9273699148,MICRO,XAUUSD,SELL,0.08,9.84,4033.89,4033.89,2026-07-16T14:44:24+00:00,2026-07-16T14:44:24+00:00,[sl 4033.89],5001,5001
9274509176,MICRO,XAUUSD,SELL,0.09,-89.91,4027.11,4027.11,2026-07-16T15:15:16+00:00,2026-07-16T15:15:16+00:00,[sl 4027.11],5001,5001
9274712852,MICRO,XAUUSD,BUY,0.09,-74.07,4025.8,4025.8,2026-07-16T15:18:37+00:00,2026-07-16T15:18:37+00:00,[sl 4025.80],5001,5001
9274718875,SMC,XAUUSD,BUY,0.1,-91.7,4026.82,4026.82,2026-07-16T15:18:46+00:00,2026-07-16T15:18:46+00:00,[sl 4026.82],4001,4001
9275792479,SMC,XAUUSD,BUY,0.02,31.54,4008.3,4008.3,2026-07-16T15:46:51+00:00,2026-07-16T15:46:51+00:00,[sl 4008.30],4001,4001
9275885077,SMC,XAUUSD,BUY,0.1,22.9,4002.63,4002.63,2026-07-16T15:49:08+00:00,2026-07-16T15:49:08+00:00,[sl 4002.63],4001,4001
9276179283,SMC,XAUUSD,BUY,0.1,40.4,3995.78,3995.78,2026-07-16T15:55:46+00:00,2026-07-16T15:55:46+00:00,[sl 3995.78],4001,4001
9276950676,SMC,XAUUSD,BUY,0.1,-95.4,3988.94,3988.94,2026-07-16T16:11:28+00:00,2026-07-16T16:11:28+00:00,[sl 3988.94],4001,4001
9277305849,SMC,XAUUSD,BUY,0.1,-102.5,3998.63,3998.63,2026-07-16T16:24:22+00:00,2026-07-16T16:24:22+00:00,[sl 3998.63],4001,4001
9278664991,SMC,XAUUSD,BUY,0.04,25.64,3992.7,3992.7,2026-07-16T17:16:41+00:00,2026-07-16T17:16:41+00:00,[sl 3992.70],4001,4001
9279313815,SMC,XAUUSD,BUY,0.11,-111.1,4005.53,4005.53,2026-07-16T17:45:01+00:00,2026-07-16T17:45:01+00:00,[sl 4005.53],4001,4001
9286003688,SMC,XAUUSD,BUY,0.04,-40.88,3993.61,3993.61,2026-07-17T04:06:24+00:00,2026-07-17T04:06:24+00:00,[sl 3993.61],4001,4001
9286639494,SMC,XAUUSD,BUY,0.05,-9.1,3983.7,3983.7,2026-07-17T05:08:32+00:00,2026-07-17T05:08:32+00:00,[sl 3983.70],4001,4001
9287120497,SMC,XAUUSD,BUY,0.02,3.2,3981.01,3981.01,2026-07-17T06:01:54+00:00,2026-07-17T06:01:54+00:00,[sl 3981.01],4001,4001
9287324648,SMC,XAUUSD,BUY,0.07,-69.86,3996.41,3996.41,2026-07-17T06:18:19+00:00,2026-07-17T06:18:19+00:00,[sl 3996.41],4001,4001
9288582768,SMC,XAUUSD,BUY,0.01,20.59,3977.21,3977.21,2026-07-17T08:16:12+00:00,2026-07-17T08:16:12+00:00,[tp 3977.21],4001,4001
9288904426,SMC,XAUUSD,BUY,0.01,-10.0,3986.69,3986.69,2026-07-17T08:40:04+00:00,2026-07-17T08:40:04+00:00,[sl 3986.69],4001,4001
9288904427,MICRO,XAUUSD,BUY,0.01,-10.0,3986.65,3986.65,2026-07-17T08:40:04+00:00,2026-07-17T08:40:04+00:00,[sl 3986.65],5001,5001
9289367284,SMC,XAUUSD,BUY,0.04,-46.68,3997.06,3997.06,2026-07-17T09:11:19+00:00,2026-07-17T09:11:19+00:00,[sl 3997.06],4001,4001
9295506037,SMC,XAUUSD,BUY,0.02,43.18,3976.06,3976.06,2026-07-17T15:41:09+00:00,2026-07-17T15:41:09+00:00,[tp 3976.06],4001,4001
9297286664,SMC,XAUUSD,BUY,0.03,1.5,3976.39,3976.39,2026-07-17T16:36:11+00:00,2026-07-17T16:36:11+00:00,[sl 3976.39],4001,4001
9297342529,MICRO,XAUUSD,BUY,0.07,-69.16,3983.44,3983.44,2026-07-17T16:37:13+00:00,2026-07-17T16:37:13+00:00,[sl 3983.44],5001,5001
9297472860,MICRO,XAUUSD,SELL,0.07,97.58,3999.7,3999.7,2026-07-17T16:39:22+00:00,2026-07-17T16:39:22+00:00,[tp 3999.70],5001,5001
9299721033,MICRO,XAUUSD,SELL,0.07,112.7,4011.07,4011.07,2026-07-17T18:04:27+00:00,2026-07-17T18:04:27+00:00,[tp 4011.07],5001,5001
9301121699,MICRO,XAUUSD,SELL,0.08,-56.0,4013.38,4013.38,2026-07-17T19:02:39+00:00,2026-07-17T19:02:39+00:00,[sl 4013.38],5001,5001
9301530914,MICRO,XAUUSD,BUY,0.08,-80.0,4023.52,4023.52,2026-07-17T19:24:33+00:00,2026-07-17T19:24:33+00:00,[sl 4023.52],5001,5001
9301531982,SMC,XAUUSD,BUY,0.06,-60.9,4023.67,4023.67,2026-07-17T19:24:34+00:00,2026-07-17T19:24:34+00:00,[sl 4023.67],4001,4001
9302363370,SMC,XAUUSD,BUY,0.07,29.82,4015.54,4015.54,2026-07-17T20:16:26+00:00,2026-07-17T20:16:26+00:00,[sl 4015.54],4001,4001
9304580288,SMC,XAUUSD,BUY,0.01,-9.95,4025.14,4025.14,2026-07-20T01:00:03+00:00,2026-07-20T01:00:03+00:00,[sl 4025.14],4001,4001
9307707101,MICRO,XAUUSD,BUY,0.01,-9.99,4014.5,4014.5,2026-07-20T05:42:20+00:00,2026-07-20T05:42:20+00:00,[sl 4014.50],5001,5001
9307710048,SMC,XAUUSD,BUY,0.01,-10.06,4014.87,4014.87,2026-07-20T05:42:27+00:00,2026-07-20T05:42:27+00:00,[sl 4014.87],4001,4001
9307816069,SMC,XAUUSD,BUY,0.01,-10.0,4024.69,4024.69,2026-07-20T05:48:49+00:00,2026-07-20T05:48:49+00:00,[sl 4024.69],4001,4001
9310008676,SMC,XAUUSD,BUY,0.02,29.48,4010.81,4010.81,2026-07-20T08:56:43+00:00,2026-07-20T08:56:43+00:00,[sl 4010.81],4001,4001
9311227925,SMC,XAUUSD,BUY,0.04,14.48,4005.73,4005.73,2026-07-20T10:22:22+00:00,2026-07-20T10:22:22+00:00,[sl 4005.73],4001,4001
9311569266,SMC,XAUUSD,BUY,0.02,-20.0,4016.2,4016.2,2026-07-20T10:36:04+00:00,2026-07-20T10:36:04+00:00,[sl 4016.20],4001,4001
9312687143,MICRO,XAUUSD,SELL,0.03,15.3,4022.56,4022.56,2026-07-20T11:29:00+00:00,2026-07-20T11:29:00+00:00,[sl 4022.56],5001,5001
9315500067,SMC,XAUUSD,BUY,0.05,-50.2,4031.25,4031.25,2026-07-20T14:30:33+00:00,2026-07-20T14:30:33+00:00,[sl 4031.25],4001,4001
9316356637,MICRO,XAUUSD,SELL,0.01,-10.07,4023.19,4023.19,2026-07-20T15:00:10+00:00,2026-07-20T15:00:10+00:00,[sl 4023.19],5001,5001
9317685739,SMC,XAUUSD,BUY,0.04,17.88,4015.43,4015.43,2026-07-20T15:47:07+00:00,2026-07-20T15:47:07+00:00,[sl 4015.43],4001,4001
9320277241,SMC,XAUUSD,BUY,0.04,28.92,4006.89,4006.89,2026-07-20T17:29:53+00:00,2026-07-20T17:29:53+00:00,[sl 4006.89],4001,4001
9320744111,MICRO,XAUUSD,BUY,0.07,-84.91,4013.43,4013.43,2026-07-20T17:49:44+00:00,2026-07-20T17:49:44+00:00,[sl 4013.43],5001,5001
9325887375,SMC,XAUUSD,SELL,0.05,-49.55,4001.33,4001.33,2026-07-21T01:50:06+00:00,2026-07-21T01:50:06+00:00,[sl 4001.33],4001,4001
9325896116,MICRO,XAUUSD,SELL,0.06,-59.94,4000.31,4000.31,2026-07-21T01:50:43+00:00,2026-07-21T01:50:43+00:00,[sl 4000.31],5001,5001
9327346945,MICRO,XAUUSD,SELL,0.03,7.2,4027.35,4027.35,2026-07-21T04:37:59+00:00,2026-07-21T04:37:59+00:00,[sl 4027.35],5001,5001
9330214238,SMC,XAUUSD,SELL,0.01,22.0,4067.83,4067.83,2026-07-21T08:47:00+00:00,2026-07-21T08:47:00+00:00,[tp 4067.83],4001,4001
9332849700,SMC,XAUUSD,SELL,0.02,-20.0,4062.9,4062.9,2026-07-21T11:29:20+00:00,2026-07-21T11:29:20+00:00,[sl 4062.90],4001,4001
9335229900,SMC,XAUUSD,SELL,0.05,-50.0,4056.79,4056.79,2026-07-21T14:04:31+00:00,2026-07-21T14:04:31+00:00,[sl 4056.79],4001,4001
9335231932,MICRO,XAUUSD,SELL,0.03,-30.0,4056.61,4056.61,2026-07-21T14:04:34+00:00,2026-07-21T14:04:34+00:00,[sl 4056.61],5001,5001
9338090498,MICRO,XAUUSD,SELL,0.02,-20.0,4049.61,4049.61,2026-07-21T16:31:30+00:00,2026-07-21T16:31:30+00:00,[sl 4049.61],5001,5001
9338095675,SMC,XAUUSD,SELL,0.01,-10.0,4049.4,4049.4,2026-07-21T16:31:36+00:00,2026-07-21T16:31:36+00:00,[sl 4049.40],4001,4001
9339142709,MICRO,XAUUSD,BUY,0.02,-19.16,4060.47,4060.47,2026-07-21T17:11:01+00:00,2026-07-21T17:11:01+00:00,[sl 4060.47],5001,5001
9343018202,MICRO,XAUUSD,SELL,0.02,-20.34,4067.23,4067.23,2026-07-21T20:41:07+00:00,2026-07-21T20:41:07+00:00,[sl 4067.23],5001,5001
9343917614,SMC,XAUUSD,SELL,0.05,20.3,4080.35,4080.35,2026-07-21T21:48:05+00:00,2026-07-21T21:48:05+00:00,[sl 4080.35],4001,4001
9345652446,MICRO,XAUUSD,BUY,0.02,-20.0,4092.92,4092.92,2026-07-22T03:14:40+00:00,2026-07-22T03:14:40+00:00,[sl 4092.92],5001,5001
9345992255,SMC,XAUUSD,SELL,0.07,3.5,4093.38,4093.38,2026-07-22T03:40:00+00:00,2026-07-22T03:40:00+00:00,[sl 4093.38],4001,4001
9346380380,SMC,XAUUSD,SELL,0.02,44.04,4115.3,4115.3,2026-07-22T04:06:16+00:00,2026-07-22T04:06:16+00:00,[tp 4115.30],4001,4001
9346576361,MICRO,XAUUSD,SELL,0.02,1.0,4115.27,4115.27,2026-07-22T04:16:54+00:00,2026-07-22T04:16:54+00:00,[sl 4115.27],5001,5001
9347748323,SMC,XAUUSD,SELL,0.01,21.01,4135.91,4135.91,2026-07-22T06:06:17+00:00,2026-07-22T06:06:17+00:00,[tp 4135.91],4001,4001
9348390647,SMC,XAUUSD,SELL,0.04,-39.6,4126.8,4126.8,2026-07-22T07:04:03+00:00,2026-07-22T07:04:03+00:00,[sl 4126.80],4001,4001
9348391193,MICRO,XAUUSD,SELL,0.02,-20.0,4126.7,4126.7,2026-07-22T07:04:05+00:00,2026-07-22T07:04:05+00:00,[sl 4126.70],5001,5001
9349990133,MICRO,XAUUSD,SELL,0.01,-10.0,4118.91,4118.91,2026-07-22T09:26:47+00:00,2026-07-22T09:26:47+00:00,[sl 4118.91],5001,5001
9349992603,SMC,XAUUSD,SELL,0.01,-10.03,4118.54,4118.54,2026-07-22T09:26:51+00:00,2026-07-22T09:26:51+00:00,[sl 4118.54],4001,4001
9351465104,SMC,XAUUSD,SELL,0.05,-50.25,4109.56,4109.56,2026-07-22T10:58:38+00:00,2026-07-22T10:58:38+00:00,[sl 4109.56],4001,4001
9356039865,MICRO,XAUUSD,SELL,0.02,-12.62,4123.0,4123.0,2026-07-22T15:46:43+00:00,2026-07-22T15:46:43+00:00,[sl 4123.00],5001,5001
9356192962,SMC,XAUUSD,SELL,0.03,-29.97,4118.3,4118.3,2026-07-22T15:51:32+00:00,2026-07-22T15:51:32+00:00,[sl 4118.30],4001,4001
9357276856,MICRO,XAUUSD,SELL,0.02,32.0,4140.13,4140.13,2026-07-22T16:31:30+00:00,2026-07-22T16:31:30+00:00,[tp 4140.13],5001,5001
9358871063,SMC,XAUUSD,SELL,0.02,15.54,4150.95,4150.95,2026-07-22T17:17:07+00:00,2026-07-22T17:17:07+00:00,[sl 4150.95],4001,4001
9360412913,SMC,XAUUSD,SELL,0.03,21.57,4157.59,4157.59,2026-07-22T18:28:21+00:00,2026-07-22T18:28:21+00:00,[sl 4157.59],4001,4001
9362644594,MICRO,XAUUSD,SELL,0.03,-30.0,4140.3,4140.3,2026-07-22T20:38:55+00:00,2026-07-22T20:38:55+00:00,[sl 4140.30],5001,5001
9363238746,SMC,XAUUSD,SELL,0.07,-70.0,4136.06,4136.06,2026-07-22T21:22:31+00:00,2026-07-22T21:22:31+00:00,[sl 4136.06],4001,4001
9363853981,MICRO,XAUUSD,SELL,0.03,-30.0,4131.84,4131.84,2026-07-22T22:21:32+00:00,2026-07-22T22:21:32+00:00,[sl 4131.84],5001,5001
9364503131,MICRO,XAUUSD,BUY,0.02,-19.96,4142.29,4142.29,2026-07-23T01:00:21+00:00,2026-07-23T01:00:21+00:00,[sl 4142.29],5001,5001
9366216028,SMC,XAUUSD,SELL,0.01,-9.98,4127.55,4127.55,2026-07-23T04:36:44+00:00,2026-07-23T04:36:44+00:00,[sl 4127.55],4001,4001
9366324365,MICRO,XAUUSD,SELL,0.02,-20.0,4122.05,4122.05,2026-07-23T04:44:59+00:00,2026-07-23T04:44:59+00:00,[sl 4122.05],5001,5001
9366950403,MICRO,XAUUSD,BUY,0.01,-9.89,4125.72,4125.72,2026-07-23T05:46:52+00:00,2026-07-23T05:46:52+00:00,[sl 4125.72],5001,5001
